0.0316069 0.0395031 -0.0298765 0.00229818 -0.0468315 0.00118809 -0.0208249 -0.0429931 -0.00129008 0.0193158 -0.023688 0.0383896 0.127034 -0.0496137 0.120076 -0.123567 1.63771 -0.0848584 -0.487895 -0.173831 -0.612663 -0.03197 0.0338511 -0.743032 -1.54347 0.00283146 -0.309758 -0.0504282 -0.0905347 
0.0316069 0.0394975 -0.0298765 0.00229818 -0.0468341 0.0011929 -0.0208249 -0.0429903 -0.00129008 0.0193158 -0.023688 0.0383896 0.127034 -0.0496125 0.120077 -0.123567 1.63771 -0.0848582 -0.487895 -0.173831 -0.612663 -0.03197 0.0338526 -0.743033 -1.54347 0.00283146 -0.309759 -0.0504317 -0.0907418 
0.0316095 0.0394948 -0.0298765 0.00229818 -0.0468341 0.0011929 -0.0208197 -0.0429931 -0.00129008 0.0193158 -0.023688 0.0383896 0.127034 -0.0496125 0.120076 -0.123566 1.63771 -0.0848584 -0.487895 -0.173831 -0.612663 -0.03197 0.0338511 -0.743031 -1.54347 0.00283217 -0.309758 -0.0504282 -0.0910349 
0.0316126 0.0394948 -0.0298765 0.00229818 -0.0468341 0.0011929 -0.0208197 -0.0429931 -0.00129008 0.0193158 -0.023688 0.0383896 0.127034 -0.0496118 0.120077 -0.123567 1.63771 -0.0848584 -0.487895 -0.173831 -0.612663 -0.03197 0.0338511 -0.743031 -1.54347 0.00283146 -0.309758 -0.0504305 -0.091266 
0.0316153 0.0394948 -0.0298765 0.00229818 -0.0468341 0.0011929 -0.0208197 -0.0429847 -0.00129008 0.0193158 -0.023688 0.0383896 0.127034 -0.0496125 0.120077 -0.123566 1.63771 -0.0848584 -0.487896 -0.173831 -0.612663 -0.03197 0.0338511 -0.743031 -1.54347 0.00283217 -0.309758 -0.0504317 -0.0915604 
0.0316153 0.0394948 -0.029871 0.00229818 -0.0468341 0.0011929 -0.0208168 -0.0429931 -0.00129008 0.0193158 -0.023688 0.0383896 0.127034 -0.0496118 0.120077 -0.123566 1.63771 -0.0848584 -0.487895 -0.173831 -0.612664 -0.03197 0.0338511 -0.743031 -1.54347 0.00283146 -0.309758 -0.0504282 -0.0917925 
0.0316153 0.039489 -0.0298765 0.00229818 -0.0468341 0.0011929 -0.0208168 -0.0429958 -0.00129008 0.0193158 -0.023688 0.0383896 0.127034 -0.0496125 0.120077 -0.123566 1.63771 -0.0848584 -0.487895 -0.173831 -0.612663 -0.03197 0.0338511 -0.743031 -1.54347 0.00283146 -0.309759 -0.0504317 -0.0919876 
0.0316153 0.0394864 -0.0298765 0.00229818 -0.0468341 0.0011929 -0.0208139 -0.0429987 -0.00129008 0.0193158 -0.023688 0.0383896 0.127034 -0.0496113 0.120076 -0.123566 1.63771 -0.0848584 -0.487895 -0.17383 -0.612663 -0.0319705 0.0338511 -0.743031 -1.54347 0.00283146 -0.309758 -0.0504282 -0.0920725 
0.0316236 0.0394864 -0.029871 0.00229818 -0.0468341 0.0011929 -0.0208139 -0.0429903 -0.00129008 0.0193158 -0.023688 0.0383896 0.127034 -0.0496125 0.120076 -0.123566 1.63771 -0.0848584 -0.487895 -0.173832 -0.612663 -0.03197 0.0338511 -0.743031 -1.54347 0.00283146 -0.309758 -0.0504317 -0.0921503 
0.0316236 0.039489 -0.029871 0.00229818 -0.0468341 0.0011929 -0.0208139 -0.0429987 -0.00129008 0.0193158 -0.023688 0.0383896 0.127034 -0.0496113 0.120076 -0.123566 1.63771 -0.0848596 -0.487895 -0.173831 -0.612662 -0.03197 0.0338526 -0.743031 -1.54347 0.00283217 -0.309758 -0.0504317 -0.0921456 
0.0316236 0.039489 -0.0298765 0.00229818 -0.0468341 0.0011929 -0.0208139 -0.0429987 -0.00129008 0.0193158 -0.023688 0.0383896 0.127034 -0.0496118 0.120076 -0.123566 1.63771 -0.0848584 -0.487895 -0.173831 -0.612663 -0.0319705 0.0338526 -0.743032 -1.54347 0.00283146 -0.309758 -0.0504353 -0.0921503 
0.0316207 0.0394948 -0.0298765 0.00229818 -0.0468341 0.0011929 -0.0208168 -0.0429987 -0.00129008 0.0193158 -0.023688 0.0383896 0.127034 -0.0496137 0.120076 -0.123566 1.63771 -0.0848584 -0.487895 -0.173831 -0.612663 -0.03197 0.0338526 -0.743032 -1.54347 0.00283217 -0.309759 -0.0504377 -0.0921288 
0.0316207 0.0394948 -0.0298765 0.00229818 -0.0468341 0.0011929 -0.0208197 -0.0429987 -0.00129008 0.0193158 -0.023688 0.0383896 0.127034 -0.0496118 0.120077 -0.123567 1.63771 -0.0848582 -0.487895 -0.173831 -0.612663 -0.03197 0.0338526 -0.743032 -1.54347 0.00283217 -0.309758 -0.050439 -0.0920977 
0.0316153 0.0395001 -0.0298765 0.00229818 -0.0468341 0.0011929 -0.0208197 -0.0429987 -0.00129008 0.0193158 -0.023688 0.0383896 0.127034 -0.0496125 0.120076 -0.123567 1.63771 -0.0848584 -0.487896 -0.173831 -0.612663 -0.03197 0.0338511 -0.743032 -1.54347 0.00283217 -0.309758 -0.0504413 -0.0920559 
0.0316069 0.0395001 -0.0298765 0.00229818 -0.0468341 0.0011929 -0.0208249 -0.0429987 -0.00129008 0.0193158 -0.023688 0.0383896 0.127034 -0.0496118 0.120077 -0.123566 1.63771 -0.0848582 -0.487896 -0.173831 -0.612663 -0.0319705 0.0338511 -0.743032 -1.54347 0.00283217 -0.309758 -0.0504413 -0.0919708 
0.0315957 0.0395001 -0.0298765 0.00229818 -0.0468341 0.0011929 -0.0208249 -0.0429903 -0.00129008 0.0193158 -0.023688 0.0383896 0.127034 -0.0496118 0.120076 -0.123566 1.63771 -0.0848584 -0.487895 -0.173832 -0.612663 -0.0319705 0.0338511 -0.743032 -1.54347 0.00283277 -0.309758 -0.050445 -0.0917686 
0.0315931 0.0395031 -0.0298765 0.00229818 -0.0468315 0.00118809 -0.0208306 -0.0429903 -0.00129008 0.0193158 -0.023688 0.0383896 0.127034 -0.0496118 0.120077 -0.123567 1.63771 -0.0848584 -0.487895 -0.17383 -0.612663 -0.03197 0.0338511 -0.743031 -1.54347 0.00283217 -0.309758 -0.0504496 -0.0916561 
0.0315847 0.0395031 -0.0298765 0.00229818 -0.0468315 0.00118809 -0.0208333 -0.0429903 -0.00129008 0.0193158 -0.023688 0.0383896 0.127034 -0.0496118 0.120077 -0.123567 1.63771 -0.0848582 -0.487895 -0.173831 -0.612663 -0.0319705 0.0338511 -0.743031 -1.54347 0.00283146 -0.309758 -0.050464 -0.0914215 
0.0315819 0.0395031 -0.0298765 0.00229818 -0.0468315 0.00118809 -0.0208333 -0.0429903 -0.00129008 0.0193158 -0.023688 0.0383896 0.127034 -0.0496118 0.120077 -0.123566 1.63771 -0.0848582 -0.487896 -0.173831 -0.612663 -0.03197 0.0338511 -0.743032 -1.54347 0.00283146 -0.309758 -0.0505036 -0.0913281 
0.0315764 0.0395031 -0.0298765 0.00229818 -0.0468315 0.00118809 -0.0208333 -0.0429903 -0.00129008 0.0193158 -0.023688 0.0383896 0.127034 -0.0496125 0.120076 -0.123566 1.63771 -0.0848584 -0.487896 -0.173831 -0.612663 -0.03197 0.0338511 -0.743033 -1.54347 0.00283217 -0.309758 -0.0505861 -0.0912181 
0.0315819 0.0395031 -0.0298765 0.00229818 -0.0468315 0.00118809 -0.0208333 -0.0429931 -0.00129008 0.0193158 -0.023688 0.0383896 0.127034 -0.0496113 0.120077 -0.123565 1.63771 -0.0848584 -0.487895 -0.173832 -0.612663 -0.0319705 0.0338511 -0.743033 -1.54347 0.00283039 -0.309759 -0.0506854 -0.0911869 
0.0315847 0.0395113 -0.0298765 0.00229818 -0.0468315 0.00118809 -0.020828 -0.0429931 -0.00129008 0.0193158 -0.023688 0.0383896 0.127034 -0.0496113 0.120076 -0.123567 1.63771 -0.0848565 -0.487896 -0.173831 -0.612663 -0.03197 0.0338511 -0.743032 -1.54347 0.00283217 -0.309758 -0.0508146 -0.0911726 
0.0315931 0.0395142 -0.0298765 0.00229818 -0.0468315 0.00118809 -0.0208249 -0.0429903 -0.00129008 0.0193158 -0.023688 0.0383896 0.127034 -0.0496118 0.120076 -0.123566 1.63771 -0.0848584 -0.487895 -0.173831 -0.612663 -0.0319705 0.0338511 -0.743033 -1.54347 0.00283217 -0.309759 -0.0508996 -0.0911558 
0.0315931 0.0395113 -0.0298765 0.00229818 -0.0468315 0.00118809 -0.0208249 -0.0429903 -0.00129008 0.0193158 -0.023688 0.0383896 0.127034 -0.0496125 0.120077 -0.123567 1.63771 -0.0848584 -0.487895 -0.17383 -0.612662 -0.0319705 0.0338511 -0.743034 -1.54347 0.00283277 -0.309758 -0.0509319 -0.0911283 
0.0315957 0.0395113 -0.0298765 0.00229818 -0.0468315 0.00118809 -0.0208249 -0.0429903 -0.00129008 0.0193158 -0.023688 0.0383896 0.127034 -0.0496118 0.120077 -0.123567 1.63771 -0.0848584 -0.487895 -0.173831 -0.612663 -0.03197 0.0338502 -0.743034 -1.54347 0.00283146 -0.309758 -0.0509356 -0.0910924 
0.0315957 0.0395086 -0.0298765 0.00229818 -0.0468315 0.00118809 -0.0208249 -0.0429847 -0.00129008 0.0193158 -0.023688 0.0383896 0.127034 -0.0496118 0.120076 -0.123566 1.63771 -0.0848584 -0.487895 -0.17383 -0.612663 -0.0319705 0.0338511 -0.743032 -1.54347 0.00283277 -0.309758 -0.0509392 -0.0910553 
0.0315957 0.0395031 -0.0298765 0.00229818 -0.0468315 0.00118809 -0.0208249 -0.0429847 -0.00129294 0.0193158 -0.023688 0.0383896 0.127034 -0.0496118 0.120076 -0.123566 1.63771 -0.0848584 -0.487895 -0.173831 -0.612662 -0.03197 0.0338511 -0.743032 -1.54347 0.00283146 -0.309758 -0.0509403 -0.0910373 
0.0315931 0.0395031 -0.0298765 0.00229818 -0.0468315 0.00118809 -0.020828 -0.0429903 -0.00129008 0.0193158 -0.023688 0.0383896 0.127034 -0.0496125 0.120077 -0.123566 1.63771 -0.0848584 -0.487895 -0.173831 -0.612663 -0.0319705 0.0338511 -0.743033 -1.54347 0.00283217 -0.309759 -0.0509487 -0.0910349 
0.0315931 0.0395031 -0.0298765 0.00229818 -0.0468315 0.00118809 -0.020828 -0.0429931 -0.00129008 0.0193158 -0.023688 0.0383896 0.127034 -0.0496118 0.120076 -0.123566 1.63771 -0.0848584 -0.487895 -0.173831 -0.612663 -0.03197 0.0338511 -0.743033 -1.54347 0.00283146 -0.309758 -0.0509547 -0.0910326 
0.0315931 0.0395031 -0.0298765 0.00229818 -0.0468315 0.00118809 -0.020828 -0.0429903 -0.00129008 0.0193158 -0.023688 0.0383896 0.127034 -0.0496113 0.120077 -0.123567 1.63771 -0.0848582 -0.487895 -0.173831 -0.612663 -0.03197 0.0338502 -0.743034 -1.54347 0.00283217 -0.309758 -0.0509715 -0.0910386 
0.0315957 0.0395031 -0.0298765 0.00229818 -0.0468315 0.00118809 -0.0208249 -0.0429958 -0.00129008 0.0193158 -0.023688 0.0383896 0.127034 -0.0496125 0.120077 -0.123566 1.63771 -0.0848584 -0.487895 -0.173831 -0.612662 -0.03197 0.033849 -0.743034 -1.54347 0.00283277 -0.309758 -0.0509943 -0.0910493 
0.0316095 0.0395031 -0.0298765 0.00229818 -0.0468315 0.00118809 -0.0208197 -0.0429958 -0.00129008 0.0193158 -0.023688 0.0383896 0.127034 -0.0496118 0.120077 -0.123567 1.63771 -0.0848584 -0.487895 -0.173831 -0.612662 -0.0319705 0.033849 -0.743034 -1.54347 0.00283217 -0.309758 -0.051029 -0.0910541 
0.0316153 0.0395031 -0.0298765 0.00229818 -0.0468341 0.0011929 -0.0208168 -0.0429958 -0.00129008 0.0193158 -0.023688 0.0383896 0.127034 -0.0496118 0.120076 -0.123566 1.63771 -0.0848584 -0.487895 -0.173831 -0.612662 -0.0319705 0.033849 -0.743033 -1.54347 0.00283217 -0.309758 -0.0510876 -0.0910577 
0.0316207 0.0395031 -0.0298765 0.00229818 -0.0468354 0.00119531 -0.0208168 -0.0429987 -0.00129294 0.0193158 -0.023688 0.0383896 0.127034 -0.0496118 0.120077 -0.123566 1.63771 -0.0848582 -0.487895 -0.173831 -0.612663 -0.0319715 0.0338483 -0.743034 -1.54347 0.00283039 -0.309758 -0.0511929 -0.0910553 
0.0316207 0.0395031 -0.0298765 0.00229818 -0.0468354 0.00119531 -0.0208139 -0.0429987 -0.00129294 0.0193158 -0.023688 0.0383896 0.127034 -0.0496113 0.120077 -0.123566 1.63771 -0.0848584 -0.487896 -0.173831 -0.612662 -0.0319715 0.0338483 -0.743034 -1.54347 0.00283277 -0.309758 -0.0513628 -0.0910493 
0.0316207 0.0395031 -0.0298765 0.00229818 -0.0468354 0.00119531 -0.0208139 -0.0429958 -0.00129294 0.0193158 -0.023688 0.0383896 0.127034 -0.0496118 0.120077 -0.123566 1.63771 -0.0848584 -0.487895 -0.173831 -0.612663 -0.0319705 0.033849 -0.743034 -1.54347 0.00283217 -0.309759 -0.0515531 -0.0910409 
0.0316095 0.0395001 -0.0298765 0.00229818 -0.0468354 0.00119531 -0.0208197 -0.0429987 -0.00129294 0.0193158 -0.023688 0.0383896 0.127034 -0.0496113 0.120076 -0.123566 1.63771 -0.0848584 -0.487895 -0.173831 -0.612663 -0.0319705 0.0338502 -0.743034 -1.54347 0.00283217 -0.309758 -0.0517662 -0.0910314 
0.0316014 0.0395031 -0.0298765 0.00229818 -0.0468341 0.0011929 -0.0208249 -0.0429765 -0.00129294 0.0193158 -0.023688 0.0383896 0.127034 -0.0496125 0.120076 -0.123566 1.63771 -0.0848584 -0.487895 -0.173831 -0.612663 -0.0319705 0.0338502 -0.743034 -1.54347 0.00283146 -0.309758 -0.0519311 -0.0910146 
0.0315847 0.0395031 -0.0298765 0.00229818 -0.0468341 0.0011929 -0.0208333 -0.0429903 -0.00129294 0.0193158 -0.023688 0.0383896 0.127034 -0.0496113 0.120076 -0.123567 1.63771 -0.0848584 -0.487895 -0.173831 -0.612663 -0.0319705 0.0338502 -0.743033 -1.54347 0.00283146 -0.309759 -0.0520736 -0.0909787 
0.0315681 0.0395113 -0.0298765 0.00229818 -0.0468341 0.0011929 -0.0208333 -0.0429931 -0.00129294 0.0193158 -0.023688 0.0383896 0.127032 -0.0496118 0.120076 -0.123567 1.63771 -0.0848584 -0.487895 -0.173831 -0.612663 -0.0319705 0.0338511 -0.743034 -1.54347 0.00283277 -0.309759 -0.0521586 -0.0909105 
0.0315568 0.0395169 -0.0298765 0.00229818 -0.0468315 0.00118809 -0.0208333 -0.0429931 -0.00129008 0.0193158 -0.023688 0.0383896 0.127034 -0.0496118 0.120076 -0.123566 1.63771 -0.0848584 -0.487895 -0.173831 -0.612663 -0.0319705 0.0338502 -0.743034 -1.54347 0.00283217 -0.309758 -0.0522017 -0.0907022 
0.0315542 0.0395169 -0.0298765 0.00229818 -0.0468315 0.00118809 -0.020839 -0.0429931 -0.00129294 0.0193158 -0.023688 0.0383896 0.127034 -0.0496118 0.120076 -0.123567 1.63771 -0.0848582 -0.487895 -0.173831 -0.612663 -0.0319715 0.0338511 -0.743033 -1.54347 0.00283277 -0.309758 -0.0522233 -0.0904007 
0.0315487 0.0395169 -0.0298765 0.00229818 -0.0468315 0.00118809 -0.020839 -0.0429931 -0.00129008 0.0193158 -0.023688 0.0383896 0.127034 -0.0496118 0.120077 -0.123566 1.63771 -0.0848582 -0.487895 -0.173831 -0.612663 -0.0319705 0.0338502 -0.743032 -1.54347 0.00283146 -0.309758 -0.0522305 -0.0899974 
0.0315487 0.0395224 -0.0298765 0.00229818 -0.0468315 0.00118809 -0.020839 -0.0429931 -0.00129294 0.0193158 -0.023688 0.0383896 0.127032 -0.0496125 0.120076 -0.123566 1.63771 -0.0848584 -0.487895 -0.173832 -0.612663 -0.0319705 0.0338502 -0.743032 -1.54347 0.00283277 -0.309758 -0.0522377 -0.0894037 
0.0315487 0.0395224 -0.0298765 0.00229818 -0.0468315 0.00118809 -0.020839 -0.0429903 -0.00129294 0.0193158 -0.023688 0.0383896 0.127034 -0.0496118 0.120077 -0.123567 1.63771 -0.0848584 -0.487895 -0.173832 -0.612663 -0.0319705 0.0338511 -0.743033 -1.54347 0.00283146 -0.309758 -0.0522424 -0.0887683 
0.0315459 0.0395224 -0.0298765 0.00229818 -0.0468328 0.00118089 -0.0208418 -0.0429847 -0.00129294 0.0193158 -0.023688 0.0383896 0.127034 -0.0496118 0.120076 -0.123567 1.63771 -0.0848584 -0.487896 -0.173831 -0.612663 -0.0319705 0.0338502 -0.743032 -1.54347 0.00283146 -0.309758 -0.0522532 -0.088043 
0.0315459 0.0395253 -0.0298765 0.00229818 -0.0468328 0.00118089 -0.0208418 -0.0429847 -0.00129294 0.0193158 -0.023688 0.0383896 0.127034 -0.0496118 0.120076 -0.123567 1.63771 -0.0848584 -0.487896 -0.173831 -0.612663 -0.0319705 0.0338511 -0.743034 -1.54347 0.00283146 -0.309758 -0.0522592 -0.0872532 
0.0315459 0.0395253 -0.0298765 0.00229818 -0.0468328 0.00118089 -0.0208418 -0.0429847 -0.00129294 0.0193158 -0.023688 0.0383896 0.127034 -0.0496118 0.120077 -0.123566 1.63771 -0.0848584 -0.487895 -0.173831 -0.612663 -0.0319705 0.0338511 -0.743033 -1.54347 0.00283146 -0.309758 -0.0522603 -0.0862551 
0.0315459 0.0395253 -0.0298765 0.00229818 -0.0468328 0.00118089 -0.0208418 -0.0429847 -0.00129294 0.0193158 -0.023688 0.0383896 0.127034 -0.0496118 0.120076 -0.123567 1.63771 -0.0848584 -0.487895 -0.173831 -0.612663 -0.0319705 0.0338511 -0.743034 -1.54347 0.00283146 -0.309758 -0.0522711 -0.085215 
0.0315459 0.0395253 -0.0298765 0.00229818 -0.0468328 0.00118089 -0.020839 -0.0429847 -0.00129294 0.0193158 -0.023688 0.0383896 0.127034 -0.0496125 0.120076 -0.123566 1.63771 -0.0848572 -0.487895 -0.17383 -0.612663 -0.0319705 0.0338511 -0.743033 -1.54347 0.00283217 -0.309758 -0.0522796 -0.084053 
0.0315542 0.0395169 -0.0298765 0.00229818 -0.0468302 0.00118568 -0.0208333 -0.0429903 -0.00129294 0.0193158 -0.023688 0.0383896 0.127034 -0.0496125 0.120076 -0.123567 1.63771 -0.0848596 -0.487895 -0.173831 -0.612662 -0.0319705 0.0338502 -0.743032 -1.54347 0.00283217 -0.309758 -0.052307 -0.0826864 
0.0315597 0.0395169 -0.0298765 0.00229818 -0.0468289 0.00118808 -0.0208333 -0.0429903 -0.00129294 0.0193158 -0.023688 0.0383896 0.127034 -0.0496113 0.120077 -0.123566 1.63771 -0.0848584 -0.487896 -0.173831 -0.612663 -0.0319705 0.0338511 -0.743032 -1.54347 0.00283146 -0.309758 -0.052343 -0.0815231 
0.0315709 0.0395169 -0.0298765 0.00229818 -0.0468302 0.00119049 -0.020828 -0.0429987 -0.00129294 0.0193158 -0.023688 0.0383896 0.127034 -0.0496118 0.120076 -0.123567 1.63771 -0.0848584 -0.487895 -0.173831 -0.612663 -0.0319722 0.0338502 -0.743033 -1.54347 0.00283277 -0.309758 -0.052398 -0.0804005 
0.0315819 0.0395113 -0.0298765 0.00229818 -0.0468302 0.00119049 -0.0208249 -0.0429987 -0.00129008 0.0193158 -0.023688 0.0383896 0.127034 -0.0496118 0.120076 -0.123566 1.63771 -0.0848584 -0.487895 -0.173832 -0.612664 -0.0319722 0.0338502 -0.743034 -1.54347 0.00283146 -0.309758 -0.0524291 -0.0792504 
0.0315957 0.0395031 -0.0298765 0.00229818 -0.0468302 0.00119049 -0.0208249 -0.0429987 -0.00129008 0.0193158 -0.023688 0.0383896 0.127034 -0.0496125 0.120076 -0.123567 1.63771 -0.0848582 -0.487896 -0.173831 -0.612664 -0.0319722 0.0338502 -0.743034 -1.54347 0.00283277 -0.309758 -0.0524435 -0.0782271 
0.0316069 0.0395031 -0.0298765 0.00229818 -0.0468328 0.0011953 -0.0208249 -0.0429958 -0.00129008 0.0193158 -0.023688 0.0383896 0.127034 -0.0496125 0.120077 -0.123567 1.63771 -0.0848582 -0.487895 -0.173831 -0.612664 -0.0319722 0.0338511 -0.743034 -1.54347 0.00283039 -0.309758 -0.0524518 -0.0771692 
0.0316207 0.0395001 -0.0298765 0.00229818 -0.0468328 0.0011953 -0.0208197 -0.0429958 -0.00129008 0.0193158 -0.023688 0.0383896 0.127032 -0.0496125 0.120076 -0.123566 1.63771 -0.0848584 -0.487895 -0.173832 -0.612664 -0.0319715 0.0338502 -0.743034 -1.54346 0.00283146 -0.309758 -0.0524459 -0.0763506 
0.0316262 0.0395001 -0.0298765 0.00229818 -0.0468328 0.0011953 -0.0208168 -0.0429931 -0.00129008 0.0193158 -0.023688 0.0383896 0.127034 -0.0496137 0.120077 -0.123567 1.63771 -0.0848572 -0.487895 -0.173831 -0.612664 -0.0319722 0.0338502 -0.743034 -1.54347 0.00283217 -0.309758 -0.0524518 -0.0756146 
0.0316262 0.039489 -0.0298765 0.00229818 -0.0468328 0.0011953 -0.0208168 -0.0429931 -0.00129008 0.0193158 -0.023688 0.0383896 0.127034 -0.0496113 0.120075 -0.123567 1.63771 -0.0848584 -0.487896 -0.173831 -0.612663 -0.0319722 0.033849 -0.743036 -1.54347 0.00283217 -0.309758 -0.0524495 -0.0748212 
0.0316291 0.039489 -0.0298765 0.00229818 -0.0468341 0.00119771 -0.0208168 -0.0429931 -0.00129008 0.0193158 -0.023688 0.0383896 0.127034 -0.0496118 0.120077 -0.123567 1.63771 -0.0848582 -0.487896 -0.173832 -0.612664 -0.0319734 0.0338483 -0.743035 -1.54347 0.00283277 -0.309759 -0.0524446 -0.0741031 
0.0316262 0.039489 -0.0298765 0.00229818 -0.0468341 0.00119771 -0.0208168 -0.0429958 -0.00129008 0.0193158 -0.023688 0.0383896 0.127032 -0.0496118 0.120077 -0.123566 1.63771 -0.0848584 -0.487895 -0.173831 -0.612664 -0.0319734 0.033849 -0.743035 -1.54347 0.00283217 -0.309758 -0.0524518 -0.0734903 
0.0316291 0.039489 -0.0298765 0.00229818 -0.0468341 0.00119771 -0.0208168 -0.0429931 -0.00129008 0.0193158 -0.023688 0.0383896 0.127034 -0.0496118 0.120077 -0.123567 1.63771 -0.0848582 -0.487895 -0.173831 -0.612664 -0.0319734 0.0338483 -0.743035 -1.54347 0.00283146 -0.309758 -0.0524518 -0.0728333 
0.0316262 0.039489 -0.0298765 0.00229818 -0.0468341 0.00119771 -0.0208197 -0.0429931 -0.00129294 0.0193158 -0.023688 0.0383896 0.127032 -0.0496118 0.120076 -0.123567 1.63771 -0.0848584 -0.487895 -0.173832 -0.612664 -0.0319734 0.0338483 -0.743034 -1.54347 0.00283146 -0.309758 -0.0524603 -0.0723929 
0.0316262 0.039489 -0.0298765 0.00229818 -0.0468341 0.00119771 -0.0208168 -0.0429931 -0.00129008 0.0193158 -0.023688 0.0383896 0.127032 -0.0496113 0.120076 -0.123566 1.63771 -0.0848584 -0.487895 -0.173831 -0.612664 -0.0319734 0.0338483 -0.743034 -1.54346 0.00283217 -0.309758 -0.052459 -0.0719621 
0.0316291 0.0394948 -0.0298765 0.00229818 -0.0468341 0.00119771 -0.0208168 -0.0429931 -0.00129008 0.0193158 -0.023688 0.0383896 0.127034 -0.0496118 0.120076 -0.123566 1.63771 -0.0848584 -0.487895 -0.173831 -0.612664 -0.0319734 0.0338483 -0.743034 -1.54346 0.00283217 -0.309758 -0.052459 -0.0716449 
0.0316291 0.0394948 -0.0298765 0.00229818 -0.0468341 0.00119771 -0.0208197 -0.0429931 -0.00129008 0.0193158 -0.023688 0.0383896 0.127034 -0.0496118 0.120076 -0.123567 1.63771 -0.0848584 -0.487895 -0.173831 -0.612664 -0.0319734 0.0338464 -0.743034 -1.54347 0.00283146 -0.309758 -0.0524663 -0.0713529 
0.0316262 0.039489 -0.0298765 0.00229818 -0.0468341 0.00119771 -0.0208168 -0.0429958 -0.00129008 0.0193158 -0.023688 0.0383896 0.127034 -0.0496118 0.120076 -0.123566 1.63771 -0.0848584 -0.487895 -0.173832 -0.612664 -0.0319734 0.0338452 -0.743034 -1.54346 0.00283277 -0.309758 -0.0524687 -0.0710633 
0.0316262 0.039489 -0.0298765 0.00229818 -0.0468341 0.00119771 -0.0208197 -0.0429958 -0.00129008 0.0193158 -0.023688 0.0383896 0.127034 -0.0496125 0.120077 -0.123567 1.63771 -0.0848606 -0.487895 -0.173831 -0.612664 -0.0319734 0.0338452 -0.743034 -1.54346 0.00283277 -0.309758 -0.0524627 -0.0708299 
0.0316262 0.039489 -0.0298765 0.00229818 -0.0468341 0.00119771 -0.0208168 -0.0429987 -0.00129008 0.0193158 -0.023688 0.0383896 0.127034 -0.0496113 0.120076 -0.123566 1.63771 -0.0848584 -0.487896 -0.17383 -0.612664 -0.0319734 0.0338452 -0.743034 -1.54346 0.00283277 -0.309758 -0.0524627 -0.0706384 
0.0316291 0.039489 -0.0298765 0.00229818 -0.0468341 0.00119771 -0.0208168 -0.0429958 -0.00129294 0.0193158 -0.023688 0.0383896 0.127034 -0.0496125 0.120077 -0.123566 1.63771 -0.0848584 -0.487895 -0.173832 -0.612664 -0.0319734 0.0338435 -0.743035 -1.54346 0.00283349 -0.309758 -0.0524567 -0.0704506 
0.0316348 0.0394948 -0.0298765 0.00229818 -0.0468341 0.00119771 -0.0208168 -0.0429931 -0.00129008 0.0193158 -0.023688 0.0383896 0.127034 -0.0496113 0.120077 -0.123566 1.63771 -0.0848584 -0.487895 -0.173831 -0.612665 -0.0319734 0.0338423 -0.743037 -1.54346 0.00283277 -0.309758 -0.0524614 -0.0703022 
0.0316513 0.0394948 -0.0298765 0.00229818 -0.0468341 0.00119771 -0.0208139 -0.0429903 -0.00129008 0.0193158 -0.023688 0.0383896 0.127034 -0.0496118 0.120076 -0.123567 1.63771 -0.0848582 -0.487895 -0.17383 -0.612666 -0.0319743 0.0338356 -0.743037 -1.54346 0.00283456 -0.309758 -0.052465 -0.07021 
0.0316679 0.0394864 -0.0298765 0.00229818 -0.0468341 0.00119771 -0.0208139 -0.0429931 -0.00129294 0.0193158 -0.023688 0.0383896 0.127034 -0.0496118 0.120076 -0.123566 1.63771 -0.0848584 -0.487895 -0.173831 -0.612666 -0.0319743 0.0338283 -0.743038 -1.54346 0.00283515 -0.309758 -0.052465 -0.0701358 
0.0316763 0.0394753 -0.0298765 0.00229818 -0.0468341 0.00119771 -0.0208085 -0.0429931 -0.00129294 0.0193158 -0.023688 0.0383896 0.127034 -0.0496113 0.120077 -0.123565 1.63771 -0.0848584 -0.487895 -0.173831 -0.612667 -0.0319753 0.0338221 -0.743038 -1.54345 0.00283754 -0.309759 -0.052465 -0.0700879 
0.0316985 0.0394641 -0.0298765 0.00229818 -0.0468341 0.00119771 -0.0208058 -0.0429958 -0.00129294 0.0193158 -0.023688 0.0383896 0.127034 -0.0496118 0.120076 -0.123566 1.63771 -0.0848584 -0.487895 -0.173831 -0.612666 -0.0319777 0.0338154 -0.743037 -1.54345 0.00284123 -0.309759 -0.052465 -0.0700569 
0.0317013 0.0394641 -0.0298765 0.00229818 -0.0468341 0.00119771 -0.0208058 -0.0429958 -0.00129294 0.0193158 -0.023688 0.0383896 0.127034 -0.0496113 0.120077 -0.123566 1.63771 -0.0848584 -0.487895 -0.17383 -0.612665 -0.0319793 0.0338109 -0.743036 -1.54345 0.00284362 -0.309758 -0.0524746 -0.0700521 
0.0317068 0.0394558 -0.0298765 0.00229818 -0.0468341 0.00119771 -0.0208058 -0.0429987 -0.00129008 0.0193158 -0.023688 0.0383896 0.127034 -0.0496113 0.120076 -0.123567 1.63771 -0.0848584 -0.487895 -0.17383 -0.612666 -0.0319815 0.0338061 -0.743035 -1.54345 0.00284624 -0.309758 -0.0524853 -0.0700544 
0.0317068 0.0394558 -0.0298765 0.00229818 -0.0468341 0.00119771 -0.0208027 -0.0429987 -0.00129008 0.0193158 -0.023688 0.0383896 0.127034 -0.0496113 0.120077 -0.123566 1.63771 -0.0848582 -0.487895 -0.173831 -0.612667 -0.0319862 0.0337946 -0.743036 -1.54345 0.00284803 -0.309758 -0.0525081 -0.0700508 
0.0317178 0.0394558 -0.0298765 0.00230192 -0.0468341 0.00119771 -0.0208001 -0.0429987 -0.00129008 0.0193158 -0.023688 0.0383896 0.127034 -0.0496118 0.120077 -0.123566 1.63771 -0.0848584 -0.487895 -0.173831 -0.612668 -0.0319891 0.0337629 -0.743038 -1.54345 0.0028547 -0.309758 -0.0525415 -0.0700521 
0.031729 0.0394558 -0.0298765 0.00230192 -0.0468341 0.00119771 -0.0207946 -0.0429958 -0.00129008 0.0193158 -0.023688 0.0383896 0.127034 -0.0496125 0.120076 -0.123567 1.63771 -0.0848584 -0.487895 -0.173831 -0.61267 -0.0319901 0.0336468 -0.74304 -1.54344 0.00285971 -0.309759 -0.0526348 -0.0700628 
0.0317373 0.0394504 -0.0298765 0.00230192 -0.0468341 0.00119771 -0.0207863 -0.0429958 -0.00129008 0.0193158 -0.023688 0.0383896 0.127034 -0.0496118 0.120076 -0.123567 1.63771 -0.0848584 -0.487895 -0.17383 -0.61267 -0.0319891 0.0334992 -0.743041 -1.54344 0.00286508 -0.309758 -0.052799 -0.0700604 
0.031754 0.0394419 -0.0298765 0.00230192 -0.0468341 0.00119771 -0.0207722 -0.0429987 -0.00129008 0.0193158 -0.023688 0.0383896 0.127034 -0.0496118 0.120077 -0.123567 1.63771 -0.0848584 -0.487896 -0.173831 -0.612671 -0.0319891 0.0333889 -0.743041 -1.54344 0.00287187 -0.309758 -0.0530287 -0.0700651 
0.031765 0.0394336 -0.0298765 0.00230565 -0.0468341 0.00119771 -0.0207667 -0.0429987 -0.00129008 0.0193158 -0.023688 0.0383896 0.127034 -0.0496118 0.120076 -0.123567 1.63771 -0.0848584 -0.487895 -0.173831 -0.612671 -0.0319891 0.033268 -0.74304 -1.54344 0.00287664 -0.309758 -0.0533483 -0.0700712 
0.0317678 0.0394309 -0.0298765 0.00230565 -0.0468328 0.00120011 -0.0207641 -0.0429958 -0.00128746 0.0193158 -0.023688 0.0383896 0.127034 -0.0496113 0.120076 -0.123567 1.63771 -0.0848582 -0.487895 -0.173832 -0.612671 -0.0319936 0.0331409 -0.743041 -1.54343 0.00287795 -0.309759 -0.053688 -0.0700735 
0.0317788 0.0394253 -0.0298765 0.00230565 -0.0468289 0.0012073 -0.0207641 -0.0429958 -0.00128174 0.0193158 -0.023688 0.0383896 0.127034 -0.0496113 0.120076 -0.123566 1.63771 -0.0848582 -0.487895 -0.173831 -0.612673 -0.0320022 0.0329773 -0.743041 -1.54344 0.00287914 -0.309758 -0.0540867 -0.0700772 
0.03179 0.0394225 -0.0298765 0.00230565 -0.0468289 0.0012073 -0.0207641 -0.0429958 -0.00128174 0.0193158 -0.023688 0.0383896 0.127034 -0.0496125 0.120076 -0.123566 1.63771 -0.0848584 -0.487895 -0.173831 -0.612674 -0.0320244 0.0327101 -0.743041 -1.54343 0.00287986 -0.309758 -0.054557 -0.0700783 
0.0317984 0.0394225 -0.0298793 0.00230565 -0.0468263 0.00121217 -0.0207613 -0.0429987 -0.00128174 0.0193158 -0.023688 0.0383896 0.127034 -0.0496113 0.120077 -0.123567 1.63771 -0.0848584 -0.487895 -0.173831 -0.612675 -0.0320735 0.0323558 -0.743043 -1.54343 0.00288463 -0.309758 -0.054934 -0.0700831 
0.0318067 0.0394225 -0.0298765 0.00230565 -0.0468199 0.00122409 -0.0207558 -0.0429987 -0.00127912 0.0193158 -0.023688 0.0383896 0.127034 -0.0496113 0.120076 -0.123567 1.63771 -0.0848584 -0.487896 -0.173831 -0.612676 -0.0321939 0.0318713 -0.743061 -1.54342 0.00289202 -0.309761 -0.0553205 -0.0700796 
0.0318179 0.0394225 -0.0298765 0.00230565 -0.0468147 0.00123369 -0.0207391 -0.0429931 -0.00127912 0.0193158 -0.023688 0.0383896 0.127034 -0.0496113 0.120076 -0.123566 1.63771 -0.0848584 -0.487895 -0.173832 -0.612678 -0.0323184 0.0311463 -0.74306 -1.54341 0.00290537 -0.309761 -0.0557812 -0.0700783 
0.0318232 0.0394114 -0.0298765 0.00230565 -0.0468134 0.00123608 -0.0207086 -0.0429903 -0.00127649 0.0193158 -0.023688 0.0383896 0.127034 -0.0496113 0.120075 -0.123566 1.63771 -0.0848584 -0.487895 -0.173831 -0.61268 -0.0324354 0.0302722 -0.743062 -1.5434 0.00291514 -0.309761 -0.0562025 -0.0700819 
0.0318289 0.0394114 -0.0298765 0.00230565 -0.0468108 0.00124088 -0.0206614 -0.0430042 -0.00127649 0.0193158 -0.023688 0.0383896 0.127034 -0.0496113 0.120075 -0.123567 1.63771 -0.0848584 -0.487895 -0.173831 -0.612681 -0.032479 0.0291572 -0.743061 -1.54338 0.00292563 -0.309761 -0.0566478 -0.0700819 
0.0318315 0.0394114 -0.0298765 0.00230565 -0.0468108 0.00124088 -0.0206032 -0.0429987 -0.00127339 0.0193158 -0.023688 0.0383896 0.127034 -0.0496113 0.120075 -0.123566 1.63771 -0.0848584 -0.487895 -0.173832 -0.612681 -0.0324829 0.0276477 -0.74306 -1.54335 0.00295961 -0.309761 -0.0570905 -0.0700831 
0.0318289 0.0394114 -0.0298765 0.00230565 -0.0468108 0.00124088 -0.0205669 -0.0429987 -0.00126791 0.0193158 -0.023688 0.0383896 0.127034 -0.0496113 0.120076 -0.123567 1.63771 -0.0848584 -0.487895 -0.17383 -0.612681 -0.0324829 0.0260704 -0.743062 -1.54328 0.0031873 -0.309761 -0.057434 -0.0700879 
0.0318151 0.0394114 -0.0298765 0.00230565 -0.0468095 0.00124328 -0.0205393 -0.0430098 -0.00126791 0.0193158 -0.023688 0.0383896 0.127034 -0.0496113 0.120074 -0.123566 1.63771 -0.0848582 -0.487896 -0.173831 -0.612681 -0.0324891 0.0240278 -0.743062 -1.54317 0.00346267 -0.309761 -0.0577619 -0.0700844 
0.0318067 0.0394198 -0.0298765 0.00230565 -0.0468095 0.00124328 -0.0205142 -0.0429987 -0.00126791 0.0193158 -0.023688 0.0383896 0.127034 -0.0496113 0.120075 -0.123567 1.63771 -0.0848584 -0.487895 -0.173831 -0.612683 -0.0324984 0.0219588 -0.743065 -1.54308 0.00361276 -0.309761 -0.0580001 -0.0700831 
0.0318041 0.0394309 -0.0298765 0.00230565 -0.0468083 0.00124568 -0.0204895 -0.0429987 -0.00126529 0.0193158 -0.023688 0.0383896 0.127034 -0.0496113 0.120075 -0.123566 1.63771 -0.0848584 -0.487896 -0.173831 -0.612683 -0.03251 0.0195816 -0.743074 -1.54298 0.00368547 -0.309761 -0.0582203 -0.0700879 
0.0318041 0.0394363 -0.0298765 0.00230565 -0.0468083 0.00124568 -0.0204618 -0.0429987 -0.00126243 0.0193158 -0.023688 0.0383896 0.127034 -0.0496113 0.120075 -0.123566 1.63771 -0.0848584 -0.487895 -0.173832 -0.612685 -0.0325217 0.016531 -0.743088 -1.54281 0.00374329 -0.309761 -0.0584381 -0.0700819 
0.0318041 0.0394504 -0.0298765 0.00230565 -0.0468057 0.00125047 -0.0204282 -0.0429987 -0.00126243 0.0193158 -0.023688 0.0383896 0.127034 -0.0496113 0.120075 -0.123566 1.63771 -0.0848584 -0.487895 -0.173831 -0.612687 -0.0325348 0.0135536 -0.743107 -1.54257 0.00382161 -0.309761 -0.0586187 -0.0700783 
0.0318041 0.0394585 -0.0298765 0.00230192 -0.0468057 0.00125047 -0.0204034 -0.0429987 -0.00126243 0.0193158 -0.023688 0.0383896 0.127034 -0.0496113 0.120075 -0.123567 1.63771 -0.0848584 -0.487895 -0.173831 -0.612687 -0.0325353 0.0102489 -0.743128 -1.54219 0.00390875 -0.309761 -0.0588138 -0.0700819 
0.0317984 0.0394641 -0.0298765 0.00230192 -0.0468057 0.00125047 -0.0203729 -0.0430069 -0.00125957 0.0193158 -0.023688 0.0383896 0.127037 -0.0496118 0.120075 -0.123567 1.63771 -0.0848572 -0.487895 -0.173831 -0.612687 -0.0325348 0.00624394 -0.743157 -1.54151 0.00397778 -0.309761 -0.059052 -0.0700783 
0.03179 0.0394641 -0.0298765 0.00230192 -0.0468057 0.00125047 -0.0203562 -0.0430069 -0.00125957 0.0193158 -0.023688 0.0383896 0.127034 -0.0496118 0.120075 -0.123566 1.63771 -0.0848582 -0.487895 -0.173831 -0.612687 -0.0325353 0.00245976 -0.743158 -1.54063 0.00405347 -0.309761 -0.0593249 -0.0700819 
0.0317817 0.0394615 -0.0298765 0.00230192 -0.0468057 0.00125047 -0.0203507 -0.0430069 -0.00125957 0.0193158 -0.023688 0.0383896 0.127034 -0.0496113 0.120075 -0.123567 1.63771 -0.0848584 -0.487895 -0.17383 -0.612687 -0.032537 -0.00218368 -0.743159 -1.53931 0.00418591 -0.309761 -0.0596576 -0.0700915 
0.0317705 0.0394504 -0.0298765 0.00230192 -0.0468057 0.00125047 -0.0203478 -0.0430098 -0.00125122 0.0193158 -0.023688 0.0383896 0.127034 -0.0496113 0.120075 -0.123566 1.63771 -0.0848584 -0.487895 -0.173831 -0.612687 -0.0325511 -0.00720096 -0.74316 -1.5375 0.00428545 -0.309761 -0.0600299 -0.0701442 
0.0317678 0.0394504 -0.0298765 0.00230192 -0.0468057 0.00125047 -0.0203478 -0.0430098 -0.00125122 0.0193158 -0.023688 0.0383896 0.127034 -0.0496113 0.120075 -0.123566 1.63771 -0.0848584 -0.487895 -0.173832 -0.612687 -0.0325925 -0.0119655 -0.74316 -1.53536 0.004336 -0.309761 -0.0603888 -0.0701944 
0.0317762 0.0394504 -0.0298765 0.00230192 -0.0468057 0.00125047 -0.0203424 -0.0430098 -0.0012486 0.0193158 -0.023688 0.0383896 0.127034 -0.0496113 0.120075 -0.123566 1.63771 -0.0848584 -0.487896 -0.173831 -0.612687 -0.0326734 -0.0169764 -0.74316 -1.53281 0.00435746 -0.309761 -0.0606977 -0.0702662 
0.03179 0.0394558 -0.0298765 0.00229818 -0.0468057 0.00125047 -0.0203285 -0.0430098 -0.0012486 0.0193158 -0.023688 0.0383896 0.127034 -0.0496113 0.120075 -0.123566 1.63771 -0.0848582 -0.487895 -0.173831 -0.612687 -0.0328093 -0.0229676 -0.743159 -1.5296 0.00438976 -0.309761 -0.0609572 -0.0703452 
0.0317984 0.0394504 -0.0298765 0.00229818 -0.0468057 0.00125047 -0.0203173 -0.0430069 -0.0012486 0.0193158 -0.023688 0.0383896 0.127034 -0.0496113 0.120075 -0.123567 1.63771 -0.0848582 -0.487895 -0.173831 -0.612687 -0.0329516 -0.0285606 -0.743158 -1.52663 0.00439274 -0.309761 -0.0611273 -0.0703991 
0.0317984 0.0394504 -0.0298765 0.00229818 -0.0468057 0.00125047 -0.0203035 -0.0430042 -0.0012486 0.0193232 -0.023688 0.0383896 0.127034 -0.0496113 0.120075 -0.123567 1.63771 -0.0848582 -0.487895 -0.173831 -0.612687 -0.0331254 -0.0351276 -0.743152 -1.52307 0.00441122 -0.309761 -0.0612696 -0.0704338 
0.0317984 0.0394447 -0.0298765 0.00229818 -0.0468057 0.00125047 -0.0203035 -0.0429987 -0.00124311 0.0193232 -0.023688 0.0383896 0.127034 -0.0496113 0.120075 -0.123566 1.63771 -0.0848584 -0.487896 -0.173831 -0.612687 -0.0332756 -0.0413029 -0.743141 -1.51959 0.00443435 -0.309761 -0.0613689 -0.0704638 
0.0317955 0.0394447 -0.0298765 0.00229818 -0.0468057 0.00125047 -0.020309 -0.0430042 -0.00124311 0.0193232 -0.023688 0.0383896 0.127034 -0.0496113 0.120074 -0.123566 1.63771 -0.0848584 -0.487895 -0.173831 -0.612687 -0.0334477 -0.047713 -0.743129 -1.5159 0.00445998 -0.309761 -0.0614587 -0.0705224 
0.03179 0.0394419 -0.0298765 0.00229818 -0.0468057 0.00125047 -0.0203118 -0.0429987 -0.00124025 0.0193232 -0.023688 0.0383896 0.127034 -0.0496113 0.120075 -0.123566 1.63771 -0.0848584 -0.487895 -0.173832 -0.612687 -0.0336735 -0.055263 -0.743129 -1.51159 0.00451362 -0.309759 -0.061625 -0.0706265 
0.03179 0.0394419 -0.0298765 0.00229818 -0.0468057 0.00125047 -0.0203202 -0.0429987 -0.00124025 0.0193232 -0.0236906 0.0383849 0.127034 -0.0496113 0.120075 -0.123566 1.63771 -0.0848582 -0.487895 -0.173831 -0.612687 -0.0338986 -0.062252 -0.743123 -1.50747 0.00451982 -0.309759 -0.0618178 -0.0706516 
0.03179 0.0394419 -0.0298765 0.00229818 -0.0468057 0.00125047 -0.0203285 -0.0429987 -0.00123739 0.0193232 -0.0236906 0.0383849 0.127034 -0.0496113 0.120074 -0.123566 1.63771 -0.0848582 -0.487895 -0.173831 -0.612687 -0.0341985 -0.0703895 -0.743093 -1.50258 0.00452828 -0.309761 -0.0620667 -0.07066 
0.03179 0.0394447 -0.0298765 0.00229818 -0.0468057 0.00125047 -0.020323 -0.0429958 -0.00123739 0.0193232 -0.0236906 0.0383849 0.127032 -0.0496113 0.120074 -0.123567 1.63771 -0.0848606 -0.487895 -0.173831 -0.612687 -0.0345044 -0.0778022 -0.743053 -1.49811 0.00453937 -0.309761 -0.0622617 -0.0706911 
0.0317926 0.0394447 -0.0298765 0.00229818 -0.0468057 0.00125047 -0.0203285 -0.0429931 -0.00123739 0.0193232 -0.0236906 0.0383849 0.127032 -0.0496113 0.120075 -0.123566 1.63771 -0.0848584 -0.487895 -0.173831 -0.612687 -0.0348499 -0.0853517 -0.743045 -1.49352 0.00454414 -0.309761 -0.062373 -0.0707342 
0.0317926 0.0394474 -0.0298765 0.00229818 -0.0468057 0.00125047 -0.0203369 -0.0429931 -0.00123739 0.0193232 -0.0236906 0.0383849 0.127032 -0.0496113 0.120075 -0.123566 1.63771 -0.0848582 -0.487895 -0.173831 -0.612686 -0.035322 -0.0940764 -0.743042 -1.48831 0.00454414 -0.309762 -0.062415 -0.0707701 
0.03179 0.0394447 -0.0298765 0.00229818 -0.0468057 0.00125047 -0.0203478 -0.0429987 -0.00123739 0.0193232 -0.0236906 0.0383849 0.127034 -0.0496113 0.120074 -0.123566 1.63771 -0.0848584 -0.487895 -0.173831 -0.612687 -0.0357969 -0.102051 -0.743034 -1.48357 0.00454783 -0.309761 -0.0624197 -0.0707653 
0.03179 0.0394419 -0.0298765 0.00229818 -0.0468057 0.00125047 -0.0203674 -0.0429958 -0.00123477 0.0193232 -0.0236906 0.0383849 0.127034 -0.0496113 0.120074 -0.123566 1.63771 -0.0848582 -0.487895 -0.17383 -0.612687 -0.0363703 -0.111238 -0.743014 -1.47792 0.00455999 -0.309762 -0.0624232 -0.0707497 
0.0317845 0.0394419 -0.0298765 0.00229818 -0.0468057 0.00125047 -0.0203812 -0.0429931 -0.00123477 0.0193232 -0.0236919 0.0383825 0.127034 -0.0496113 0.120074 -0.123566 1.63771 -0.0848584 -0.487895 -0.173832 -0.612687 -0.036922 -0.119592 -0.742988 -1.47272 0.00458992 -0.309761 -0.0624292 -0.0707306 
0.0317788 0.0394419 -0.0298765 0.00229818 -0.0468057 0.00125047 -0.0203896 -0.0429903 -0.00122905 0.0193232 -0.0236919 0.0383825 0.127034 -0.0496113 0.120075 -0.123567 1.63771 -0.0848584 -0.487895 -0.173831 -0.612686 -0.0374672 -0.128198 -0.742968 -1.46729 0.00460398 -0.309762 -0.0624341 -0.0707079 
0.0317678 0.0394419 -0.0298765 0.00229818 -0.0468057 0.00125047 -0.0203896 -0.0429987 -0.00122905 0.0193232 -0.0236919 0.0383825 0.127034 -0.0496113 0.120074 -0.123567 1.63771 -0.0848584 -0.487895 -0.173831 -0.612684 -0.0380478 -0.137964 -0.742891 -1.46104 0.00461197 -0.309761 -0.0624628 -0.0706911 
0.0317566 0.0394447 -0.0298765 0.00229818 -0.0468057 0.00125047 -0.020395 -0.0429987 -0.00122905 0.0193232 -0.0236919 0.0383825 0.127032 -0.0496113 0.120074 -0.123567 1.63771 -0.0848582 -0.487895 -0.173831 -0.612684 -0.0385911 -0.146783 -0.742737 -1.45544 0.00461566 -0.309762 -0.0624796 -0.0706911 
0.0317428 0.0394474 -0.0298765 0.00229818 -0.0468095 0.00124801 -0.0204034 -0.0429987 -0.00122905 0.0193232 -0.0236919 0.0383825 0.127032 -0.0496113 0.120074 -0.123566 1.63771 -0.0848584 -0.487895 -0.173831 -0.612684 -0.0392425 -0.155698 -0.742574 -1.44981 0.00461674 -0.309762 -0.0625155 -0.0706911 
0.0317402 0.0394474 -0.0298765 0.00229818 -0.046816 0.00123602 -0.0204229 -0.0429987 -0.00122905 0.0193232 -0.0236919 0.0383825 0.127032 -0.0496099 0.120074 -0.123566 1.63771 -0.0848584 -0.487895 -0.173831 -0.612684 -0.040113 -0.165815 -0.742391 -1.44342 0.00461745 -0.309761 -0.062567 -0.0706995 
0.0317428 0.0394474 -0.029871 0.00229818 -0.0468199 0.0012337 -0.0204477 -0.0429987 -0.00122905 0.0193158 -0.0236932 0.0383802 0.127032 -0.0496113 0.120074 -0.123567 1.63771 -0.0848584 -0.487895 -0.173831 -0.612684 -0.0409901 -0.175071 -0.742231 -1.43768 0.00461745 -0.309761 -0.0625812 -0.0706995 
0.0317512 0.0394504 -0.029871 0.00229818 -0.0468238 0.00122651 -0.0204756 -0.0429931 -0.00122643 0.0193158 -0.0236932 0.0383802 0.127032 -0.0496113 0.120074 -0.123567 1.63771 -0.0848584 -0.487895 -0.173831 -0.612684 -0.0421283 -0.185709 -0.742079 -1.43113 0.00462174 -0.309762 -0.0625874 -0.0706983 
0.0317457 0.0394504 -0.029871 0.00229818 -0.0468251 0.00122411 -0.0204866 -0.0429847 -0.0012207 0.0193158 -0.0236932 0.0383802 0.127032 -0.0496113 0.120074 -0.123566 1.63771 -0.0848584 -0.487895 -0.173831 -0.612681 -0.0432737 -0.195363 -0.741955 -1.42527 0.00462592 -0.309761 -0.062598 -0.0706875 
0.0317373 0.0394474 -0.029871 0.00229818 -0.0468251 0.00122411 -0.0204895 -0.0429958 -0.00121522 0.0193158 -0.0236932 0.0383802 0.127032 -0.0496118 0.120072 -0.123566 1.63771 -0.0848582 -0.487895 -0.173832 -0.612677 -0.0444186 -0.205192 -0.741815 -1.4194 0.00463152 -0.309759 -0.062598 -0.0706552 
0.0316985 0.0394558 -0.029871 0.00229818 -0.0468289 0.00121699 -0.0205004 -0.0429903 -0.00121522 0.0193158 -0.0236957 0.0383755 0.127032 -0.0496113 0.120073 -0.123566 1.63771 -0.0848584 -0.487895 -0.173831 -0.612676 -0.0456617 -0.216314 -0.74153 -1.41261 0.00463331 -0.309761 -0.0626004 -0.0706156 
0.0316679 0.0394615 -0.0298765 0.00229818 -0.0468315 0.00121212 -0.0205142 -0.0429847 -0.00121522 0.0193158 -0.023697 0.0383731 0.127031 -0.0496113 0.120072 -0.123567 1.63771 -0.0848596 -0.487895 -0.173831 -0.612677 -0.0468354 -0.226238 -0.7412 -1.40642 0.0046345 -0.309761 -0.0626016 -0.0705523 
0.0316596 0.0394696 -0.0298765 0.00229818 -0.0468367 0.00121213 -0.0205393 -0.0429847 -0.00121522 0.0193158 -0.023697 0.0383731 0.127032 -0.0496113 0.120074 -0.123566 1.63771 -0.0848596 -0.487895 -0.173832 -0.612676 -0.0480716 -0.236305 -0.74082 -1.40026 0.004637 -0.309761 -0.062604 -0.0703501 
0.0316596 0.0394696 -0.029871 0.00229818 -0.0468393 0.00120734 -0.0205643 -0.0429765 -0.00120974 0.0193158 -0.023697 0.0383731 0.127032 -0.0496113 0.120072 -0.123566 1.63771 -0.0848572 -0.487895 -0.173831 -0.612673 -0.0495312 -0.247734 -0.740239 -1.3934 0.004637 -0.309761 -0.062604 -0.0702747 
0.0316596 0.0394726 -0.0298765 0.00229818 -0.0468393 0.00120734 -0.0205836 -0.0429903 -0.00119853 0.0193158 -0.023697 0.0383731 0.127032 -0.0496118 0.120072 -0.123567 1.63771 -0.0848582 -0.487895 -0.173831 -0.612671 -0.0509601 -0.258019 -0.739604 -1.38744 0.0046376 -0.309762 -0.0626065 -0.0701909 
0.0316596 0.0394753 -0.0298765 0.00229818 -0.0468393 0.00120734 -0.0205922 -0.042982 -0.00119042 0.0193158 -0.023697 0.0383731 0.127032 -0.0496118 0.120072 -0.123566 1.63771 -0.0848582 -0.487895 -0.173831 -0.612671 -0.0526268 -0.2698 -0.738795 -1.38065 0.00464368 -0.309765 -0.0626075 -0.0700125 
0.0316541 0.0394753 -0.0298765 0.00229818 -0.0468393 0.00120734 -0.0205922 -0.0429792 -0.00119042 0.0193158 -0.023697 0.0383731 0.127032 -0.0496118 0.120071 -0.123566 1.63771 -0.0848596 -0.487895 -0.173831 -0.61267 -0.0541248 -0.280427 -0.737953 -1.37449 0.00465345 -0.309764 -0.0626075 -0.0698677 
0.0316486 0.0394753 -0.029871 0.00229818 -0.0468393 0.00120734 -0.0205922 -0.0429931 -0.00119042 0.0193158 -0.023697 0.0383731 0.127031 -0.0496113 0.120071 -0.123566 1.63771 -0.0848584 -0.487895 -0.173831 -0.612667 -0.0556564 -0.291101 -0.736993 -1.36841 0.00466859 -0.309765 -0.0626088 -0.0697122 
0.0316458 0.0394753 -0.0298765 0.00229818 -0.0468393 0.00121214 -0.0205975 -0.0429847 -0.00119042 0.0193158 -0.023697 0.0383731 0.127032 -0.0496118 0.120071 -0.123567 1.63771 -0.0848584 -0.487895 -0.173831 -0.612664 -0.057164 -0.303177 -0.735751 -1.36149 0.00468028 -0.30977 -0.0626088 -0.0696368 
0.0316348 0.0394753 -0.029871 0.00229818 -0.0468393 0.00121214 -0.0206032 -0.0429847 -0.00119042 0.0193158 -0.023697 0.0383731 0.127032 -0.0496118 0.120071 -0.123566 1.63771 -0.0848572 -0.487895 -0.173831 -0.612664 -0.0584068 -0.31386 -0.734463 -1.35517 0.00469077 -0.30977 -0.0626088 -0.0696056 
0.0316262 0.0394726 -0.0298765 0.00229818 -0.0468393 0.00121214 -0.0206113 -0.0429847 -0.00119042 0.0193158 -0.023697 0.0383731 0.127032 -0.0496118 0.120071 -0.123566 1.63771 -0.0848582 -0.487895 -0.173831 -0.612663 -0.0597782 -0.325984 -0.73296 -1.34796 0.00469792 -0.309775 -0.0626088 -0.0695997 
0.0316262 0.0394726 -0.0298765 0.00229818 -0.0468406 0.00121455 -0.0206227 -0.0429847 -0.00119042 0.0193158 -0.023697 0.0383731 0.127032 -0.0496113 0.120071 -0.123566 1.63771 -0.0848584 -0.487895 -0.173831 -0.61266 -0.0608442 -0.336815 -0.731456 -1.34142 0.00470161 -0.309774 -0.0626112 -0.0695984 
0.0316262 0.0394726 -0.0298765 0.00229818 -0.0468406 0.00121455 -0.0206337 -0.0429847 -0.00119042 0.0193158 -0.023697 0.0383731 0.127031 -0.0496113 0.120071 -0.123566 1.63771 -0.0848584 -0.487895 -0.173832 -0.61266 -0.061929 -0.347649 -0.729813 -1.33493 0.00470114 -0.309779 -0.0626112 -0.0695972 
0.0316291 0.0394753 -0.0298765 0.00229818 -0.0468406 0.00121455 -0.0206337 -0.0429847 -0.00118756 0.0193158 -0.023697 0.0383731 0.127032 -0.0496113 0.120071 -0.123565 1.63771 -0.0848584 -0.487895 -0.173831 -0.61266 -0.0631402 -0.35866 -0.728065 -1.3286 0.00470161 -0.309778 -0.0626135 -0.0695925 
0.0316458 0.0394726 -0.0298765 0.00229818 -0.0468393 0.00121695 -0.0206254 -0.0429847 -0.0011847 0.0193158 -0.023697 0.0383731 0.127032 -0.0496118 0.120071 -0.123566 1.63771 -0.0848582 -0.487895 -0.173832 -0.612657 -0.0644915 -0.371061 -0.725941 -1.32163 0.00470412 -0.309778 -0.0626124 -0.0695925 
0.0316458 0.0394696 -0.0298765 0.00229818 -0.0468367 0.00122175 -0.0206254 -0.0429847 -0.00118208 0.0193158 -0.023697 0.0383731 0.127032 -0.0496118 0.120071 -0.123566 1.63771 -0.0848582 -0.487895 -0.173831 -0.612656 -0.0657468 -0.383404 -0.723649 -1.31461 0.00470412 -0.309774 -0.0626172 -0.0695972 
0.0316458 0.0394641 -0.0298765 0.00229818 -0.0468367 0.00122175 -0.0206254 -0.0429903 -0.0011847 0.0193158 -0.023697 0.0383731 0.127032 -0.0496118 0.120071 -0.123566 1.63771 -0.0848584 -0.487895 -0.173831 -0.612655 -0.0669887 -0.395827 -0.721114 -1.30764 0.0047065 -0.309774 -0.0626197 -0.0696033 
0.0316458 0.0394641 -0.0298765 0.00229818 -0.0468367 0.00122175 -0.0206254 -0.0429903 -0.0011847 0.0193158 -0.023697 0.0383731 0.127031 -0.0496113 0.120071 -0.123566 1.63771 -0.0848606 -0.487895 -0.173831 -0.612656 -0.0679832 -0.40663 -0.718683 -1.30149 0.00471091 -0.309774 -0.0626208 -0.06962 
0.0316458 0.0394641 -0.029871 0.00229818 -0.0468367 0.00122175 -0.0206308 -0.0429903 -0.00118208 0.0193158 -0.023697 0.0383731 0.127031 -0.0496113 0.120071 -0.123566 1.63771 -0.0848584 -0.487895 -0.173831 -0.612654 -0.0690036 -0.41898 -0.715795 -1.29459 0.00471389 -0.309773 -0.0626243 -0.0696404 
0.0316458 0.0394641 -0.0298765 0.00229818 -0.0468367 0.00122175 -0.0206308 -0.0429958 -0.00118208 0.0193158 -0.023697 0.0383731 0.127031 -0.0496113 0.120071 -0.123566 1.63771 -0.0848584 -0.487895 -0.173831 -0.612654 -0.0699558 -0.429824 -0.713058 -1.28841 0.00471866 -0.309777 -0.0626316 -0.0696595 
0.0316458 0.0394696 -0.029871 0.00229818 -0.0468367 0.00122175 -0.0206254 -0.0429958 -0.00117636 0.0193158 -0.023697 0.0383731 0.127034 -0.0496113 0.12007 -0.123566 1.63771 -0.0848582 -0.487895 -0.173831 -0.612653 -0.0709422 -0.440661 -0.710165 -1.28229 0.00472605 -0.309778 -0.0626352 -0.0696595 
0.0316458 0.0394696 -0.029871 0.00229818 -0.0468367 0.00122175 -0.0206254 -0.0429931 -0.00117636 0.0193158 -0.023697 0.0383731 0.127032 -0.0496137 0.12007 -0.123567 1.63771 -0.0848584 -0.487895 -0.17383 -0.612641 -0.0719793 -0.452859 -0.70685 -1.27535 0.00472665 -0.309775 -0.0626422 -0.0696571 
0.0316458 0.0394641 -0.0298765 0.00229818 -0.0468367 0.00122175 -0.0206254 -0.0429958 -0.00117636 0.0193158 -0.023697 0.0383731 0.127032 -0.0496125 0.12007 -0.123566 1.63771 -0.0848584 -0.487895 -0.173831 -0.612634 -0.0727966 -0.463566 -0.703757 -1.26932 0.00472915 -0.309778 -0.0626459 -0.069663 
0.0316458 0.0394641 -0.029871 0.00229818 -0.0468367 0.00122175 -0.0206254 -0.0429987 -0.00117636 0.0193158 -0.023697 0.0383731 0.127031 -0.0496113 0.120071 -0.123566 1.63771 -0.0848596 -0.487895 -0.173831 -0.612632 -0.0735607 -0.475428 -0.700273 -1.26268 0.00473273 -0.309779 -0.062652 -0.0696619 
0.0316458 0.0394641 -0.029871 0.00229818 -0.0468367 0.00122175 -0.0206308 -0.0429931 -0.00117636 0.0193158 -0.023697 0.0383731 0.127032 -0.0496118 0.120071 -0.123566 1.63771 -0.0848596 -0.487895 -0.173831 -0.612624 -0.074199 -0.485759 -0.697164 -1.25673 0.00473034 -0.309777 -0.0626566 -0.0696571 
0.0316374 0.0394641 -0.0298765 0.00229818 -0.0468367 0.00122175 -0.0206308 -0.0429847 -0.00117636 0.0193158 -0.023697 0.0383731 0.127032 -0.0496113 0.12007 -0.123565 1.63771 -0.0848584 -0.487895 -0.17383 -0.612597 -0.0747623 -0.495925 -0.693989 -1.25079 0.00473082 -0.309779 -0.0626603 -0.0696619 
0.0316401 0.0394696 -0.0298765 0.00229818 -0.0468367 0.00122175 -0.0206337 -0.0429847 -0.00117636 0.0193158 -0.023697 0.0383731 0.127032 -0.0496118 0.120071 -0.123566 1.63771 -0.0848582 -0.487895 -0.173831 -0.612462 -0.0752397 -0.507093 -0.690469 -1.24415 0.00473082 -0.309777 -0.0626699 -0.069663 
0.0316374 0.0394726 -0.0298765 0.00229818 -0.0468367 0.00122175 -0.0206308 -0.0429903 -0.00117636 0.0193158 -0.023697 0.0383731 0.127032 -0.0496113 0.120071 -0.123566 1.63771 -0.0848584 -0.487895 -0.173831 -0.612306 -0.0756035 -0.516736 -0.687268 -1.23837 0.00472784 -0.309776 -0.0626745 -0.0696655 
0.0316401 0.0394726 -0.0298765 0.00229818 -0.0468367 0.00122175 -0.0206254 -0.0429903 -0.00117636 0.0193158 -0.023697 0.0383731 0.127032 -0.0496113 0.120071 -0.123566 1.63771 -0.0848584 -0.487895 -0.173831 -0.612156 -0.0758679 -0.526139 -0.68403 -1.23279 0.00472915 -0.309778 -0.0626745 -0.0696822 
0.0316458 0.0394726 -0.0298765 0.00229818 -0.0468367 0.00122175 -0.0206308 -0.0429903 -0.00118208 0.0193158 -0.023697 0.0383731 0.127031 -0.0496113 0.120071 -0.123566 1.63771 -0.0848596 -0.487895 -0.173831 -0.612005 -0.0759718 -0.536383 -0.680378 -1.22657 0.00473034 -0.309778 -0.0626794 -0.0696966 
0.0316401 0.0394726 -0.0298765 0.00229818 -0.0468367 0.00122175 -0.0206337 -0.0429987 -0.00117636 0.0193158 -0.023697 0.0383731 0.127032 -0.0496118 0.120071 -0.123566 1.63771 -0.0848584 -0.487895 -0.173832 -0.611881 -0.0759969 -0.545191 -0.677075 -1.22119 0.00472736 -0.309778 -0.0626854 -0.0697062 
0.0316262 0.0394726 -0.0298765 0.00229818 -0.0468367 0.00122175 -0.0206337 -0.0429987 -0.00118208 0.0193158 -0.023697 0.0383731 0.127034 -0.0496118 0.120071 -0.123566 1.63771 -0.0848584 -0.487895 -0.173831 -0.611754 -0.0759866 -0.554703 -0.673377 -1.21524 0.00472915 -0.309778 -0.0626926 -0.0697098 
0.0316262 0.0394779 -0.0298765 0.00229818 -0.0468367 0.00122175 -0.0206308 -0.0429847 -0.00118208 0.0193158 -0.023697 0.0383731 0.127034 -0.0496118 0.120071 -0.123566 1.63771 -0.0848572 -0.487895 -0.173831 -0.611656 -0.0759866 -0.562715 -0.670228 -1.21023 0.00472736 -0.309778 -0.0627332 -0.0697098 
0.0316262 0.0394779 -0.0298765 0.00229818 -0.0468367 0.00122175 -0.0206337 -0.0429987 -0.00118208 0.0193158 -0.023697 0.0383731 0.127032 -0.0496118 0.120071 -0.123566 1.63771 -0.0848584 -0.487895 -0.173831 -0.611576 -0.0759871 -0.570397 -0.667106 -1.20545 0.00472474 -0.309775 -0.0627979 -0.0697157 
0.0316236 0.039489 -0.029871 0.00229818 -0.0468393 0.00122656 -0.0206337 -0.0429987 -0.00119042 0.0193158 -0.023697 0.0383731 0.127031 -0.0496113 0.120071 -0.123566 1.63771 -0.0848584 -0.487895 -0.17383 -0.611523 -0.0759785 -0.578418 -0.663723 -1.20038 0.00471759 -0.309778 -0.0628841 -0.0697445 
0.0316236 0.0394948 -0.0298765 0.00229818 -0.0468406 0.00122897 -0.0206337 -0.0429987 -0.00119042 0.0193158 -0.023697 0.0383731 0.127032 -0.0496113 0.120072 -0.123565 1.63771 -0.0848606 -0.487895 -0.17383 -0.611517 -0.0759811 -0.585033 -0.660932 -1.19615 0.00471938 -0.309777 -0.0630205 -0.0697672 
0.0316236 0.0394948 -0.029871 0.00229818 -0.0468406 0.00122897 -0.0206337 -0.0429987 -0.00119042 0.0193158 -0.0236958 0.0383755 0.127031 -0.0496118 0.120072 -0.123566 1.63771 -0.0848584 -0.487896 -0.173831 -0.611516 -0.0759811 -0.591166 -0.658206 -1.19206 0.00471759 -0.309774 -0.063175 -0.069772 
0.0316262 0.0394975 -0.0298765 0.00229818 -0.0468406 0.00122897 -0.0206337 -0.0430042 -0.00119042 0.0193158 -0.0236957 0.0383755 0.127031 -0.0496125 0.120072 -0.123566 1.63771 -0.0848582 -0.487895 -0.173831 -0.611516 -0.0759785 -0.597504 -0.655267 -1.18775 0.00471568 -0.309777 -0.0633137 -0.0697852 
0.0316262 0.0394975 -0.0298765 0.00229818 -0.0468406 0.00122897 -0.0206308 -0.0429958 -0.00119042 0.0193158 -0.0236957 0.0383755 0.127034 -0.0496125 0.120071 -0.123566 1.63771 -0.0848572 -0.487895 -0.173831 -0.611516 -0.0759795 -0.602635 -0.652917 -1.18423 0.00471389 -0.309778 -0.0634298 -0.0697852 
0.0316348 0.0395001 -0.0298765 0.00229818 -0.0468406 0.00122897 -0.0206254 -0.0429847 -0.00119591 0.0193158 -0.0236957 0.0383755 0.127032 -0.0496137 0.120073 -0.123566 1.63771 -0.0848596 -0.487895 -0.173831 -0.611517 -0.0759795 -0.607803 -0.650471 -1.18049 0.00471389 -0.309776 -0.0635506 -0.0697756 
0.0316401 0.0395001 -0.0298765 0.00229818 -0.0468406 0.00122897 -0.0206113 -0.0429987 -0.00119853 0.0193158 -0.0236957 0.0383755 0.127032 -0.0496125 0.120072 -0.123565 1.63771 -0.0848606 -0.487895 -0.17383 -0.611517 -0.0759795 -0.611803 -0.648442 -1.17752 0.00471199 -0.309776 -0.063607 -0.0697648 
0.0316458 0.0395001 -0.029871 0.00229818 -0.0468406 0.00122897 -0.0206113 -0.0429987 -0.00119853 0.0193158 -0.0236957 0.0383755 0.127031 -0.0496113 0.120072 -0.123565 1.63771 -0.0848584 -0.487895 -0.173832 -0.611516 -0.075985 -0.615273 -0.646718 -1.17506 0.00470591 -0.309777 -0.0636333 -0.0697612 
0.0316458 0.0395031 -0.029871 0.00229818 -0.0468406 0.00122897 -0.020617 -0.0429987 -0.00119853 0.0193158 -0.0236957 0.0383755 0.127031 -0.0496118 0.120072 -0.123565 1.63771 -0.0848584 -0.487895 -0.173831 -0.611517 -0.0759952 -0.618563 -0.64503 -1.1727 0.00469792 -0.309777 -0.0636488 -0.0697672 
0.0316458 0.0395031 -0.029871 0.00229818 -0.0468406 0.00122897 -0.0206113 -0.0429987 -0.00120139 0.0193158 -0.0236932 0.0383802 0.127031 -0.0496125 0.120072 -0.123566 1.63771 -0.0848572 -0.487895 -0.173831 -0.611517 -0.0759969 -0.620897 -0.643817 -1.17084 0.00468946 -0.309777 -0.0636524 -0.0697564 
0.0316458 0.0395224 -0.0298765 0.00229818 -0.0468406 0.00122897 -0.0206113 -0.0429987 -0.00120139 0.0193158 -0.0236932 0.0383802 0.127032 -0.0496118 0.120072 -0.123566 1.63771 -0.0848584 -0.487895 -0.173832 -0.611517 -0.0759988 -0.622732 -0.642909 -1.16924 0.00469077 -0.309775 -0.0636548 -0.0697253 
0.0316458 0.0395253 -0.0298765 0.00229818 -0.0468406 0.00122897 -0.020617 -0.0429987 -0.00120687 0.0193158 -0.0236932 0.0383802 0.127031 -0.0496125 0.120073 -0.123566 1.63771 -0.0848582 -0.487895 -0.173831 -0.611517 -0.0759988 -0.624227 -0.642153 -1.16784 0.00469005 -0.309777 -0.0636607 -0.0697026 
0.0316458 0.0395253 -0.0298765 0.00229818 -0.0468406 0.00122897 -0.0206113 -0.0429987 -0.00120687 0.0193158 -0.0236932 0.0383802 0.127031 -0.0496125 0.120072 -0.123566 1.63771 -0.0848584 -0.487895 -0.173831 -0.611517 -0.0759981 -0.625035 -0.641757 -1.16702 0.00468767 -0.309777 -0.0636595 -0.0696595 
0.0316458 0.0395253 -0.029871 0.00229818 -0.0468406 0.00122897 -0.0206113 -0.0429931 -0.00120687 0.0193158 -0.0236932 0.0383802 0.127032 -0.0496118 0.120074 -0.123566 1.63771 -0.0848582 -0.487895 -0.173831 -0.611517 -0.0759988 -0.625329 -0.641613 -1.1666 0.00468707 -0.309777 -0.0636607 -0.0695806 
0.0316401 0.0395253 -0.0298765 0.00229818 -0.0468406 0.00122897 -0.0206113 -0.0429903 -0.00120974 0.0193158 -0.0236932 0.0383802 0.127032 -0.0496118 0.120074 -0.123566 1.63771 -0.0848584 -0.487896 -0.173831 -0.611517 -0.0759981 -0.625204 -0.641671 -1.16657 0.00468028 -0.309777 -0.0636631 -0.0694632 
0.0316348 0.0395335 -0.0298765 0.00229818 -0.0468432 0.00122417 -0.0206113 -0.0429903 -0.0012126 0.0193158 -0.0236932 0.0383802 0.127032 -0.0496113 0.120074 -0.123567 1.63771 -0.0848584 -0.487895 -0.173831 -0.611517 -0.0759974 -0.624977 -0.641746 -1.16657 0.004637 -0.309777 -0.0636607 -0.0693687 
0.0316348 0.0395529 -0.0298765 0.00229818 -0.0468432 0.00122417 -0.0206113 -0.0429987 -0.00121522 0.0193158 -0.0236932 0.0383802 0.127032 -0.0496125 0.120075 -0.123566 1.63771 -0.0848582 -0.487895 -0.173831 -0.611519 -0.0759974 -0.624588 -0.641802 -1.16658 0.00448382 -0.309777 -0.0636716 -0.0693244 
0.0316348 0.039564 -0.0298765 0.00229818 -0.0468419 0.00122176 -0.0206058 -0.0429987 -0.00122905 0.0193158 -0.0236932 0.0383802 0.127032 -0.0496137 0.120076 -0.123566 1.63771 -0.0848596 -0.487895 -0.173831 -0.611527 -0.0759974 -0.624134 -0.641802 -1.16658 0.00435436 -0.309778 -0.063668 -0.06931 
0.0316374 0.0395751 -0.0298765 0.00229818 -0.0468458 0.00121457 -0.0206032 -0.0429987 -0.00124311 0.0193158 -0.0236932 0.0383802 0.127032 -0.0496113 0.120077 -0.123566 1.63771 -0.0848582 -0.487895 -0.17383 -0.611526 -0.0759974 -0.623605 -0.641817 -1.16658 0.00432205 -0.309777 -0.0636692 -0.06931 
0.0316401 0.039589 -0.0298765 0.00229818 -0.046838 0.00120012 -0.0206032 -0.0429987 -0.0012486 0.0193158 -0.0236932 0.0383802 0.127032 -0.0496118 0.120078 -0.123566 1.63771 -0.0848584 -0.487895 -0.173831 -0.611527 -0.0759981 -0.622924 -0.64185 -1.16659 0.00429213 -0.309777 -0.0636667 -0.0693184 
0.0316458 0.0395807 -0.0298765 0.00229818 -0.046838 0.00120012 -0.0205975 -0.0429987 -0.00125408 0.0193158 -0.0236919 0.0383825 0.127032 -0.0496125 0.120078 -0.123566 1.63771 -0.0848584 -0.487895 -0.173831 -0.611526 -0.0759974 -0.62224 -0.641876 -1.16659 0.00429213 -0.309777 -0.063668 -0.0693184 
0.0316541 0.0395807 -0.0298765 0.00229818 -0.046838 0.00120012 -0.0205922 -0.0429987 -0.00125957 0.0193158 -0.0236919 0.0383825 0.127032 -0.0496137 0.120079 -0.123566 1.63771 -0.0848582 -0.487895 -0.173831 -0.611527 -0.0759969 -0.621509 -0.641898 -1.1666 0.00429082 -0.309778 -0.063668 -0.0693125 
0.0316596 0.039578 -0.0298765 0.00229818 -0.0468354 0.00120492 -0.0205922 -0.0429987 -0.00125957 0.0193158 -0.0236919 0.0383825 0.127032 -0.0496137 0.120079 -0.123566 1.63771 -0.0848584 -0.487895 -0.173831 -0.611527 -0.0759974 -0.620618 -0.641928 -1.1666 0.00428414 -0.309777 -0.063668 -0.0692956 
0.0316653 0.039578 -0.0298765 0.00229818 -0.0468354 0.00120492 -0.0205865 -0.0429931 -0.00125957 0.0193158 -0.0236919 0.0383825 0.127032 -0.0496137 0.120079 -0.123566 1.63771 -0.0848596 -0.487895 -0.173831 -0.611533 -0.0759974 -0.61957 -0.64198 -1.16661 0.00428045 -0.309777 -0.0636692 -0.0692322 
0.0316734 0.039578 -0.0298765 0.00229818 -0.0468341 0.00120732 -0.0205836 -0.0429958 -0.00126243 0.0193158 -0.0236919 0.0383825 0.127031 -0.0496125 0.120079 -0.123566 1.63771 -0.0848596 -0.487895 -0.173832 -0.611534 -0.0759974 -0.618284 -0.642052 -1.16663 0.00427008 -0.309778 -0.0636692 -0.0692047 
0.0316734 0.0395807 -0.0298765 0.00229818 -0.0468367 0.00121213 -0.0205865 -0.0429958 -0.00126791 0.0193158 -0.0236919 0.0383825 0.127031 -0.0496125 0.120079 -0.123566 1.63771 -0.0848582 -0.487896 -0.173831 -0.611535 -0.0759974 -0.616949 -0.642109 -1.16665 0.00425482 -0.309778 -0.063668 -0.0692119 
0.0316846 0.0395862 -0.0298793 0.00229818 -0.046838 0.00121454 -0.0205836 -0.0429987 -0.00126791 0.0193158 -0.0236906 0.0383849 0.127032 -0.0496137 0.120079 -0.123566 1.63771 -0.0848582 -0.487895 -0.173831 -0.611537 -0.0759988 -0.615457 -0.642175 -1.1667 0.00423539 -0.309777 -0.0636787 -0.0692179 
0.0316985 0.0395862 -0.0298793 0.00229818 -0.046838 0.00121454 -0.020581 -0.0429987 -0.00127339 0.0193158 -0.0236906 0.0383849 0.127032 -0.0496125 0.120079 -0.123567 1.63771 -0.0848584 -0.487895 -0.173831 -0.611544 -0.0759988 -0.6135 -0.642265 -1.16676 0.00421154 -0.309777 -0.0636859 -0.069237 
0.0317152 0.0395862 -0.0298793 0.00229818 -0.046838 0.00121454 -0.0205727 -0.0430069 -0.00127339 0.0193158 -0.0236906 0.0383849 0.127032 -0.0496125 0.120082 -0.123566 1.63771 -0.0848584 -0.487895 -0.173831 -0.611555 -0.0759997 -0.611546 -0.642407 -1.16679 0.00418651 -0.309777 -0.0636919 -0.0692538 
0.0317428 0.0395862 -0.0298793 0.00229818 -0.046838 0.00121454 -0.0205727 -0.0429958 -0.00127912 0.0193158 -0.0236906 0.0383849 0.127032 -0.0496118 0.120087 -0.123566 1.63771 -0.0848582 -0.487895 -0.17383 -0.611562 -0.0759981 -0.609303 -0.642616 -1.16682 0.00414622 -0.309777 -0.0636944 -0.0692729 
0.0317705 0.0395807 -0.0298793 0.00230192 -0.0468393 0.00121214 -0.0205669 -0.0430069 -0.00128174 0.0193158 -0.0236906 0.0383849 0.127032 -0.0496113 0.120089 -0.123566 1.63771 -0.0848584 -0.487895 -0.173831 -0.611573 -0.0759988 -0.606416 -0.642936 -1.16684 0.00409746 -0.309778 -0.0636954 -0.0692909 
0.0317845 0.039589 -0.0298793 0.00230192 -0.0468393 0.00121214 -0.0205643 -0.0430069 -0.00129008 0.0193158 -0.0236906 0.0383849 0.127032 -0.0496125 0.120091 -0.123566 1.63771 -0.0848584 -0.487895 -0.173831 -0.611577 -0.0759974 -0.603503 -0.643339 -1.16687 0.00403523 -0.309775 -0.0636954 -0.069304 
0.03179 0.039589 -0.0298793 0.00230565 -0.0468393 0.00121214 -0.0205588 -0.0430042 -0.00129867 0.0193158 -0.0236906 0.0383849 0.127034 -0.0496137 0.120092 -0.123566 1.63771 -0.0848584 -0.487895 -0.17383 -0.61159 -0.0759981 -0.600236 -0.643851 -1.16692 0.0039326 -0.309776 -0.0637003 -0.06931 
0.0317845 0.0395918 -0.0298793 0.00230565 -0.0468406 0.00120974 -0.0205588 -0.0430042 -0.00131249 0.0193158 -0.0236893 0.0383825 0.127034 -0.0496137 0.120094 -0.123566 1.63771 -0.0848584 -0.487895 -0.173831 -0.611614 -0.0759974 -0.596089 -0.644556 -1.16705 0.00381362 -0.309776 -0.0637014 -0.0693125 
0.0317845 0.0396029 -0.0298793 0.00230565 -0.0468419 0.00120735 -0.0205588 -0.0430042 -0.00132084 0.0193158 -0.0236893 0.0383825 0.127034 -0.0496125 0.120095 -0.123567 1.63771 -0.0848584 -0.487896 -0.173831 -0.611635 -0.0759981 -0.592023 -0.645266 -1.16725 0.00371706 -0.309774 -0.0637003 -0.0693077 
0.0317845 0.0396194 -0.0298793 0.00230565 -0.0468419 0.00120735 -0.0205588 -0.0429987 -0.00132608 0.0193158 -0.0236893 0.0383825 0.127032 -0.0496125 0.120098 -0.123566 1.63771 -0.0848584 -0.487895 -0.173831 -0.611658 -0.0759988 -0.586945 -0.646188 -1.16764 0.00356209 -0.309775 -0.0636966 -0.069304 
0.03179 0.0396334 -0.0298793 0.00230565 -0.0468445 0.00120255 -0.0205588 -0.0429987 -0.00133181 0.0193158 -0.0236867 0.0383777 0.127032 -0.0496118 0.1201 -0.123567 1.63771 -0.0848582 -0.487895 -0.173831 -0.611701 -0.0760083 -0.582061 -0.647171 -1.16812 0.00344253 -0.309774 -0.063705 -0.0692873 
0.03179 0.0396472 -0.0298822 0.00230565 -0.0468458 0.00120015 -0.0205588 -0.0429987 -0.00133467 0.0193158 -0.0236867 0.0383777 0.127032 -0.0496137 0.1201 -0.123567 1.63771 -0.0848584 -0.487895 -0.173831 -0.611749 -0.0760138 -0.576828 -0.648414 -1.16872 0.00338948 -0.309774 -0.0637075 -0.0692682 
0.03179 0.0396668 -0.0298822 0.00230565 -0.0468458 0.00119535 -0.0205531 -0.0429987 -0.00134015 0.0193158 -0.0236867 0.0383777 0.127032 -0.0496125 0.120101 -0.123567 1.63771 -0.0848582 -0.487895 -0.17383 -0.611792 -0.0760155 -0.570415 -0.650095 -1.16954 0.00338268 -0.309774 -0.063705 -0.069261 
0.0317955 0.0396721 -0.0298822 0.00230565 -0.0468458 0.00119535 -0.0205421 -0.0429958 -0.00134301 0.0193158 -0.0236867 0.0383777 0.127034 -0.0496137 0.120101 -0.123567 1.63771 -0.0848584 -0.487895 -0.173832 -0.611821 -0.0760145 -0.564294 -0.651752 -1.17033 0.0033778 -0.309774 -0.0637112 -0.0692502 
0.0318093 0.0396721 -0.0298822 0.00230565 -0.0468432 0.00119053 -0.0205338 -0.0429958 -0.00134301 0.0193158 -0.0236867 0.0383777 0.127032 -0.0496125 0.120103 -0.123566 1.63771 -0.0848584 -0.487896 -0.173831 -0.61183 -0.0760145 -0.557783 -0.653642 -1.17122 0.00335276 -0.309773 -0.0637112 -0.069261 
0.0318151 0.0396862 -0.0298822 0.00230565 -0.0468445 0.00118813 -0.0205338 -0.0429958 -0.00134563 0.0193158 -0.0236867 0.0383777 0.127032 -0.0496125 0.12011 -0.123566 1.63771 -0.0848606 -0.487896 -0.17383 -0.611844 -0.0760145 -0.549883 -0.655914 -1.1724 0.00328195 -0.309774 -0.0637171 -0.0692622 
0.0318205 0.0397167 -0.0298848 0.00230565 -0.0468431 0.00118565 -0.0205309 -0.0429958 -0.00134563 0.0193158 -0.0236867 0.0383777 0.127032 -0.0496137 0.120115 -0.123566 1.63771 -0.0848582 -0.487895 -0.173831 -0.611867 -0.0760145 -0.542388 -0.658206 -1.17366 0.00318432 -0.309774 -0.0637218 -0.0692561 
0.0318232 0.0397389 -0.0298848 0.00230565 -0.0468419 0.00118332 -0.0205309 -0.0429931 -0.00135136 0.0193158 -0.0236867 0.0383777 0.127032 -0.0496125 0.12012 -0.123566 1.63771 -0.0848582 -0.487895 -0.17383 -0.611892 -0.0760155 -0.534422 -0.660635 -1.17524 0.00314593 -0.309774 -0.0637182 -0.069267 
0.0318289 0.0397887 -0.0298848 0.00230565 -0.0468406 0.00118091 -0.0205283 -0.0429931 -0.00135136 0.0193158 -0.0236867 0.0383777 0.127034 -0.0496118 0.120122 -0.123566 1.63771 -0.0848584 -0.487895 -0.173831 -0.611931 -0.0760145 -0.525073 -0.663592 -1.17767 0.00312817 -0.309773 -0.0637194 -0.0692717 
0.0318289 0.0397916 -0.0298905 0.00230565 -0.0468406 0.00118091 -0.0205255 -0.0429847 -0.00135398 0.0193158 -0.0236867 0.0383777 0.127037 -0.0496125 0.120123 -0.123568 1.63771 -0.0848572 -0.487895 -0.173831 -0.611971 -0.0760128 -0.516393 -0.666452 -1.1805 0.00309396 -0.309774 -0.0637254 -0.0692598 
0.0318289 0.0398165 -0.029896 0.00230565 -0.0468406 0.00118091 -0.02052 -0.0429847 -0.00137067 0.0193158 -0.0236867 0.0383777 0.127039 -0.0496137 0.120122 -0.123568 1.63771 -0.0848565 -0.487896 -0.173832 -0.612012 -0.0760045 -0.507228 -0.669479 -1.18385 0.0030781 -0.309774 -0.0637445 -0.069249 
0.0318289 0.0398248 -0.029896 0.00230565 -0.0468406 0.00118091 -0.0205171 -0.0429847 -0.00137353 0.0193158 -0.0236867 0.0383777 0.127034 -0.0496125 0.120123 -0.123567 1.63771 -0.0848582 -0.487895 -0.173831 -0.612068 -0.0759974 -0.496483 -0.672978 -1.18809 0.0030781 -0.309774 -0.0637445 -0.069237 
0.0318232 0.0398165 -0.029896 0.00230565 -0.0468406 0.00118091 -0.0205142 -0.0429903 -0.00137353 0.0193158 -0.0236867 0.0383777 0.127034 -0.0496113 0.120123 -0.123567 1.63771 -0.0848584 -0.487895 -0.173831 -0.6121 -0.0759969 -0.486624 -0.676131 -1.19234 0.00307131 -0.309774 -0.0637505 -0.069237 
0.0318179 0.0398138 -0.0298986 0.00230565 -0.0468406 0.00118091 -0.0205116 -0.0429987 -0.00137353 0.0193158 -0.0236867 0.0383777 0.127034 -0.0496113 0.120123 -0.123566 1.63771 -0.0848582 -0.487895 -0.173831 -0.612129 -0.0759871 -0.474988 -0.679741 -1.19768 0.00306225 -0.309776 -0.0637636 -0.069237 
0.0318232 0.0398165 -0.029896 0.00230565 -0.0468406 0.00118091 -0.0205116 -0.0429847 -0.00137353 0.0193232 -0.0236867 0.0383777 0.127037 -0.0496118 0.120123 -0.123567 1.63771 -0.0848584 -0.487895 -0.173831 -0.612175 -0.0759838 -0.464209 -0.68304 -1.20279 0.00306463 -0.309774 -0.063784 -0.0692287 
0.0318289 0.0398165 -0.0298986 0.00230565 -0.0468406 0.00118091 -0.0205033 -0.0429847 -0.00137901 0.0193232 -0.0236867 0.0383777 0.127034 -0.0496118 0.120123 -0.123567 1.63771 -0.0848584 -0.487895 -0.173831 -0.61221 -0.0759773 -0.453178 -0.686348 -1.20835 0.00306356 -0.309773 -0.0637864 -0.069231 
0.0318289 0.039822 -0.0298986 0.00230565 -0.0468406 0.00118091 -0.0205004 -0.0429847 -0.00137901 0.0193232 -0.0236867 0.0383777 0.127037 -0.0496118 0.120123 -0.123567 1.63771 -0.0848584 -0.487895 -0.173832 -0.612242 -0.0759468 -0.44026 -0.690163 -1.21504 0.00305915 -0.309777 -0.0637923 -0.0692251 
0.0318372 0.0398276 -0.0298986 0.00230565 -0.0468406 0.00118091 -0.0204866 -0.0429792 -0.00138164 0.0193232 -0.0236867 0.0383777 0.127034 -0.0496125 0.120123 -0.123567 1.63771 -0.0848582 -0.487895 -0.173832 -0.612299 -0.0759282 -0.42838 -0.693641 -1.22141 0.00305796 -0.309777 -0.0637959 -0.0692263 
0.0318511 0.0398303 -0.0299044 0.00230565 -0.0468406 0.00118091 -0.0204618 -0.0429792 -0.00138164 0.0193232 -0.0236867 0.0383777 0.127034 -0.0496113 0.120126 -0.123567 1.63771 -0.0848582 -0.487895 -0.173831 -0.61236 -0.0759254 -0.416276 -0.697063 -1.22803 0.00305438 -0.309776 -0.0638008 -0.0692335 
0.0318565 0.0398498 -0.0298986 0.00230565 -0.0468406 0.00118091 -0.0204504 -0.0429765 -0.0013845 0.0193232 -0.0236867 0.0383777 0.127034 -0.0496125 0.120126 -0.123567 1.63771 -0.0848584 -0.487896 -0.173831 -0.612397 -0.0759177 -0.40221 -0.700764 -1.23601 0.00304878 -0.309777 -0.0638044 -0.0692335 
0.0318565 0.0398552 -0.0298986 0.00230565 -0.0468406 0.00118091 -0.0204477 -0.0429792 -0.00138998 0.0193232 -0.0236867 0.0383777 0.127034 -0.0496118 0.120126 -0.123567 1.63771 -0.0848584 -0.487896 -0.17383 -0.612416 -0.0758929 -0.389467 -0.703847 -1.24356 0.0030477 -0.309778 -0.0638032 -0.0692335 
0.0318565 0.0398552 -0.0299044 0.00230565 -0.0468406 0.00118091 -0.0204422 -0.0429847 -0.00138998 0.0193232 -0.0236867 0.0383777 0.127034 -0.0496118 0.120126 -0.123567 1.63771 -0.0848582 -0.487895 -0.173831 -0.612421 -0.0758851 -0.376324 -0.706773 -1.2515 0.00304031 -0.309777 -0.0638187 -0.0692347 
0.0318565 0.0398552 -0.0299044 0.00230565 -0.0468406 0.00118091 -0.0204422 -0.0429765 -0.00138998 0.0193232 -0.0236867 0.0383777 0.127037 -0.0496125 0.120125 -0.123567 1.63771 -0.0848572 -0.487895 -0.173831 -0.612434 -0.0758634 -0.361278 -0.709846 -1.26086 0.00304139 -0.309772 -0.0638272 -0.0692251 
0.0318565 0.0398552 -0.0299044 0.00230565 -0.0468419 0.00118332 -0.0204394 -0.0429765 -0.00138998 0.0193232 -0.0236867 0.0383777 0.127037 -0.0496125 0.120126 -0.123567 1.63771 -0.0848582 -0.487895 -0.173831 -0.612453 -0.0757868 -0.347677 -0.712423 -1.26953 0.003039 -0.309777 -0.0638428 -0.0692167 
0.0318565 0.0398693 -0.0299044 0.00230565 -0.0468419 0.00118332 -0.0204282 -0.0429765 -0.00139284 0.0193232 -0.0236867 0.0383777 0.127037 -0.0496125 0.120125 -0.123566 1.63771 -0.0848582 -0.487895 -0.173831 -0.612491 -0.0756726 -0.331965 -0.715182 -1.27949 0.00304031 -0.309776 -0.0638654 -0.0691928 
0.0318594 0.0398693 -0.0299044 0.00230565 -0.0468419 0.00118332 -0.0204229 -0.0429765 -0.00139284 0.0193232 -0.0236867 0.0383777 0.127037 -0.0496125 0.120126 -0.123566 1.63771 -0.0848584 -0.487895 -0.17383 -0.612527 -0.0755115 -0.317751 -0.717411 -1.28842 0.003039 -0.309778 -0.0638702 -0.0691867 
0.0318594 0.0398693 -0.0299044 0.00230565 -0.0468419 0.00118332 -0.0204144 -0.0429709 -0.00139284 0.0193232 -0.0236841 0.0383824 0.127034 -0.0496125 0.120125 -0.123566 1.63771 -0.0848584 -0.487895 -0.173832 -0.612529 -0.0753348 -0.303184 -0.719384 -1.29751 0.00304031 -0.309778 -0.0638751 -0.0691975 
0.0318594 0.0398693 -0.0299044 0.00230565 -0.0468419 0.00118332 -0.0204117 -0.0429792 -0.00139284 0.0193232 -0.0236841 0.0383824 0.127034 -0.0496118 0.120126 -0.123567 1.63771 -0.0848606 -0.487895 -0.173831 -0.612529 -0.0751901 -0.28661 -0.721339 -1.30786 0.00303793 -0.309777 -0.0638797 -0.0692012 
0.0318594 0.0398693 -0.0299044 0.00230565 -0.0468419 0.00118332 -0.0204117 -0.0429765 -0.00139284 0.0193232 -0.0236841 0.0383824 0.127034 -0.0496125 0.120126 -0.123567 1.63771 -0.0848582 -0.487896 -0.173832 -0.612529 -0.0751133 -0.269773 -0.722938 -1.3184 0.00303793 -0.309777 -0.0638822 -0.0691975 
0.0318675 0.0398693 -0.0299044 0.00230565 -0.0468419 0.00118332 -0.0204034 -0.0429792 -0.00139284 0.0193232 -0.0236841 0.0383824 0.127037 -0.0496125 0.120126 -0.123567 1.63771 -0.0848584 -0.487895 -0.173831 -0.612533 -0.0750468 -0.254628 -0.724195 -1.32799 0.00303793 -0.309777 -0.0639001 -0.069188 
0.0318706 0.0398747 -0.0299044 0.00230565 -0.0468419 0.00118332 -0.0203896 -0.0429765 -0.00139284 0.0193232 -0.0236841 0.0383824 0.127037 -0.0496137 0.120125 -0.123567 1.63771 -0.0848584 -0.487895 -0.173831 -0.612552 -0.0749784 -0.237225 -0.725287 -1.33896 0.003039 -0.309778 -0.0639061 -0.0691605 
0.0318983 0.0398804 -0.0299044 0.00230565 -0.0468419 0.00118332 -0.0203674 -0.0429682 -0.00139284 0.0193232 -0.0236841 0.0383824 0.127034 -0.0496125 0.120126 -0.123566 1.63771 -0.0848582 -0.487895 -0.173831 -0.612589 -0.0748625 -0.221491 -0.726074 -1.34884 0.00303793 -0.309778 -0.0639061 -0.0690539 
0.0319426 0.0398915 -0.0298986 0.00230565 -0.0468445 0.00118813 -0.020334 -0.0429682 -0.0013957 0.019327 -0.0236841 0.0383824 0.127034 -0.0496113 0.120125 -0.123567 1.63771 -0.0848582 -0.487895 -0.173832 -0.612686 -0.0747461 -0.205651 -0.726725 -1.35878 0.00303972 -0.309775 -0.0639085 -0.0689713 
0.031951 0.0398915 -0.0298986 0.00230565 -0.0468445 0.00118813 -0.0203202 -0.0429709 -0.0013957 0.019327 -0.0236841 0.0383824 0.127037 -0.0496113 0.120125 -0.123567 1.63771 -0.0848584 -0.487895 -0.173831 -0.612815 -0.0746469 -0.187582 -0.727051 -1.37026 0.003039 -0.309777 -0.0639096 -0.068975 
0.0319397 0.0398831 -0.0298986 0.00230565 -0.0468445 0.00118813 -0.0203285 -0.0429847 -0.00139832 0.019327 -0.0236841 0.0383824 0.127034 -0.0496118 0.120125 -0.123568 1.63771 -0.0848582 -0.487895 -0.173832 -0.612875 -0.074542 -0.171508 -0.727069 -1.38051 0.00304031 -0.309777 -0.0639096 -0.0689833 
0.0319481 0.0398693 -0.029896 0.00230565 -0.0468445 0.00118813 -0.0203173 -0.0429958 -0.00139832 0.019327 -0.0236841 0.0383824 0.127037 -0.0496113 0.120126 -0.123567 1.63771 -0.0848584 -0.487895 -0.17383 -0.612948 -0.0744777 -0.153254 -0.727063 -1.39225 0.00304139 -0.309774 -0.0639275 -0.0689773 
0.0319481 0.0398693 -0.029896 0.00230565 -0.0468445 0.00118813 -0.0203173 -0.0429709 -0.00139832 0.019327 -0.0236841 0.0383824 0.127037 -0.0496118 0.120126 -0.123567 1.63771 -0.0848584 -0.487895 -0.173831 -0.61304 -0.0744593 -0.136899 -0.72705 -1.40286 0.00304139 -0.309772 -0.0639443 -0.0689713 
0.0319481 0.0398693 -0.029896 0.00230565 -0.0468483 0.00119535 -0.020309 -0.0429682 -0.0013957 0.019327 -0.0236841 0.0383824 0.127034 -0.0496118 0.120125 -0.123566 1.63771 -0.0848584 -0.487895 -0.173831 -0.613134 -0.0743313 -0.120478 -0.727052 -1.41352 0.0030427 -0.309773 -0.0639457 -0.068975 
0.0319593 0.0398804 -0.029896 0.00230565 -0.0468483 0.00119535 -0.020298 -0.0429765 -0.0013957 0.019327 -0.0236841 0.0383824 0.127034 -0.0496125 0.120126 -0.123568 1.63771 -0.0848582 -0.487895 -0.173831 -0.613229 -0.0740921 -0.101766 -0.72705 -1.42561 0.003039 -0.309773 -0.0639457 -0.0689845 
0.0319593 0.0398804 -0.029896 0.00230565 -0.0468483 0.00119535 -0.0203063 -0.0429765 -0.00139832 0.0193307 -0.0236841 0.0383824 0.127034 -0.0496118 0.120125 -0.123567 1.63771 -0.0848584 -0.487895 -0.173832 -0.613298 -0.0738404 -0.0849359 -0.727041 -1.43633 0.0030421 -0.309773 -0.0639503 -0.0690204 
0.0319593 0.0398804 -0.0298932 0.00230565 -0.0468483 0.00119535 -0.0203063 -0.0429765 -0.0013957 0.0193307 -0.0236828 0.0383847 0.127034 -0.0496118 0.120126 -0.123567 1.63771 -0.0848584 -0.487895 -0.173831 -0.613338 -0.0735607 -0.0681226 -0.726989 -1.4471 0.00303972 -0.309773 -0.0639528 -0.0690396 
0.0319481 0.0398747 -0.0298932 0.00230565 -0.046847 0.00119295 -0.020309 -0.0429903 -0.00139832 0.0193307 -0.0236828 0.0383847 0.127037 -0.0496137 0.120125 -0.123567 1.63771 -0.0848584 -0.487895 -0.173831 -0.613333 -0.0732436 -0.0491168 -0.726877 -1.45927 0.00304031 -0.309772 -0.0639552 -0.0690563 
0.0319259 0.0398693 -0.0298932 0.00230565 -0.0468445 0.00118813 -0.020323 -0.0429931 -0.0013957 0.0193307 -0.0236815 0.0383823 0.127037 -0.0496137 0.120126 -0.123567 1.63771 -0.0848572 -0.487895 -0.173831 -0.613327 -0.0729856 -0.0322254 -0.726784 -1.47017 0.00304031 -0.309772 -0.0639503 -0.0690563 
0.0319066 0.0398636 -0.0298932 0.00230565 -0.0468445 0.00118813 -0.0203452 -0.0429931 -0.0013957 0.0193307 -0.0236815 0.0383823 0.127034 -0.0496118 0.120125 -0.123567 1.63771 -0.0848584 -0.487895 -0.173832 -0.613329 -0.0726779 -0.0154407 -0.726698 -1.48134 0.003039 -0.30977 -0.0639647 -0.0690515 
0.0318761 0.0398552 -0.0298932 0.00230565 -0.0468445 0.00118813 -0.0203507 -0.042982 -0.0013957 0.0193307 -0.0236815 0.0383823 0.127034 -0.0496137 0.120125 -0.123567 1.63771 -0.0848584 -0.487895 -0.17383 -0.613331 -0.0721743 0.00359082 -0.726636 -1.49418 0.00303793 -0.30977 -0.0639839 -0.069036 
0.0318623 0.0398608 -0.029896 0.00230565 -0.0468445 0.00118813 -0.020359 -0.0429765 -0.0013957 0.0193307 -0.0236828 0.03838 0.127034 -0.0496113 0.120125 -0.123567 1.63771 -0.0848582 -0.487895 -0.173832 -0.613338 -0.0715923 0.0205495 -0.726591 -1.50596 0.00303423 -0.309772 -0.0639958 -0.0690228 
0.0318594 0.0398666 -0.029896 0.00230565 -0.0468445 0.00118813 -0.0203812 -0.0429709 -0.00139832 0.0193307 -0.0236828 0.03838 0.127034 -0.0496118 0.120125 -0.123567 1.63771 -0.0848596 -0.487895 -0.173832 -0.613336 -0.070878 0.0395446 -0.726505 -1.51939 0.00303423 -0.309773 -0.0640007 -0.0690204 
0.0318565 0.0398693 -0.029896 0.00230565 -0.0468445 0.00118813 -0.0203896 -0.0429765 -0.00139832 0.0193307 -0.0236828 0.03838 0.127034 -0.0496125 0.120123 -0.123568 1.63771 -0.0848582 -0.487895 -0.173831 -0.613327 -0.0702643 0.0562689 -0.72638 -1.53139 0.00303113 -0.309772 -0.0640007 -0.0690169 
0.0318427 0.0398666 -0.0298932 0.00230565 -0.0468431 0.00118565 -0.0203896 -0.0429987 -0.00139832 0.0193307 -0.0236828 0.03838 0.127037 -0.0496125 0.120123 -0.123567 1.63771 -0.0848582 -0.487895 -0.173831 -0.613315 -0.0696995 0.0728872 -0.726196 -1.5435 0.00303292 -0.309772 -0.0640018 -0.069018 
0.0317984 0.0398525 -0.029896 0.00230565 -0.0468406 0.00118091 -0.0203979 -0.0429903 -0.00139832 0.0193307 -0.0236828 0.03838 0.127039 -0.0496137 0.120123 -0.123567 1.63771 -0.0848582 -0.487895 -0.173831 -0.613315 -0.0690804 0.091466 -0.725885 -1.55716 0.00303113 -0.309772 -0.0640018 -0.068975 
0.0317566 0.0398498 -0.029896 0.00230565 -0.0468406 0.00118091 -0.0204034 -0.0429847 -0.00139832 0.0193307 -0.0236828 0.03838 0.127037 -0.0496137 0.120123 -0.123567 1.63771 -0.0848596 -0.487895 -0.17383 -0.613318 -0.0684705 0.107911 -0.725524 -1.56928 0.00302863 -0.309772 -0.0640067 -0.0688481 
0.0317402 0.0398498 -0.0298932 0.00230565 -0.0468406 0.00118091 -0.0204091 -0.0429903 -0.0013957 0.0193307 -0.0236828 0.03838 0.127034 -0.0496125 0.120124 -0.123566 1.63771 -0.0848606 -0.487895 -0.173831 -0.613319 -0.067759 0.124194 -0.725065 -1.58155 0.00302148 -0.309773 -0.0640103 -0.0685573 
0.0317373 0.0398636 -0.029896 0.00230565 -0.046838 0.0011761 -0.0204144 -0.0429709 -0.0013957 0.0193307 -0.0236828 0.03838 0.127034 -0.0496113 0.120123 -0.123567 1.63771 -0.0848572 -0.487895 -0.173832 -0.613315 -0.0668874 0.14244 -0.724345 -1.59538 0.00302148 -0.309773 -0.0640149 -0.068233 
0.0317318 0.0398636 -0.0298932 0.00230565 -0.046838 0.0011761 -0.0204229 -0.0429682 -0.0013957 0.0193307 -0.0236828 0.03838 0.127034 -0.0496118 0.120123 -0.123567 1.63771 -0.0848584 -0.487895 -0.17383 -0.613315 -0.0660906 0.158352 -0.723515 -1.60765 0.00301278 -0.309777 -0.0640126 -0.0680032 
0.0317373 0.0398636 -0.029896 0.00230565 -0.046838 0.0011761 -0.0204339 -0.0429765 -0.0013957 0.0193307 -0.0236828 0.03838 0.127034 -0.0496125 0.120123 -0.123567 1.63771 -0.0848572 -0.487895 -0.173831 -0.613313 -0.065351 0.17408 -0.722603 -1.62 0.00301278 -0.309772 -0.0640115 -0.0677997 
0.031729 0.0398608 -0.029896 0.00230565 -0.046838 0.0011761 -0.0204477 -0.0429792 -0.00139832 0.0193307 -0.0236828 0.03838 0.127039 -0.0496125 0.120123 -0.123567 1.63771 -0.0848572 -0.487895 -0.173831 -0.613303 -0.0645881 0.191382 -0.721481 -1.63371 0.00301778 -0.309771 -0.0640186 -0.0675831 
0.0317178 0.0398525 -0.029896 0.00230565 -0.046838 0.0011761 -0.0204535 -0.0429847 -0.0013957 0.0193307 -0.0236828 0.03838 0.127039 -0.0496137 0.12012 -0.123566 1.63771 -0.0848584 -0.487895 -0.17383 -0.613296 -0.0638361 0.206275 -0.720347 -1.64585 0.00302255 -0.309772 -0.0640149 -0.0672708 
0.0317206 0.0398303 -0.029896 0.00230565 -0.046838 0.0011761 -0.0204589 -0.0429903 -0.0013957 0.0193307 -0.0236815 0.0383776 0.127037 -0.0496137 0.12012 -0.123567 1.63771 -0.0848584 -0.487895 -0.173831 -0.613305 -0.0629017 0.22267 -0.71906 -1.6592 0.00302625 -0.309772 -0.0640174 -0.0667262 
0.0317373 0.039822 -0.0298932 0.00230565 -0.046838 0.0011761 -0.0204589 -0.0429903 -0.0013957 0.0193307 -0.0236815 0.0383776 0.127034 -0.0496118 0.120118 -0.123567 1.63771 -0.0848584 -0.487895 -0.173831 -0.613309 -0.0620544 0.236916 -0.718029 -1.67065 0.00302804 -0.30977 -0.0640293 -0.0660584 
0.0317512 0.0398138 -0.029896 0.00230565 -0.046838 0.0011761 -0.0204504 -0.0429847 -0.0013957 0.0193307 -0.0236815 0.0383776 0.127034 -0.0496118 0.12012 -0.123566 1.63771 -0.0848584 -0.487895 -0.173831 -0.613302 -0.0611358 0.25079 -0.717004 -1.68187 0.00302863 -0.30977 -0.0640377 -0.0653775 
0.0317566 0.039822 -0.0298932 0.00230565 -0.0468367 0.00117369 -0.0204504 -0.0429987 -0.0013957 0.0193307 -0.0236815 0.0383776 0.127034 -0.0496125 0.120118 -0.123566 1.63771 -0.0848584 -0.487895 -0.173831 -0.6133 -0.0599837 0.266058 -0.715715 -1.69405 0.00302625 -0.309771 -0.0640413 -0.0647216 
0.0317566 0.0398138 -0.0298932 0.00230565 -0.0468354 0.00117128 -0.0204535 -0.0429987 -0.00139284 0.0193307 -0.0236815 0.0383776 0.127037 -0.0496125 0.12012 -0.123567 1.63771 -0.0848584 -0.487895 -0.173831 -0.613301 -0.0588701 0.279248 -0.714614 -1.70466 0.00302625 -0.309772 -0.0640461 -0.0642489 
0.0317566 0.0398082 -0.0298932 0.00230565 -0.0468354 0.00117128 -0.0204535 -0.0429931 -0.00139284 0.0193307 -0.0236815 0.0383776 0.127037 -0.0496125 0.120118 -0.123567 1.63771 -0.0848584 -0.487895 -0.173831 -0.6133 -0.0577812 0.291942 -0.71362 -1.71498 0.00302863 -0.309771 -0.0640413 -0.0638157 
0.0317566 0.0397887 -0.0298932 0.00230565 -0.0468354 0.00117128 -0.0204504 -0.0429987 -0.00139284 0.0193307 -0.0236815 0.0383776 0.127039 -0.0496137 0.120117 -0.123567 1.63771 -0.0848584 -0.487895 -0.173831 -0.613287 -0.0564864 0.305722 -0.712461 -1.72625 0.00302625 -0.309772 -0.064045 -0.0632616 
0.0317566 0.0397832 -0.0298932 0.00230565 -0.0468341 0.00116888 -0.0204535 -0.0430069 -0.00139284 0.0193307 -0.0236815 0.0383776 0.127034 -0.0496118 0.120117 -0.123567 1.63771 -0.0848584 -0.487895 -0.173831 -0.613279 -0.0553329 0.317455 -0.711473 -1.73594 0.00302625 -0.309772 -0.0640413 -0.0627781 
0.0317566 0.0397776 -0.0298932 0.00230565 -0.0468341 0.00116888 -0.0204589 -0.0430069 -0.00139284 0.0193307 -0.0236815 0.0383776 0.127032 -0.0496113 0.120117 -0.123566 1.63771 -0.0848584 -0.487895 -0.173831 -0.613279 -0.0542672 0.329808 -0.710543 -1.74641 0.00303292 -0.309772 -0.064045 -0.0621378 
0.031754 0.0397693 -0.0298932 0.00230565 -0.0468354 0.00117128 -0.0204589 -0.0430069 -0.00139284 0.0193307 -0.0236815 0.0383776 0.127034 -0.0496113 0.120112 -0.123567 1.63771 -0.0848584 -0.487895 -0.173831 -0.613278 -0.0534778 0.340115 -0.709884 -1.75519 0.0030458 -0.309772 -0.064045 -0.0615969 
0.0317457 0.0397693 -0.0298905 0.00230565 -0.0468354 0.00117128 -0.0204589 -0.0430042 -0.00138998 0.019327 -0.0236815 0.0383776 0.127034 -0.0496113 0.120108 -0.123567 1.63771 -0.0848582 -0.487895 -0.173831 -0.613279 -0.0527391 0.349607 -0.709388 -1.76347 0.00307393 -0.309772 -0.0640485 -0.0609314 
0.0317512 0.0397444 -0.0298905 0.00230565 -0.046838 0.0011761 -0.0204618 -0.0429987 -0.00137901 0.019327 -0.0236828 0.03838 0.127034 -0.0496113 0.120108 -0.123567 1.63771 -0.0848584 -0.487895 -0.17383 -0.613279 -0.0519419 0.359479 -0.70904 -1.7721 0.00308371 -0.309774 -0.0640857 -0.060071 
0.0317566 0.0397249 -0.0298905 0.00230565 -0.046847 0.00119295 -0.0204589 -0.0429987 -0.00137353 0.019327 -0.0236828 0.03838 0.127034 -0.0496113 0.120106 -0.123568 1.63771 -0.0848572 -0.487895 -0.173831 -0.613276 -0.0511577 0.367603 -0.7089 -1.77918 0.00308669 -0.309773 -0.0641992 -0.0593075 
0.031765 0.0397249 -0.0298905 0.00230565 -0.0468445 0.00118813 -0.0204589 -0.0429987 -0.00137353 0.019327 -0.0236841 0.0383824 0.127034 -0.0496113 0.120106 -0.123567 1.63771 -0.0848582 -0.487895 -0.173832 -0.613267 -0.050303 0.375111 -0.708845 -1.78579 0.00310254 -0.309772 -0.0644673 -0.0585858 
0.0317788 0.0397195 -0.0298905 0.00230565 -0.0468445 0.00118813 -0.0204589 -0.0429987 -0.00137353 0.019327 -0.0236867 0.0383872 0.127032 -0.0496113 0.120106 -0.123567 1.63771 -0.0848584 -0.487895 -0.173831 -0.613269 -0.0491896 0.383737 -0.708851 -1.79324 0.00310314 -0.309774 -0.0648168 -0.0579264 
0.03179 0.0397167 -0.0298905 0.00230565 -0.0468445 0.00118813 -0.0204589 -0.0429958 -0.00137353 0.019327 -0.0236867 0.0383872 0.127032 -0.0496113 0.120106 -0.123567 1.63771 -0.0848584 -0.487895 -0.173831 -0.613272 -0.0482395 0.390027 -0.708864 -1.79871 0.00310194 -0.309775 -0.0650467 -0.0575291 
0.0318041 0.0397084 -0.0298905 0.00230565 -0.0468445 0.00118813 -0.0204535 -0.0430069 -0.00137353 0.019327 -0.0236867 0.0383872 0.127034 -0.0496118 0.120106 -0.123566 1.63771 -0.0848584 -0.487895 -0.173831 -0.613272 -0.0471709 0.396366 -0.708867 -1.80435 0.00310016 -0.309776 -0.065171 -0.0570779 
0.0318093 0.0397084 -0.0298905 0.00230565 -0.0468445 0.00118813 -0.0204535 -0.0429931 -0.00137353 0.019327 -0.0236867 0.0383872 0.127037 -0.0496118 0.120104 -0.123566 1.63771 -0.0848572 -0.487895 -0.173831 -0.613271 -0.0463514 0.401285 -0.70887 -1.80886 0.00311041 -0.309775 -0.0651723 -0.0566638 
0.0318179 0.0397084 -0.0298905 0.00230565 -0.0468445 0.00118813 -0.0204535 -0.0429987 -0.00137353 0.019327 -0.0236867 0.0383872 0.127037 -0.0496137 0.120106 -0.123567 1.63771 -0.0848572 -0.487895 -0.173831 -0.613271 -0.0456421 0.405403 -0.708872 -1.81279 0.00311899 -0.309774 -0.0651687 -0.0562042 
0.0318232 0.0396862 -0.0298905 0.00230565 -0.0468432 0.00119053 -0.0204535 -0.0429987 -0.00137353 0.019327 -0.0236867 0.0383872 0.127034 -0.0496118 0.120106 -0.123567 1.63771 -0.0848584 -0.487895 -0.173831 -0.613271 -0.0449402 0.40916 -0.708877 -1.81634 0.00312209 -0.309776 -0.0651735 -0.0556262 
0.0318289 0.0396721 -0.0298932 0.00230565 -0.0468367 0.00120252 -0.0204535 -0.0429987 -0.00137353 0.019327 -0.0236867 0.0383872 0.127034 -0.0496113 0.120106 -0.123566 1.63771 -0.0848584 -0.487895 -0.173831 -0.613266 -0.0443482 0.411837 -0.708882 -1.81883 0.00312579 -0.309775 -0.0651987 -0.0550278 
0.0318344 0.0396668 -0.0298905 0.00230565 -0.046838 0.00120012 -0.0204504 -0.0429987 -0.00137353 0.019327 -0.0236867 0.0383872 0.127032 -0.0496113 0.120102 -0.123566 1.63771 -0.0848582 -0.487895 -0.173831 -0.613262 -0.0437469 0.413881 -0.708884 -1.82091 0.00313246 -0.309775 -0.0652776 -0.0543852 
0.0318511 0.0396557 -0.0298905 0.00230565 -0.0468341 0.00120732 -0.0204422 -0.0429987 -0.00136781 0.019327 -0.0236867 0.0383872 0.127034 -0.0496113 0.120101 -0.123567 1.63771 -0.0848582 -0.487895 -0.173832 -0.613263 -0.0430927 0.415501 -0.708884 -1.82266 0.00314701 -0.309775 -0.0654559 -0.0538083 
0.0318706 0.0396334 -0.0298905 0.00230565 -0.046838 0.00120012 -0.0204394 -0.0429987 -0.00136518 0.019327 -0.0236867 0.0383872 0.127034 -0.0496113 0.120101 -0.123567 1.63771 -0.0848584 -0.487895 -0.173831 -0.613264 -0.0425799 0.416319 -0.708894 -1.82371 0.00315571 -0.309776 -0.0657694 -0.0534528 
0.0318954 0.039625 -0.0298905 0.00230565 -0.0468367 0.00120252 -0.0204256 -0.0430042 -0.00136518 0.019327 -0.0236867 0.0383872 0.127034 -0.0496113 0.120101 -0.123567 1.63771 -0.0848572 -0.487895 -0.173831 -0.613266 -0.0420732 0.416665 -0.708923 -1.82432 0.00315738 -0.309776 -0.0661812 -0.0531656 
0.0319204 0.039625 -0.0298905 0.00230565 -0.0468367 0.00120252 -0.0204201 -0.0430042 -0.00136518 0.019327 -0.0236867 0.0383872 0.127034 -0.0496113 0.120102 -0.123567 1.63771 -0.0848584 -0.487896 -0.173831 -0.613266 -0.0416627 0.416591 -0.708932 -1.8244 0.00315809 -0.309777 -0.0664983 -0.05304 
0.0319259 0.0396194 -0.0298905 0.00230565 -0.0468367 0.00120252 -0.0204117 -0.0430042 -0.00136518 0.019327 -0.0236867 0.0383872 0.127034 -0.0496113 0.120101 -0.123567 1.63771 -0.0848584 -0.487895 -0.173831 -0.613265 -0.0412736 0.416367 -0.708931 -1.82439 0.00316906 -0.309775 -0.0666718 -0.0530268 
0.0319121 0.0396167 -0.0298905 0.00230565 -0.0468367 0.00120252 -0.0204144 -0.0430069 -0.00136518 0.019327 -0.0236867 0.0383872 0.127034 -0.0496113 0.120101 -0.123567 1.63771 -0.0848582 -0.487895 -0.173831 -0.613263 -0.0408745 0.415979 -0.70893 -1.82439 0.00323546 -0.309774 -0.0667006 -0.05304 
0.0319011 0.0396167 -0.0298932 0.00230565 -0.0468367 0.00120252 -0.0204201 -0.0429987 -0.00135946 0.019327 -0.0236867 0.0383872 0.127034 -0.0496113 0.120102 -0.123567 1.63771 -0.0848596 -0.487895 -0.173831 -0.613262 -0.0406094 0.415517 -0.708932 -1.82439 0.003371 -0.309774 -0.0667017 -0.0530531 
0.0318899 0.0396167 -0.0298905 0.00230565 -0.0468367 0.00120252 -0.0204229 -0.0429987 -0.00135684 0.019327 -0.0236867 0.0383872 0.127037 -0.0496113 0.120101 -0.123567 1.63771 -0.0848582 -0.487895 -0.173831 -0.613262 -0.0404406 0.415014 -0.70894 -1.82439 0.00342715 -0.309775 -0.0667293 -0.0530484 
0.0318844 0.039625 -0.0298905 0.00230565 -0.0468367 0.00120252 -0.0204282 -0.0429987 -0.00135136 0.019327 -0.0236867 0.0383872 0.127034 -0.0496118 0.120101 -0.123566 1.63771 -0.0848584 -0.487895 -0.173832 -0.613262 -0.0403485 0.414429 -0.70895 -1.82438 0.00346506 -0.309775 -0.0668658 -0.0530304 
0.0318871 0.039625 -0.0298932 0.00230565 -0.0468367 0.00120252 -0.0204282 -0.0429987 -0.00134015 0.019327 -0.0236867 0.0383872 0.127034 -0.0496113 0.1201 -0.123567 1.63771 -0.0848584 -0.487895 -0.173832 -0.613264 -0.0403502 0.413885 -0.708952 -1.82438 0.00351453 -0.309774 -0.0671003 -0.0530316 
0.0318954 0.0396167 -0.0298905 0.00230565 -0.0468367 0.00120252 -0.0204282 -0.0429987 -0.00134015 0.019327 -0.0236867 0.0383872 0.127034 -0.0496113 0.1201 -0.123566 1.63771 -0.0848582 -0.487895 -0.173831 -0.613264 -0.0403502 0.413229 -0.708956 -1.82437 0.00356638 -0.309774 -0.0674281 -0.0530364 
0.0319011 0.0396167 -0.0298905 0.00230565 -0.0468367 0.00120252 -0.0204256 -0.0429987 -0.00133467 0.019327 -0.0236867 0.0383872 0.127034 -0.0496113 0.1201 -0.123567 1.63771 -0.0848584 -0.487895 -0.173831 -0.613267 -0.0403502 0.41258 -0.70897 -1.82435 0.00361514 -0.309774 -0.0678231 -0.0530484 
0.0319204 0.0395862 -0.0298905 0.00230192 -0.0468367 0.00120252 -0.0204201 -0.0430042 -0.00133181 0.019327 -0.023688 0.0383896 0.127034 -0.0496125 0.1201 -0.123567 1.63771 -0.0848584 -0.487895 -0.17383 -0.613269 -0.0403502 0.411845 -0.709015 -1.82434 0.00365424 -0.309774 -0.0683354 -0.0530568 
0.0319343 0.0395558 -0.0298905 0.00230192 -0.0468367 0.00120252 -0.0204091 -0.0430042 -0.00133181 0.019327 -0.023688 0.0383896 0.127034 -0.0496113 0.1201 -0.123567 1.63771 -0.0848584 -0.487895 -0.173831 -0.613272 -0.0403502 0.41087 -0.709087 -1.82432 0.00368178 -0.309774 -0.0689936 -0.0530759 
0.0319619 0.0395529 -0.0298905 0.00230192 -0.0468367 0.00120252 -0.0203979 -0.0430069 -0.00132918 0.019327 -0.023688 0.0383896 0.127034 -0.0496118 0.1201 -0.123567 1.63771 -0.0848584 -0.487895 -0.173832 -0.613278 -0.0403502 0.409862 -0.709168 -1.82428 0.00372624 -0.309774 -0.0695645 -0.053101 
0.0319731 0.0395502 -0.0298905 0.00230192 -0.0468367 0.00120252 -0.0203838 -0.0430098 -0.00132918 0.019327 -0.023688 0.0383896 0.127034 -0.0496113 0.1201 -0.123567 1.63771 -0.0848582 -0.487896 -0.173831 -0.613288 -0.0403502 0.408679 -0.709282 -1.82424 0.00381124 -0.309774 -0.070067 -0.0531226 
0.0319731 0.0395418 -0.0298905 0.00230565 -0.0468367 0.00120252 -0.020359 -0.0430069 -0.00132608 0.019327 -0.023688 0.0383896 0.127034 -0.0496113 0.1201 -0.123567 1.63771 -0.0848584 -0.487895 -0.173831 -0.613294 -0.0403485 0.407078 -0.709439 -1.8242 0.00392461 -0.309774 -0.0704834 -0.0531513 
0.0319731 0.039528 -0.0298905 0.00230565 -0.0468367 0.00120252 -0.0203478 -0.0430042 -0.00132608 0.019327 -0.023688 0.0383896 0.127034 -0.0496113 0.1201 -0.123567 1.63771 -0.0848584 -0.487895 -0.173831 -0.613301 -0.0403492 0.405348 -0.709596 -1.82415 0.00404251 -0.309774 -0.0707121 -0.053162 
0.0319786 0.039528 -0.0298905 0.00230565 -0.0468367 0.00120252 -0.0203285 -0.0429987 -0.00132608 0.019327 -0.023688 0.0383896 0.127034 -0.0496113 0.1201 -0.123567 1.63771 -0.0848582 -0.487895 -0.173831 -0.613307 -0.0403492 0.403341 -0.709795 -1.82407 0.00420475 -0.309774 -0.070821 -0.0531597 
0.0319924 0.0395224 -0.0298905 0.00230565 -0.0468354 0.00120492 -0.0203035 -0.043018 -0.00132608 0.019327 -0.023688 0.0383896 0.127034 -0.0496099 0.1201 -0.123567 1.63771 -0.0848584 -0.487895 -0.173832 -0.613315 -0.0403502 0.400697 -0.710096 -1.82395 0.00449038 -0.309774 -0.0708666 -0.0531573 
0.0320008 0.0395142 -0.0298905 0.00230565 -0.0468315 0.00121212 -0.0202813 -0.043018 -0.00132084 0.019327 -0.023688 0.0383896 0.127034 -0.0496113 0.1201 -0.123566 1.63771 -0.0848582 -0.487895 -0.173831 -0.613325 -0.0403516 0.397954 -0.710452 -1.82382 0.00480783 -0.309773 -0.0709108 -0.0531453 
0.0320203 0.0395001 -0.0298905 0.00230565 -0.0468289 0.00121699 -0.0202451 -0.0430042 -0.00132084 0.019327 -0.023688 0.0383896 0.127034 -0.0496113 0.1201 -0.123567 1.63771 -0.0848584 -0.487895 -0.173831 -0.613342 -0.0403562 0.394312 -0.711015 -1.82361 0.00516427 -0.309774 -0.0709887 -0.0531393 
0.0320425 0.0394779 -0.0298905 0.00231312 -0.046825 0.00121923 -0.0202119 -0.0430236 -0.00132084 0.019327 -0.023688 0.0383896 0.127034 -0.0496113 0.120098 -0.123567 1.63771 -0.0848582 -0.487895 -0.173831 -0.613358 -0.0403657 0.39063 -0.711642 -1.82335 0.00549698 -0.309773 -0.07107 -0.0531358 
0.0320647 0.0394753 -0.0298905 0.00231312 -0.0468186 0.00123122 -0.0201759 -0.0430208 -0.00131249 0.019327 -0.023688 0.0383896 0.127034 -0.0496099 0.1201 -0.123567 1.63771 -0.0848584 -0.487895 -0.173831 -0.613379 -0.0403738 0.386414 -0.712324 -1.82303 0.00587106 -0.309773 -0.0711489 -0.0531381 
0.0321035 0.0394615 -0.0298905 0.00231312 -0.0468147 0.00123842 -0.0201454 -0.0430236 -0.00131249 0.019327 -0.023688 0.0383896 0.127034 -0.0496113 0.1201 -0.123567 1.63771 -0.0848584 -0.487895 -0.173831 -0.613413 -0.0403757 0.381094 -0.713182 -1.82259 0.00628185 -0.309774 -0.071259 -0.0531429 
0.0321064 0.0394615 -0.0298905 0.00231312 -0.0468121 0.00124321 -0.0201149 -0.0430236 -0.00131249 0.019327 -0.023688 0.0383896 0.127034 -0.0496099 0.120097 -0.123568 1.63771 -0.0848572 -0.487895 -0.173832 -0.613461 -0.0403757 0.375872 -0.71404 -1.82204 0.00671279 -0.309774 -0.0713573 -0.0531429 
0.0321035 0.0394585 -0.0298905 0.00231312 -0.0468121 0.00124321 -0.0200899 -0.0430236 -0.00130701 0.019327 -0.023688 0.0383896 0.127034 -0.0496113 0.120098 -0.123567 1.63771 -0.0848584 -0.487895 -0.173831 -0.613516 -0.0403757 0.370105 -0.71501 -1.82126 0.00719178 -0.309773 -0.0714542 -0.0531453 
0.0320675 0.0394504 -0.0298905 0.00231312 -0.0468121 0.00124321 -0.0200732 -0.0430236 -0.00130701 0.019327 -0.023688 0.0383896 0.127034 -0.0496113 0.120097 -0.123567 1.63771 -0.0848584 -0.487895 -0.173831 -0.613566 -0.0403757 0.363125 -0.716121 -1.82004 0.00778699 -0.309773 -0.0715439 -0.0531597 
0.0320258 0.0394558 -0.0298905 0.00231312 -0.0468121 0.00124321 -0.0200732 -0.0430236 -0.00130701 0.019327 -0.023688 0.0383896 0.127034 -0.0496113 0.1201 -0.123566 1.63771 -0.0848584 -0.487895 -0.173832 -0.613609 -0.0403757 0.356411 -0.717091 -1.81867 0.00835276 -0.309773 -0.071563 -0.0531716 
0.0319815 0.0394641 -0.0298905 0.00231312 -0.0468121 0.00124321 -0.0200732 -0.0430208 -0.00130129 0.019327 -0.023688 0.0383896 0.127034 -0.0496113 0.1201 -0.123566 1.63771 -0.0848582 -0.487895 -0.173831 -0.613659 -0.0403757 0.349285 -0.718097 -1.81702 0.00890207 -0.309774 -0.0715834 -0.053162 
0.0319536 0.0394753 -0.0298905 0.00231312 -0.0468121 0.00124809 -0.0200706 -0.0430208 -0.00130129 0.019327 -0.023688 0.0383896 0.127037 -0.0496113 0.120098 -0.123567 1.63771 -0.0848584 -0.487895 -0.173832 -0.613719 -0.0403779 0.340879 -0.719355 -1.81464 0.00940251 -0.309772 -0.0716002 -0.0531429 
0.0319371 0.0394753 -0.0298905 0.00231312 -0.0468121 0.00124809 -0.0200706 -0.043018 -0.00129867 0.019327 -0.023688 0.0383896 0.127037 -0.0496113 0.120098 -0.123567 1.63771 -0.0848582 -0.487895 -0.173831 -0.61376 -0.040405 0.332865 -0.720442 -1.81192 0.00985241 -0.309772 -0.0716097 -0.0531321 
0.0319259 0.0394753 -0.0298905 0.00231312 -0.0468121 0.00124809 -0.0200677 -0.043018 -0.00129294 0.019327 -0.023688 0.0383896 0.127034 -0.0496113 0.120097 -0.123567 1.63771 -0.0848584 -0.487895 -0.173832 -0.613789 -0.0404639 0.323257 -0.721566 -1.80822 0.0104885 -0.309774 -0.0716062 -0.0531297 
0.0319371 0.0394837 -0.0298905 0.00231312 -0.0468121 0.00124809 -0.0200567 -0.043018 -0.00128174 0.019327 -0.023688 0.0383896 0.127034 -0.0496113 0.120098 -0.123567 1.63771 -0.0848582 -0.487895 -0.173831 -0.613827 -0.0405204 0.313109 -0.722788 -1.80413 0.0111219 -0.309774 -0.071636 -0.0530939 
0.0319536 0.0394837 -0.0298905 0.00231312 -0.0468121 0.00124809 -0.0200288 -0.0430236 -0.00128174 0.019327 -0.023688 0.0383896 0.127037 -0.0496113 0.120098 -0.123566 1.63771 -0.0848582 -0.487895 -0.173831 -0.613858 -0.0405369 0.30374 -0.723884 -1.80026 0.011623 -0.309772 -0.0716983 -0.0530675 
0.0319731 0.0394837 -0.0298905 0.00231312 -0.0468121 0.00124809 -0.0199983 -0.0430208 -0.00128174 0.019327 -0.023688 0.0383896 0.127037 -0.0496113 0.120097 -0.123567 1.63771 -0.0848572 -0.487895 -0.173831 -0.613881 -0.0405397 0.292696 -0.724853 -1.79524 0.0123395 -0.309774 -0.0717282 -0.0530723 
0.031976 0.0394837 -0.0298905 0.00231312 -0.0468108 0.00125049 -0.0199928 -0.043018 -0.00127912 0.019327 -0.0236906 0.0383849 0.127032 -0.0496113 0.120095 -0.123566 1.63771 -0.0848572 -0.487895 -0.173831 -0.613921 -0.0405569 0.282426 -0.725614 -1.79036 0.0131099 -0.309777 -0.0717402 -0.0530866 
0.0319924 0.0394837 -0.0298905 0.00231686 -0.0468108 0.00125049 -0.0199902 -0.0430236 -0.00127912 0.019327 -0.0236906 0.0383849 0.127034 -0.0496094 0.120097 -0.123566 1.63771 -0.0848584 -0.487895 -0.173831 -0.613992 -0.0405817 0.271881 -0.726468 -1.78502 0.0138068 -0.309774 -0.0718 -0.0530926 
0.0320008 0.0394696 -0.0298905 0.00231312 -0.0468108 0.00125049 -0.0199707 -0.0430236 -0.00127649 0.019327 -0.0236906 0.0383849 0.127037 -0.0496113 0.120097 -0.123567 1.63771 -0.0848572 -0.487895 -0.17383 -0.614081 -0.0406489 0.259535 -0.727381 -1.77835 0.0145367 -0.309769 -0.0718813 -0.0531262 
0.0320008 0.0394641 -0.0298905 0.00231312 -0.0468108 0.00125049 -0.0199678 -0.0430236 -0.00127649 0.019327 -0.0236906 0.0383849 0.127034 -0.0496113 0.120097 -0.123567 1.63771 -0.0848572 -0.487895 -0.173832 -0.614136 -0.0407732 0.248181 -0.727974 -1.77201 0.0151906 -0.309777 -0.0719101 -0.0532219 
0.0320008 0.0394641 -0.0298905 0.00231312 -0.0468108 0.00125049 -0.0199707 -0.0430208 -0.00126791 0.019327 -0.0236906 0.0383849 0.127034 -0.0496113 0.120097 -0.123567 1.63771 -0.0848584 -0.487895 -0.173831 -0.614185 -0.0408854 0.236443 -0.728507 -1.76538 0.0157368 -0.309781 -0.0719591 -0.0533152 
0.0320036 0.0394641 -0.0298905 0.00231312 -0.0468108 0.00125049 -0.0199678 -0.043018 -0.00126791 0.019327 -0.0236919 0.0383825 0.127034 -0.0496113 0.120097 -0.123566 1.63771 -0.0848596 -0.487895 -0.17383 -0.614246 -0.0409923 0.223004 -0.728923 -1.75743 0.0161703 -0.309773 -0.0720214 -0.0533272 
0.0320008 0.0394641 -0.0298848 0.00231312 -0.0468083 0.00125529 -0.0199649 -0.043018 -0.00126791 0.019327 -0.0236919 0.0383825 0.127034 -0.0496113 0.120097 -0.123567 1.63771 -0.0848584 -0.487896 -0.173832 -0.614278 -0.0411017 0.210866 -0.728976 -1.74995 0.0163283 -0.309775 -0.0720333 -0.0533655 
0.0320008 0.0394641 -0.0298848 0.00231312 -0.0468121 0.00124809 -0.0199649 -0.043018 -0.00126791 0.019327 -0.0236919 0.0383825 0.127034 -0.0496113 0.120097 -0.123567 1.63771 -0.0848572 -0.487895 -0.173832 -0.614319 -0.0412023 0.196865 -0.728969 -1.74111 0.0164272 -0.309774 -0.0720346 -0.0533894 
0.0320008 0.0394641 -0.0298905 0.00231312 -0.0468108 0.00125049 -0.0199649 -0.043018 -0.00126791 0.019327 -0.0236919 0.0383825 0.127034 -0.0496113 0.120097 -0.123567 1.63771 -0.0848584 -0.487895 -0.17383 -0.614361 -0.0413892 0.184105 -0.728947 -1.73301 0.0164576 -0.309773 -0.0720574 -0.0534098 
0.0319982 0.0394641 -0.0298905 0.00231312 -0.0468083 0.00125529 -0.0199678 -0.043018 -0.00126529 0.019327 -0.0236919 0.0383825 0.127037 -0.0496113 0.120097 -0.123566 1.63771 -0.0848582 -0.487895 -0.173832 -0.614384 -0.0416758 0.171171 -0.728927 -1.72456 0.0164649 -0.309772 -0.0720729 -0.0534313 
0.0319924 0.0394641 -0.0298848 0.00231312 -0.0468083 0.00125529 -0.0199707 -0.0430152 -0.00126529 0.019327 -0.0236919 0.0383825 0.127034 -0.0496113 0.120095 -0.123567 1.63771 -0.0848584 -0.487895 -0.173831 -0.614385 -0.042058 0.156308 -0.728926 -1.71474 0.0164899 -0.309773 -0.0721136 -0.0534588 
0.0319924 0.0394641 -0.0298848 0.00231312 -0.0468083 0.00125529 -0.0199761 -0.0430098 -0.00126529 0.019327 -0.0236919 0.0383825 0.127034 -0.0496113 0.120097 -0.123567 1.63771 -0.0848582 -0.487895 -0.173831 -0.614383 -0.0424483 0.142928 -0.728923 -1.70567 0.0164918 -0.309773 -0.0721771 -0.0534648 
0.031987 0.0394696 -0.0298848 0.00231312 -0.0468083 0.00125529 -0.0199845 -0.0430098 -0.00126243 0.019327 -0.0236932 0.0383802 0.127034 -0.0496113 0.120097 -0.123566 1.63771 -0.0848584 -0.487895 -0.173832 -0.614377 -0.0428669 0.129573 -0.72889 -1.69646 0.0164936 -0.309772 -0.072268 -0.0534816 
0.0319731 0.0394696 -0.0298905 0.00231312 -0.0468083 0.00125529 -0.020015 -0.0430069 -0.00126243 0.019327 -0.0236932 0.0383802 0.127034 -0.0496113 0.120097 -0.123566 1.63771 -0.0848584 -0.487895 -0.17383 -0.614379 -0.0433896 0.114382 -0.728828 -1.68577 0.0164899 -0.309771 -0.0723445 -0.0535833 
0.0319676 0.0394753 -0.0298905 0.00231312 -0.0468083 0.00125529 -0.0200372 -0.0430069 -0.00126243 0.019327 -0.0236932 0.0383802 0.127034 -0.0496113 0.120095 -0.123567 1.63771 -0.0848584 -0.487895 -0.173831 -0.614381 -0.0439322 0.100758 -0.728808 -1.67606 0.0164912 -0.309772 -0.0723983 -0.0537473 
0.0319676 0.0394753 -0.0298905 0.00231312 -0.0468083 0.00125529 -0.0200536 -0.0430069 -0.00125957 0.019327 -0.0236932 0.0383802 0.127034 -0.0496113 0.120097 -0.123567 1.63771 -0.0848582 -0.487895 -0.173831 -0.614381 -0.0446134 0.0870502 -0.72881 -1.66628 0.0164899 -0.309772 -0.0724175 -0.0537987 
0.0319786 0.0394779 -0.0298905 0.00231312 -0.0468083 0.00125529 -0.0200536 -0.0430069 -0.00125957 0.019327 -0.0236932 0.0383802 0.127034 -0.0496113 0.120095 -0.123567 1.63771 -0.0848582 -0.487895 -0.173831 -0.614381 -0.0455697 0.0713265 -0.728809 -1.65505 0.0164936 -0.30977 -0.0724211 -0.0538083 
0.0320063 0.0394837 -0.0298848 0.00231312 -0.0468083 0.00125529 -0.0200536 -0.0430069 -0.00125957 0.019327 -0.0236932 0.0383802 0.127034 -0.0496113 0.120097 -0.123567 1.63771 -0.0848584 -0.487895 -0.17383 -0.614381 -0.0466394 0.0571978 -0.728809 -1.64491 0.0164936 -0.309772 -0.0724236 -0.0537832 
0.0320258 0.0394726 -0.0298905 0.00231312 -0.0468083 0.00125529 -0.0200536 -0.0430069 -0.00125957 0.019327 -0.0236932 0.0383802 0.127034 -0.0496113 0.120095 -0.123567 1.63771 -0.0848572 -0.487895 -0.173831 -0.614377 -0.0480273 0.0409606 -0.728791 -1.63342 0.0165033 -0.309772 -0.0724379 -0.0537592 
0.0320315 0.0394753 -0.0298905 0.00231312 -0.0468083 0.00125529 -0.0200536 -0.0430069 -0.00125957 0.019327 -0.0236932 0.0383802 0.127034 -0.0496113 0.120095 -0.123567 1.63771 -0.0848572 -0.487895 -0.173832 -0.614372 -0.0492663 0.0266297 -0.728712 -1.62304 0.0165046 -0.309773 -0.0724379 -0.0537521 
0.0320258 0.0394696 -0.0298905 0.00231312 -0.0468083 0.00125529 -0.0200536 -0.0430042 -0.00125408 0.019327 -0.0236932 0.0383802 0.127034 -0.0496113 0.120095 -0.123567 1.63771 -0.0848596 -0.487895 -0.173831 -0.61437 -0.0505216 0.0123188 -0.728564 -1.61244 0.0165064 -0.309773 -0.0724462 -0.0537496 
0.031987 0.0394641 -0.0298848 0.00231312 -0.0468083 0.00125529 -0.0200622 -0.0430042 -0.00125408 0.019327 -0.0236932 0.0383802 0.127034 -0.0496113 0.120095 -0.123566 1.63771 -0.0848584 -0.487896 -0.173831 -0.614363 -0.0519459 -0.00383687 -0.728344 -1.60042 0.0165248 -0.30977 -0.0724547 -0.0537592 
0.0319593 0.0394615 -0.0298848 0.00231312 -0.0468083 0.00125529 -0.0200899 -0.0430042 -0.00125122 0.019327 -0.0236932 0.0383802 0.127034 -0.0496113 0.120094 -0.123567 1.63771 -0.0848582 -0.487895 -0.173832 -0.614347 -0.0531454 -0.0182054 -0.72815 -1.58949 0.0165278 -0.309772 -0.0724593 -0.0537688 
0.0319371 0.0394615 -0.0298822 0.00231312 -0.0468108 0.00125049 -0.0201232 -0.0430098 -0.00124311 0.019327 -0.0236932 0.0383802 0.127034 -0.0496113 0.120095 -0.123567 1.63771 -0.0848582 -0.487896 -0.17383 -0.614345 -0.0545268 -0.0327783 -0.727887 -1.57854 0.0165322 -0.309771 -0.0724559 -0.0537748 
0.0319397 0.0394615 -0.0298848 0.00231312 -0.0468121 0.00124809 -0.0201454 -0.0430098 -0.00124311 0.019327 -0.0236932 0.0383802 0.127034 -0.0496118 0.120095 -0.123566 1.63771 -0.0848582 -0.487895 -0.173831 -0.614345 -0.0562813 -0.0493119 -0.72761 -1.56625 0.0165632 -0.309773 -0.0724821 -0.053776 
0.0319481 0.0394615 -0.0298822 0.00231312 -0.0468134 0.00124569 -0.0201454 -0.0430042 -0.00124311 0.019327 -0.0236932 0.0383802 0.127032 -0.0496118 0.120095 -0.123566 1.63771 -0.0848582 -0.487895 -0.173831 -0.614334 -0.0577743 -0.0640428 -0.72739 -1.55512 0.0166267 -0.30977 -0.0724797 -0.0537808 
0.0319481 0.0394585 -0.0298822 0.00231312 -0.046816 0.0012409 -0.0201509 -0.0430042 -0.00124025 0.019327 -0.0236932 0.0383802 0.127031 -0.0496113 0.120095 -0.123566 1.63771 -0.0848582 -0.487895 -0.173831 -0.614323 -0.0593913 -0.078933 -0.727113 -1.54407 0.016628 -0.309772 -0.0724821 -0.0537772 
0.031951 0.0394585 -0.0298822 0.00231312 -0.0468186 0.0012361 -0.0201538 -0.0430069 -0.00124025 0.019327 -0.0236932 0.0383802 0.127031 -0.0496113 0.120095 -0.123566 1.63771 -0.0848582 -0.487895 -0.173831 -0.61432 -0.0611315 -0.0956371 -0.726812 -1.53148 0.0166682 -0.309772 -0.0724941 -0.053776 
0.0319397 0.0394585 -0.0298822 0.00231312 -0.0468199 0.0012337 -0.0201647 -0.0430069 -0.00124025 0.019327 -0.0236932 0.0383802 0.127032 -0.0496113 0.120094 -0.123566 1.63771 -0.0848584 -0.487895 -0.173831 -0.614305 -0.0625839 -0.110436 -0.726573 -1.52017 0.01673 -0.30977 -0.0724965 -0.0537748 
0.0319149 0.0394558 -0.0298822 0.00231312 -0.0468238 0.00122651 -0.0201814 -0.0430069 -0.00124025 0.019327 -0.0236932 0.0383802 0.127032 -0.0496113 0.120094 -0.123566 1.63771 -0.0848572 -0.487895 -0.173831 -0.614269 -0.0642605 -0.127149 -0.72623 -1.50751 0.0168006 -0.30977 -0.0725049 -0.0537832 
0.0318899 0.0394558 -0.0298822 0.00231312 -0.0468264 0.00122171 -0.0202065 -0.0430069 -0.00124025 0.019327 -0.0236932 0.0383802 0.127032 -0.0496113 0.120092 -0.123566 1.63771 -0.0848572 -0.487895 -0.173831 -0.614229 -0.0656831 -0.142066 -0.725928 -1.49608 0.0168355 -0.309774 -0.0725302 -0.0537891 
0.0318816 0.0394558 -0.0298822 0.00231312 -0.0468264 0.00122171 -0.020237 -0.0430069 -0.00122905 0.019327 -0.0236957 0.0383755 0.127032 -0.0496113 0.120093 -0.123566 1.63771 -0.0848584 -0.487895 -0.173832 -0.614205 -0.0671284 -0.1569 -0.725555 -1.48474 0.0168897 -0.309771 -0.0725754 -0.0537808 
0.0318816 0.0394558 -0.0298822 0.00231312 -0.0468289 0.00121699 -0.0202451 -0.0430042 -0.00122643 0.019327 -0.0236957 0.0383755 0.127032 -0.0496118 0.120093 -0.123567 1.63771 -0.0848584 -0.487895 -0.173831 -0.614195 -0.0687511 -0.173688 -0.724953 -1.47191 0.0169301 -0.309774 -0.0726113 -0.0537819 
0.0318871 0.0394558 -0.0298822 0.00231312 -0.0468289 0.00121699 -0.0202508 -0.0430069 -0.00122643 0.019327 -0.0236957 0.0383755 0.127031 -0.0496113 0.120092 -0.123567 1.63771 -0.0848584 -0.487895 -0.173831 -0.614187 -0.0702062 -0.188655 -0.724175 -1.46042 0.0169806 -0.309774 -0.0726173 -0.0537856 
0.0318899 0.0394585 -0.0298822 0.00231312 -0.0468302 0.00121452 -0.0202563 -0.0430098 -0.00122356 0.019327 -0.023697 0.0383731 0.127032 -0.0496113 0.120091 -0.123566 1.63771 -0.0848584 -0.487895 -0.173831 -0.614185 -0.0716836 -0.203617 -0.723202 -1.44898 0.0170612 -0.309775 -0.0726485 -0.053788 
0.0318816 0.0394641 -0.0298822 0.00231312 -0.0468315 0.00121212 -0.0202591 -0.0430098 -0.00122356 0.019327 -0.023697 0.0383731 0.127032 -0.0496125 0.120091 -0.123567 1.63771 -0.0848572 -0.487895 -0.173831 -0.614149 -0.0731475 -0.220216 -0.721947 -1.43616 0.0172015 -0.309772 -0.0726917 -0.053794 
0.0318675 0.0394615 -0.0298822 0.00230565 -0.0468315 0.00121212 -0.0202675 -0.0430098 -0.00122356 0.019327 -0.023697 0.0383731 0.127032 -0.0496113 0.120091 -0.123567 1.63771 -0.0848584 -0.487895 -0.173831 -0.614086 -0.0743625 -0.234901 -0.720558 -1.42468 0.0173439 -0.309774 -0.0727215 -0.0538286 
0.0318565 0.0394641 -0.0298822 0.00230565 -0.0468341 0.00120732 -0.0202703 -0.0430069 -0.0012207 0.019327 -0.023697 0.0383731 0.127032 -0.0496118 0.12009 -0.123566 1.63771 -0.0848582 -0.487895 -0.173832 -0.61402 -0.0754218 -0.249558 -0.718956 -1.41329 0.0175227 -0.309778 -0.0727921 -0.0538765 
0.0318484 0.0394641 -0.0298822 0.00230565 -0.0468341 0.00120732 -0.0202758 -0.0430098 -0.0012207 0.019327 -0.023697 0.0383731 0.127031 -0.0496113 0.12009 -0.123566 1.63771 -0.0848584 -0.487895 -0.17383 -0.613929 -0.0764544 -0.267665 -0.716889 -1.39905 0.0178077 -0.30977 -0.0729417 -0.0538718 
0.0318427 0.0394641 -0.0298822 0.00230565 -0.0468341 0.00120732 -0.0202813 -0.0430098 -0.0012207 0.019327 -0.023697 0.0383731 0.127032 -0.0496125 0.12009 -0.123567 1.63771 -0.0848582 -0.487895 -0.173832 -0.613854 -0.0771313 -0.282025 -0.71497 -1.38777 0.0180482 -0.309772 -0.0731356 -0.0538741 
0.0318427 0.0394641 -0.0298822 0.00230565 -0.0468341 0.00120732 -0.0202897 -0.0430098 -0.00122356 0.019327 -0.023697 0.0383731 0.127032 -0.0496118 0.120089 -0.123566 1.63771 -0.0848582 -0.487895 -0.173832 -0.613767 -0.077703 -0.29779 -0.712718 -1.37529 0.0182441 -0.309774 -0.0732888 -0.0538741 
0.0318427 0.0394726 -0.0298822 0.00230565 -0.0468341 0.00120732 -0.0202897 -0.0430098 -0.00122356 0.019327 -0.023697 0.0383731 0.127032 -0.0496125 0.120089 -0.123566 1.63771 -0.0848582 -0.487895 -0.173831 -0.613662 -0.0780973 -0.31162 -0.710609 -1.36448 0.0183003 -0.309772 -0.0734323 -0.0538765 
0.0318372 0.0394753 -0.0298822 0.00230565 -0.0468341 0.00120732 -0.020298 -0.0430098 -0.00122356 0.019327 -0.023697 0.0383731 0.127032 -0.0496118 0.12009 -0.123566 1.63771 -0.0848584 -0.487895 -0.173831 -0.613538 -0.0784822 -0.325174 -0.708437 -1.35387 0.0183156 -0.309772 -0.0735151 -0.0539041 
0.0318372 0.0394726 -0.0298822 0.00230565 -0.0468341 0.00120732 -0.020298 -0.0430098 -0.0012207 0.019327 -0.023697 0.0383731 0.127032 -0.0496113 0.12009 -0.123565 1.63771 -0.0848584 -0.487895 -0.173831 -0.613376 -0.0788436 -0.340232 -0.705868 -1.3422 0.0183272 -0.309774 -0.073558 -0.054001 
0.0318372 0.0394753 -0.0298793 0.00230565 -0.0468341 0.00120732 -0.0203063 -0.0430098 -0.00122356 0.019327 -0.023697 0.0383731 0.127031 -0.0496113 0.120089 -0.123566 1.63771 -0.0848596 -0.487895 -0.173831 -0.613215 -0.0790877 -0.353443 -0.703565 -1.33217 0.0183357 -0.309773 -0.0736285 -0.0540453 
0.0318427 0.0394726 -0.0298822 0.00230565 -0.0468341 0.00120732 -0.020309 -0.0430069 -0.00122356 0.019327 -0.023697 0.0383731 0.127032 -0.0496113 0.12009 -0.123566 1.63771 -0.0848584 -0.487896 -0.173831 -0.613065 -0.0792551 -0.366349 -0.701308 -1.3224 0.0183418 -0.309772 -0.0737482 -0.0540488 
0.0318427 0.0394753 -0.0298793 0.00230565 -0.0468315 0.00121212 -0.020309 -0.0430069 -0.00122356 0.0193232 -0.023697 0.0383731 0.127032 -0.0496113 0.120089 -0.123566 1.63771 -0.0848584 -0.487895 -0.173831 -0.612913 -0.0793135 -0.380695 -0.698704 -1.3118 0.0183558 -0.309775 -0.0738966 -0.0540488 
0.0318453 0.0394753 -0.0298822 0.00230565 -0.046838 0.00120974 -0.0203118 -0.0430042 -0.00122356 0.0193232 -0.023697 0.0383731 0.127031 -0.0496118 0.120089 -0.123566 1.63771 -0.0848584 -0.487895 -0.173831 -0.612792 -0.0793102 -0.393189 -0.69645 -1.30289 0.0183535 -0.309777 -0.0740714 -0.0540476 
0.0318453 0.0394753 -0.0298793 0.00230565 -0.0468354 0.00120492 -0.0203118 -0.0430098 -0.00122356 0.0193232 -0.023697 0.0383731 0.127031 -0.0496113 0.120089 -0.123566 1.63771 -0.0848584 -0.487895 -0.173831 -0.612694 -0.0793085 -0.405237 -0.694318 -1.29445 0.0183535 -0.309774 -0.0743645 -0.0540572 
0.0318453 0.0394779 -0.0298793 0.00230565 -0.0468406 0.00121455 -0.0203118 -0.0430069 -0.00122643 0.0193232 -0.023697 0.0383731 0.127031 -0.0496118 0.120089 -0.123566 1.63771 -0.0848584 -0.487895 -0.173832 -0.612646 -0.0793068 -0.418402 -0.691944 -1.28558 0.0183491 -0.309773 -0.0747333 -0.0541039 
0.0318344 0.0394779 -0.0298793 0.00230565 -0.0468393 0.00121214 -0.0203173 -0.0430069 -0.00122905 0.0193232 -0.023697 0.0383731 0.127032 -0.0496113 0.120089 -0.123566 1.63771 -0.0848596 -0.487895 -0.173831 -0.61264 -0.079303 -0.429551 -0.689837 -1.2781 0.0183516 -0.309774 -0.0750719 -0.0542882 
0.0318179 0.0394948 -0.0298793 0.00230565 -0.0468393 0.00121214 -0.0203285 -0.0429987 -0.00122905 0.0193232 -0.023697 0.0383731 0.127032 -0.0496113 0.120089 -0.123566 1.63771 -0.0848584 -0.487895 -0.173832 -0.612638 -0.0792873 -0.441625 -0.687464 -1.27033 0.0183522 -0.309777 -0.0754395 -0.0545958 
0.0317984 0.0394948 -0.0298822 0.00230565 -0.0468393 0.00121214 -0.0203424 -0.0429987 -0.00122905 0.0193232 -0.023697 0.0383731 0.127032 -0.0496125 0.120089 -0.123566 1.63771 -0.0848584 -0.487895 -0.173831 -0.612638 -0.0792873 -0.451932 -0.685504 -1.26386 0.0183522 -0.309777 -0.0758045 -0.0548016 
0.0317788 0.0395001 -0.0298822 0.00230565 -0.0468406 0.00121455 -0.0203617 -0.0430069 -0.00122905 0.0193232 -0.023697 0.0383731 0.127032 -0.0496118 0.120089 -0.123566 1.63771 -0.0848596 -0.487895 -0.173831 -0.612638 -0.0792851 -0.461657 -0.683601 -1.25773 0.0183535 -0.309777 -0.0761406 -0.0548663 
0.031765 0.039528 -0.0298793 0.00230565 -0.0468406 0.00121455 -0.0203812 -0.0430042 -0.00122905 0.0193232 -0.023697 0.0383731 0.127032 -0.0496137 0.120089 -0.123566 1.63771 -0.0848584 -0.487895 -0.173831 -0.612638 -0.0792487 -0.471954 -0.681587 -1.25118 0.0183479 -0.309777 -0.0764339 -0.0548854 
0.0317595 0.0395391 -0.0298793 0.00230565 -0.0468406 0.00121455 -0.0203979 -0.0429987 -0.00123477 0.0193232 -0.0236957 0.0383755 0.127032 -0.0496137 0.120089 -0.123566 1.63771 -0.0848584 -0.487895 -0.173831 -0.612638 -0.0792348 -0.480435 -0.679874 -1.24581 0.0183289 -0.309777 -0.0766134 -0.0548866 
0.0317566 0.0395418 -0.0298793 0.00230565 -0.0468432 0.00121936 -0.0204201 -0.0430098 -0.00123739 0.0193232 -0.0236957 0.0383755 0.127031 -0.0496113 0.120089 -0.123566 1.63771 -0.0848582 -0.487895 -0.173831 -0.612638 -0.0792372 -0.488129 -0.678368 -1.24083 0.0183259 -0.309774 -0.0767318 -0.0548829 
0.0317566 0.0395474 -0.0298765 0.00230565 -0.0468432 0.00121936 -0.0204589 -0.0429931 -0.00124025 0.0193232 -0.0236957 0.0383755 0.127032 -0.0496113 0.120091 -0.123566 1.63771 -0.0848584 -0.487895 -0.173832 -0.612638 -0.0792415 -0.496043 -0.676779 -1.23603 0.0183216 -0.309774 -0.0768061 -0.0548818 
0.0317595 0.0395474 -0.0298793 0.00230565 -0.0468445 0.00122177 -0.0204895 -0.0429958 -0.00124025 0.0193232 -0.0236957 0.0383755 0.127031 -0.0496113 0.12009 -0.123566 1.63771 -0.0848584 -0.487895 -0.173831 -0.612638 -0.0792496 -0.502487 -0.675507 -1.23221 0.0183204 -0.309776 -0.0768574 -0.0548686 
0.031765 0.0395558 -0.0298793 0.00230565 -0.0468458 0.00122418 -0.0205116 -0.0430098 -0.00123739 0.0193232 -0.0236957 0.0383755 0.127032 -0.0496118 0.120091 -0.123566 1.63771 -0.0848584 -0.487895 -0.173831 -0.612638 -0.0792596 -0.508353 -0.674512 -1.22883 0.0183156 -0.309774 -0.0769761 -0.0548339 
0.0317705 0.0395529 -0.0298765 0.00230565 -0.0468458 0.00122418 -0.0205142 -0.0429931 -0.00124025 0.0193232 -0.0236932 0.0383802 0.127032 -0.0496137 0.120089 -0.123566 1.63771 -0.0848582 -0.487895 -0.173831 -0.612638 -0.0792618 -0.514309 -0.673528 -1.22566 0.0183156 -0.309774 -0.0771508 -0.0548076 
0.0317788 0.0395529 -0.0298765 0.00230565 -0.0468458 0.00122418 -0.0205116 -0.0430069 -0.00124025 0.0193232 -0.0236932 0.0383802 0.127032 -0.0496125 0.120091 -0.123566 1.63771 -0.0848582 -0.487895 -0.173831 -0.612638 -0.0792601 -0.518957 -0.672817 -1.22332 0.0183144 -0.309778 -0.077262 -0.0548005 
0.0317984 0.0395558 -0.0298765 0.00230565 -0.0468471 0.00122659 -0.0205116 -0.0430098 -0.00124025 0.0193232 -0.0236932 0.0383802 0.127031 -0.0496118 0.120091 -0.123566 1.63771 -0.0848584 -0.487895 -0.173831 -0.612642 -0.0792618 -0.523436 -0.672382 -1.22098 0.0183088 -0.309773 -0.0773517 -0.0547969 
0.0317984 0.0395558 -0.0298765 0.00230565 -0.0468432 0.00121936 -0.0205033 -0.0430069 -0.00124311 0.0193232 -0.0236932 0.0383802 0.127031 -0.0496118 0.12009 -0.123566 1.63771 -0.0848584 -0.487895 -0.173831 -0.612645 -0.0792618 -0.526744 -0.672262 -1.21919 0.0182838 -0.309774 -0.0774068 -0.0548088 
0.0317984 0.0395558 -0.0298765 0.00230565 -0.0468445 0.00122177 -0.0205004 -0.0430069 -0.00124311 0.0193232 -0.0236932 0.0383802 0.127031 -0.0496125 0.120091 -0.123566 1.63771 -0.0848584 -0.487895 -0.173831 -0.612652 -0.0792601 -0.529368 -0.672313 -1.21774 0.0182759 -0.309777 -0.077426 -0.0548255 
0.0318041 0.0395558 -0.0298765 0.00230565 -0.0468445 0.00122177 -0.0204949 -0.0430069 -0.00124311 0.0193158 -0.0236932 0.0383802 0.127031 -0.0496125 0.120091 -0.123567 1.63771 -0.0848584 -0.487895 -0.173831 -0.612648 -0.0792634 -0.531592 -0.672412 -1.2167 0.0182587 -0.309778 -0.077444 -0.0548315 
0.0318151 0.0395558 -0.0298793 0.00230565 -0.0468445 0.00122177 -0.0204949 -0.0430069 -0.00124311 0.0193158 -0.0236932 0.0383802 0.127031 -0.0496118 0.120091 -0.123566 1.63771 -0.0848582 -0.487895 -0.173831 -0.61265 -0.0792656 -0.532966 -0.672479 -1.21636 0.0182105 -0.309778 -0.0774714 -0.0548351 
0.0318232 0.0395558 -0.0298822 0.00230565 -0.0468432 0.00122417 -0.0204811 -0.0430098 -0.00124025 0.0193158 -0.0236932 0.0383802 0.127032 -0.0496113 0.120091 -0.123566 1.63771 -0.0848596 -0.487895 -0.173831 -0.61265 -0.0792654 -0.533744 -0.672493 -1.21637 0.0181861 -0.309778 -0.0774822 -0.0548339 
0.0318344 0.0395558 -0.0298822 0.00230565 -0.0468432 0.00122417 -0.0204673 -0.0430208 -0.00124311 0.0193158 -0.0236932 0.0383802 0.127032 -0.0496118 0.120091 -0.123566 1.63771 -0.0848572 -0.487895 -0.173831 -0.61265 -0.0792665 -0.533996 -0.672493 -1.21637 0.0181776 -0.309778 -0.0774822 -0.0548411 
0.0318484 0.0395558 -0.0298822 0.00230565 -0.0468432 0.00122417 -0.0204589 -0.0430098 -0.00124311 0.0193158 -0.0236932 0.0383802 0.127032 -0.0496118 0.120091 -0.123566 1.63771 -0.0848584 -0.487895 -0.173831 -0.612648 -0.0792654 -0.533829 -0.672493 -1.21637 0.0181721 -0.309778 -0.0774846 -0.0548543 
0.0318623 0.0395418 -0.0298822 0.00230565 -0.0468419 0.00122176 -0.0204589 -0.0430098 -0.00124311 0.0193158 -0.0236919 0.0383826 0.127031 -0.0496125 0.120091 -0.123566 1.63771 -0.0848582 -0.487895 -0.173831 -0.612648 -0.0792627 -0.533476 -0.672493 -1.21637 0.0181507 -0.309777 -0.0774941 -0.0548663 
0.0318816 0.0395364 -0.0298822 0.00230565 -0.0468419 0.00122176 -0.0204589 -0.043018 -0.00124311 0.0193158 -0.0236919 0.0383825 0.127032 -0.0496118 0.120091 -0.123566 1.63771 -0.0848582 -0.487895 -0.173831 -0.612649 -0.0792611 -0.533055 -0.672494 -1.21638 0.0181136 -0.309777 -0.0775242 -0.0548961 
0.0318899 0.0395364 -0.0298793 0.00230565 -0.0468419 0.00122176 -0.0204535 -0.0430098 -0.0012486 0.0193158 -0.0236919 0.0383825 0.127032 -0.0496113 0.120091 -0.123566 1.63771 -0.0848584 -0.487895 -0.173831 -0.61265 -0.0792565 -0.532559 -0.672494 -1.21638 0.0181032 -0.309777 -0.077572 -0.0549309 
0.0319066 0.039528 -0.0298793 0.00230565 -0.0468419 0.00122176 -0.0204535 -0.0430098 -0.00125122 0.0193158 -0.0236919 0.0383825 0.127031 -0.0496113 0.120091 -0.123566 1.63771 -0.0848584 -0.487895 -0.173831 -0.61265 -0.0792532 -0.53201 -0.672502 -1.21638 0.0181006 -0.309777 -0.0776174 -0.0550768 
0.0319149 0.039528 -0.0298765 0.00230565 -0.0468419 0.00122176 -0.0204504 -0.0430098 -0.00125408 0.0193158 -0.0236919 0.0383825 0.127031 -0.0496118 0.120091 -0.123566 1.63771 -0.0848596 -0.487895 -0.173831 -0.61265 -0.0792532 -0.531563 -0.672524 -1.21638 0.0180935 -0.309778 -0.0776629 -0.0553653 
0.0319121 0.039528 -0.0298793 0.00230565 -0.0468419 0.00122176 -0.0204504 -0.0430098 -0.00125957 0.0193158 -0.0236919 0.0383825 0.127032 -0.0496125 0.120092 -0.123566 1.63771 -0.0848584 -0.487895 -0.173831 -0.612656 -0.0792532 -0.531147 -0.672566 -1.21638 0.018083 -0.309777 -0.0777335 -0.0557135 
0.0319149 0.039528 -0.0298793 0.00230565 -0.0468419 0.00122176 -0.0204477 -0.0430098 -0.00126243 0.0193158 -0.0236919 0.0383825 0.127032 -0.0496118 0.120093 -0.123566 1.63771 -0.0848584 -0.487895 -0.173831 -0.612664 -0.0792513 -0.530654 -0.67264 -1.21639 0.0180488 -0.309777 -0.0777899 -0.0560977 
0.0319204 0.0395364 -0.0298793 0.00230565 -0.0468419 0.00122176 -0.0204477 -0.0430098 -0.00126529 0.0193158 -0.0236919 0.0383825 0.127032 -0.0496113 0.120095 -0.123566 1.63771 -0.0848596 -0.487895 -0.17383 -0.612668 -0.0792513 -0.530132 -0.672729 -1.2164 0.0179915 -0.309777 -0.077803 -0.0563826 
0.0319233 0.0395418 -0.0298793 0.00230565 -0.0468419 0.00122176 -0.0204422 -0.0430069 -0.00127339 0.0193158 -0.0236906 0.0383849 0.127031 -0.0496118 0.120095 -0.123566 1.63771 -0.0848584 -0.487895 -0.173831 -0.612671 -0.0792496 -0.529409 -0.672849 -1.2164 0.0179024 -0.309777 -0.077803 -0.0566555 
0.0319233 0.0395474 -0.0298793 0.00230565 -0.0468419 0.00122176 -0.0204422 -0.0430069 -0.00128174 0.0193158 -0.0236919 0.0383825 0.127031 -0.0496118 0.120095 -0.123566 1.63771 -0.0848582 -0.487895 -0.173831 -0.612674 -0.079248 -0.528609 -0.672926 -1.21641 0.0178449 -0.309778 -0.0778041 -0.0568637 
0.0319204 0.0395613 -0.0298793 0.00230565 -0.0468419 0.00122176 -0.0204477 -0.0429987 -0.00127912 0.0193158 -0.0236919 0.0383825 0.127031 -0.0496113 0.120095 -0.123566 1.63771 -0.0848572 -0.487895 -0.173831 -0.612683 -0.0792458 -0.527484 -0.672983 -1.21641 0.0177821 -0.309777 -0.0778149 -0.0569618 
0.0319092 0.039564 -0.0298822 0.00230565 -0.0468432 0.00121936 -0.0204504 -0.0430098 -0.00128174 0.0193158 -0.0236919 0.0383825 0.127032 -0.0496125 0.120097 -0.123567 1.63771 -0.0848584 -0.487895 -0.173831 -0.61269 -0.0792465 -0.526131 -0.673001 -1.21643 0.0177236 -0.309777 -0.0778377 -0.056963 
0.0318983 0.0395669 -0.0298822 0.00230565 -0.0468458 0.00121457 -0.0204589 -0.0430098 -0.00128174 0.0193158 -0.0236919 0.0383825 0.127032 -0.0496118 0.120097 -0.123566 1.63771 -0.0848596 -0.487895 -0.173831 -0.612692 -0.0792465 -0.524647 -0.673008 -1.21644 0.0176765 -0.309777 -0.0778795 -0.0569295 
0.0318871 0.0395807 -0.0298793 0.00230565 -0.0468496 0.00120737 -0.0204589 -0.0430042 -0.00128174 0.0193158 -0.0236919 0.0383825 0.127032 -0.0496137 0.120097 -0.123566 1.63771 -0.0848584 -0.487895 -0.173831 -0.612699 -0.0792458 -0.522849 -0.673025 -1.21647 0.0176429 -0.309777 -0.0779382 -0.0568768 
0.0318816 0.0395807 -0.0298822 0.00230565 -0.0468509 0.00120497 -0.0204618 -0.0430098 -0.00128746 0.0193158 -0.0236919 0.0383825 0.127032 -0.0496125 0.120098 -0.123566 1.63771 -0.0848584 -0.487895 -0.173831 -0.612715 -0.0792458 -0.520475 -0.67306 -1.21651 0.0175831 -0.309777 -0.0780029 -0.0568314 
0.0318761 0.0395918 -0.0298822 0.00230565 -0.0468509 0.00120497 -0.0204644 -0.0430098 -0.00129008 0.0193158 -0.0236919 0.0383825 0.127032 -0.0496137 0.1201 -0.123566 1.63771 -0.0848582 -0.487895 -0.173831 -0.612742 -0.0792451 -0.518004 -0.673142 -1.21655 0.0174483 -0.309777 -0.0780435 -0.0567822 
0.0318706 0.0395945 -0.0298822 0.00230565 -0.0468496 0.00119776 -0.0204644 -0.0430069 -0.00130129 0.0193158 -0.0236919 0.0383825 0.127032 -0.0496125 0.120102 -0.123566 1.63771 -0.0848584 -0.487895 -0.173831 -0.612774 -0.0792465 -0.514689 -0.673296 -1.21662 0.0171809 -0.309776 -0.0780771 -0.0567153 
0.0318675 0.0396167 -0.0298822 0.00230565 -0.046847 0.00118334 -0.0204644 -0.0430042 -0.00131512 0.0193158 -0.0236919 0.0383825 0.127032 -0.0496125 0.120103 -0.123566 1.63771 -0.0848584 -0.487895 -0.17383 -0.612799 -0.0792465 -0.511268 -0.673393 -1.21669 0.0169489 -0.309778 -0.0780866 -0.0566782 
0.0318623 0.0396278 -0.0298822 0.00230565 -0.0468431 0.00117611 -0.0204644 -0.0430042 -0.00132608 0.0193158 -0.0236919 0.0383825 0.127032 -0.0496118 0.120102 -0.123566 1.63771 -0.0848584 -0.487895 -0.173831 -0.612808 -0.0792465 -0.50738 -0.673517 -1.21677 0.016722 -0.309777 -0.0780962 -0.0566626 
0.0318565 0.0396278 -0.0298848 0.00230565 -0.0468406 0.0011713 -0.0204644 -0.0430069 -0.00132918 0.0193158 -0.0236918 0.0383825 0.127034 -0.0496118 0.120108 -0.123566 1.63771 -0.0848584 -0.487895 -0.17383 -0.61281 -0.0792465 -0.50247 -0.673694 -1.21691 0.0163606 -0.309777 -0.0781549 -0.0566494 
0.0318565 0.0396334 -0.0298905 0.00231312 -0.0468406 0.0011713 -0.0204589 -0.0430069 -0.00133181 0.0193158 -0.0236919 0.0383825 0.127034 -0.0496137 0.120109 -0.123566 1.63771 -0.0848572 -0.487895 -0.173831 -0.612822 -0.0792465 -0.497647 -0.673862 -1.2171 0.0159847 -0.309776 -0.0782255 -0.0566136 
0.0318511 0.0396529 -0.0298905 0.00229818 -0.0468406 0.0011713 -0.0204589 -0.0430098 -0.00133467 0.0193158 -0.0236919 0.0383825 0.127034 -0.0496137 0.12011 -0.123567 1.63771 -0.0848572 -0.487895 -0.173831 -0.612838 -0.0792465 -0.492368 -0.674093 -1.21733 0.0155232 -0.309775 -0.0783296 -0.0565669 
0.0318511 0.0396721 -0.0298905 0.00230565 -0.0468406 0.0011713 -0.0204589 -0.0430069 -0.00135136 0.0193158 -0.0236906 0.0383801 0.127032 -0.0496125 0.120112 -0.123566 1.63771 -0.0848584 -0.487895 -0.173831 -0.612874 -0.0792465 -0.485754 -0.674466 -1.2177 0.0148946 -0.309774 -0.0785246 -0.056483 
0.0318565 0.0396973 -0.0298905 0.00230565 -0.0468406 0.0011713 -0.0204589 -0.0430069 -0.00135136 0.0193158 -0.0236906 0.0383801 0.127032 -0.0496125 0.120114 -0.123566 1.63771 -0.0848584 -0.487895 -0.173831 -0.612933 -0.0792465 -0.479349 -0.674915 -1.21811 0.0143056 -0.309774 -0.0787425 -0.0563467 
0.0318565 0.0397249 -0.0298905 0.00230565 -0.0468406 0.0011713 -0.0204504 -0.0429987 -0.00135684 0.0193158 -0.0236906 0.0383801 0.127034 -0.0496118 0.120115 -0.123567 1.63771 -0.0848582 -0.487895 -0.173831 -0.613015 -0.0792465 -0.471459 -0.675608 -1.21862 0.0136964 -0.309774 -0.0789925 -0.0562617 
0.0318565 0.0397471 -0.0298932 0.00230565 -0.0468406 0.0011713 -0.0204504 -0.0429987 -0.00135684 0.0193158 -0.0236906 0.0383801 0.127034 -0.0496125 0.120117 -0.123567 1.63771 -0.0848584 -0.487896 -0.173831 -0.613079 -0.0792465 -0.463891 -0.676383 -1.21914 0.0132246 -0.309774 -0.0792332 -0.0562162 
0.0318594 0.03975 -0.029896 0.00230565 -0.0468406 0.0011713 -0.0204477 -0.0429987 -0.00135684 0.0193158 -0.0236879 0.0383753 0.127034 -0.0496137 0.120118 -0.123566 1.63771 -0.0848572 -0.487895 -0.173831 -0.613132 -0.0792451 -0.455843 -0.677271 -1.21975 0.0127107 -0.309775 -0.0795168 -0.0561899 
0.0318675 0.03975 -0.029896 0.00230565 -0.0468406 0.0011713 -0.0204422 -0.0429987 -0.00135684 0.0193158 -0.0236879 0.0383753 0.127034 -0.0496125 0.12012 -0.123567 1.63771 -0.0848572 -0.487895 -0.173831 -0.613202 -0.0792465 -0.446072 -0.67843 -1.22065 0.0120503 -0.309777 -0.0799154 -0.0561516 
0.0318706 0.0397582 -0.0298986 0.00230565 -0.0468406 0.0011713 -0.0204422 -0.0429987 -0.00135684 0.0193158 -0.0236879 0.0383753 0.127032 -0.0496118 0.120125 -0.123567 1.63771 -0.0848582 -0.487895 -0.173831 -0.613266 -0.0792465 -0.436851 -0.679612 -1.22169 0.0114723 -0.309773 -0.0803282 -0.0561145 
0.0318732 0.0397611 -0.029896 0.00230565 -0.0468406 0.0011713 -0.0204422 -0.0429958 -0.00135684 0.0193232 -0.0236879 0.0383753 0.127032 -0.0496125 0.120126 -0.123566 1.63771 -0.0848584 -0.487895 -0.173831 -0.613317 -0.0792465 -0.425938 -0.681083 -1.22316 0.010887 -0.309773 -0.0807458 -0.0561121 
0.0318732 0.0397611 -0.0298986 0.00230565 -0.0468406 0.0011713 -0.0204422 -0.0429958 -0.00135684 0.0193232 -0.0236879 0.0383753 0.127032 -0.0496137 0.120126 -0.123567 1.63771 -0.0848572 -0.487895 -0.173831 -0.613329 -0.0792465 -0.415734 -0.682488 -1.22485 0.010193 -0.309774 -0.0810738 -0.0561145 
0.0318816 0.0397693 -0.0298986 0.00230565 -0.0468406 0.0011713 -0.0204422 -0.0429931 -0.00135684 0.0193232 -0.0236879 0.0383753 0.127032 -0.0496137 0.120126 -0.123567 1.63771 -0.0848582 -0.487895 -0.173831 -0.613345 -0.079248 -0.405129 -0.684044 -1.22708 0.00936353 -0.309772 -0.0814257 -0.0561097 
0.0318871 0.039786 -0.0299044 0.00230565 -0.0468406 0.0011713 -0.0204422 -0.0429958 -0.00135946 0.0193232 -0.0236879 0.0383753 0.127032 -0.0496125 0.120125 -0.123567 1.63771 -0.0848582 -0.487895 -0.173831 -0.613372 -0.079248 -0.392769 -0.685868 -1.23035 0.00850415 -0.309773 -0.0817883 -0.0560881 
0.0319011 0.039786 -0.0299044 0.00230565 -0.0468406 0.0011713 -0.0204394 -0.0429987 -0.00135946 0.0193232 -0.0236879 0.0383753 0.127034 -0.0496118 0.120126 -0.123567 1.63771 -0.0848582 -0.487895 -0.173831 -0.613383 -0.079247 -0.381413 -0.687584 -1.23389 0.00761294 -0.309774 -0.082121 -0.056075 
0.0319149 0.039786 -0.0299044 0.00230565 -0.0468406 0.0011713 -0.0204368 -0.0429987 -0.00135946 0.0193232 -0.0236879 0.0383753 0.127034 -0.0496125 0.120126 -0.123567 1.63771 -0.0848584 -0.487895 -0.173831 -0.613411 -0.079248 -0.369512 -0.689478 -1.23781 0.00661933 -0.309771 -0.0825075 -0.0560583 
0.0319371 0.0397887 -0.0299044 0.00230565 -0.0468406 0.0011713 -0.0204282 -0.0429958 -0.00135946 0.0193232 -0.0236879 0.0383753 0.127032 -0.0496125 0.120126 -0.123567 1.63771 -0.0848584 -0.487895 -0.173831 -0.613479 -0.0792465 -0.355946 -0.691514 -1.24277 0.00559211 -0.309773 -0.0829322 -0.0560606 
0.0319648 0.0397887 -0.0299044 0.00231312 -0.0468406 0.0011713 -0.0204091 -0.0429958 -0.00135946 0.0193232 -0.0236879 0.0383753 0.127032 -0.0496118 0.120126 -0.123567 1.63771 -0.0848584 -0.487895 -0.173831 -0.613561 -0.0792465 -0.343485 -0.693455 -1.24771 0.00465167 -0.309772 -0.0833129 -0.0560631 
0.0320008 0.0397887 -0.0299044 0.00230565 -0.0468406 0.0011713 -0.0204008 -0.0429847 -0.00135946 0.0193232 -0.0236879 0.0383753 0.127032 -0.0496125 0.120126 -0.123567 1.63771 -0.0848582 -0.487895 -0.173832 -0.613679 -0.0792465 -0.330614 -0.695412 -1.25301 0.00384223 -0.309771 -0.0837748 -0.0560726 
0.0320342 0.0397887 -0.0299044 0.00231312 -0.0468406 0.0011713 -0.0203979 -0.0429847 -0.00136518 0.0193232 -0.0236879 0.0383753 0.127034 -0.0496118 0.120127 -0.123567 1.63771 -0.0848584 -0.487895 -0.173832 -0.613837 -0.0792458 -0.315754 -0.697667 -1.25955 0.0031178 -0.309773 -0.0843852 -0.0561025 
0.0320508 0.0397971 -0.0299044 0.00230565 -0.0468406 0.0011713 -0.0203896 -0.0429847 -0.00136518 0.0193232 -0.0236879 0.0383753 0.127032 -0.0496125 0.120127 -0.123567 1.63771 -0.0848584 -0.487895 -0.173831 -0.613988 -0.0792394 -0.302275 -0.69964 -1.26573 0.002671 -0.309774 -0.0849525 -0.0561229 
0.032059 0.0398082 -0.0299044 0.00231312 -0.0468431 0.00117611 -0.0203562 -0.0429847 -0.00136781 0.0193232 -0.0236879 0.0383753 0.127034 -0.0496118 0.120127 -0.123567 1.63771 -0.0848584 -0.487895 -0.173831 -0.614168 -0.0792329 -0.28671 -0.701826 -1.27309 0.00232863 -0.309772 -0.0855771 -0.0561516 
0.0320563 0.0398109 -0.0299044 0.00231312 -0.0468431 0.00117611 -0.0203285 -0.0429847 -0.00137067 0.0193232 -0.0236879 0.0383753 0.127032 -0.0496118 0.120127 -0.123567 1.63771 -0.0848572 -0.487895 -0.173831 -0.614338 -0.0792329 -0.272538 -0.703677 -1.27999 0.00214303 -0.309774 -0.086099 -0.0561755 
0.0320537 0.0398109 -0.0298986 0.00231312 -0.046847 0.00118334 -0.020298 -0.0429903 -0.00137353 0.0193232 -0.0236879 0.0383753 0.127034 -0.0496113 0.120127 -0.123567 1.63771 -0.0848572 -0.487895 -0.173831 -0.614522 -0.0792263 -0.258241 -0.705424 -1.28717 0.00210834 -0.309773 -0.0865489 -0.0561982 
0.0320508 0.0398027 -0.029896 0.00231312 -0.046847 0.00118334 -0.0202785 -0.0429903 -0.00137353 0.0193232 -0.0236879 0.0383753 0.127034 -0.0496113 0.120127 -0.123567 1.63771 -0.0848582 -0.487895 -0.173831 -0.614707 -0.0792179 -0.241828 -0.70719 -1.29561 0.00210154 -0.309774 -0.0869439 -0.0562545 
0.0320508 0.0397887 -0.0298932 0.00231312 -0.046847 0.00118334 -0.0202675 -0.0429958 -0.00137353 0.019327 -0.0236879 0.0383753 0.127034 -0.0496118 0.120127 -0.123567 1.63771 -0.0848584 -0.487895 -0.173832 -0.614873 -0.0792084 -0.227071 -0.708641 -1.30349 0.00210035 -0.309773 -0.0872598 -0.0562832 
0.0320537 0.0397832 -0.029896 0.00231312 -0.046847 0.00118334 -0.0202563 -0.0429958 -0.00137353 0.019327 -0.0236879 0.0383753 0.127034 -0.0496113 0.120126 -0.123567 1.63771 -0.0848572 -0.487895 -0.173832 -0.61504 -0.0792084 -0.212285 -0.709905 -1.31167 0.00210035 -0.309773 -0.0875566 -0.0562975 
0.0320675 0.0397832 -0.029896 0.00231312 -0.046847 0.00118334 -0.0202425 -0.0429958 -0.00137353 0.019327 -0.0236879 0.0383753 0.127034 -0.0496113 0.120127 -0.123567 1.63771 -0.0848572 -0.487895 -0.173832 -0.615246 -0.0791984 -0.195466 -0.711215 -1.32127 0.00209856 -0.309773 -0.0878689 -0.0563036 
0.032073 0.0397832 -0.029896 0.00231312 -0.046847 0.00118334 -0.0202315 -0.0429987 -0.00137353 0.019327 -0.0236879 0.0383753 0.127034 -0.0496125 0.120127 -0.123567 1.63771 -0.0848582 -0.487895 -0.17383 -0.615416 -0.0791862 -0.180468 -0.712262 -1.33007 0.00209856 -0.309772 -0.0881478 -0.0563298 
0.0320702 0.0397832 -0.029896 0.00231312 -0.046847 0.00118334 -0.020226 -0.0429987 -0.00137353 0.019327 -0.0236879 0.0383753 0.127034 -0.0496113 0.120127 -0.123567 1.63771 -0.0848584 -0.487895 -0.173831 -0.615595 -0.0791054 -0.163451 -0.713183 -1.34009 0.00209856 -0.309773 -0.0883381 -0.0563586 
0.0320702 0.0397776 -0.0298932 0.00231312 -0.046847 0.00118334 -0.0202203 -0.0429931 -0.00137353 0.019327 -0.0236879 0.0383753 0.127034 -0.0496113 0.120126 -0.123566 1.63771 -0.0848584 -0.487895 -0.173831 -0.615749 -0.0790141 -0.148197 -0.713804 -1.34921 0.00209856 -0.309774 -0.088465 -0.0563646 
0.0320702 0.0397776 -0.029896 0.00231312 -0.046847 0.00118334 -0.0202177 -0.0429903 -0.00137353 0.019327 -0.0236879 0.0383753 0.127034 -0.0496118 0.120126 -0.123567 1.63771 -0.0848584 -0.487895 -0.173831 -0.615916 -0.0789335 -0.13295 -0.714277 -1.35835 0.00209665 -0.309774 -0.0885452 -0.0563563 
0.0320647 0.0397776 -0.029896 0.00231312 -0.046847 0.00118334 -0.0202119 -0.0429903 -0.00137353 0.019327 -0.0236879 0.0383753 0.127034 -0.0496113 0.120126 -0.123567 1.63771 -0.0848572 -0.487895 -0.173831 -0.616111 -0.0788636 -0.113662 -0.714638 -1.36985 0.00209725 -0.309773 -0.0885942 -0.0563538 
0.0320647 0.0397693 -0.029896 0.00231312 -0.046847 0.00118334 -0.0202146 -0.0429987 -0.00137353 0.019327 -0.0236879 0.0383753 0.127034 -0.0496125 0.120126 -0.123567 1.63771 -0.0848582 -0.487895 -0.173831 -0.616249 -0.0788202 -0.0983574 -0.714736 -1.37907 0.00209665 -0.309773 -0.0886074 -0.0563538 
0.0320647 0.0397693 -0.029896 0.00231312 -0.046847 0.00118334 -0.0202177 -0.0429958 -0.00137353 0.019327 -0.0236866 0.0383729 0.127032 -0.0496125 0.120126 -0.123566 1.63771 -0.0848572 -0.487895 -0.173831 -0.6164 -0.0787995 -0.0810461 -0.714744 -1.38947 0.00209665 -0.309773 -0.0886265 -0.0563191 
0.0320647 0.0397693 -0.029896 0.00231312 -0.046847 0.00118334 -0.0202177 -0.0429847 -0.00137353 0.019327 -0.0236866 0.0383729 0.127034 -0.0496113 0.120126 -0.123567 1.63771 -0.0848584 -0.487895 -0.173831 -0.616539 -0.0787699 -0.0656042 -0.71474 -1.39871 0.00209856 -0.309772 -0.0886433 -0.0562545 
0.0320537 0.0397722 -0.0298932 0.00231312 -0.0468496 0.00118815 -0.0202177 -0.0429903 -0.00137353 0.019327 -0.0236866 0.0383729 0.127034 -0.0496113 0.120126 -0.123567 1.63771 -0.0848565 -0.487895 -0.173831 -0.616664 -0.0787234 -0.0503054 -0.714727 -1.40789 0.00209856 -0.309772 -0.0886552 -0.0561516 
0.0320508 0.0397722 -0.0298932 0.00231312 -0.0468522 0.00119296 -0.020226 -0.0429847 -0.00137353 0.019327 -0.0236866 0.0383729 0.127034 -0.0496118 0.120126 -0.123567 1.63771 -0.0848582 -0.487895 -0.173831 -0.616745 -0.078619 -0.0332 -0.714724 -1.41821 0.00209725 -0.309773 -0.0886576 -0.056069 
0.0320284 0.0397722 -0.0298932 0.00231312 -0.0468522 0.00119296 -0.0202398 -0.0429987 -0.00137353 0.019327 -0.0236866 0.0383729 0.127032 -0.0496125 0.120126 -0.123567 1.63771 -0.0848572 -0.487895 -0.173831 -0.616752 -0.0785182 -0.0179133 -0.714724 -1.42741 0.00209725 -0.309772 -0.0886708 -0.0560212 
0.032012 0.0397722 -0.0298932 0.00231312 -0.0468522 0.00119296 -0.0202591 -0.0429987 -0.00137353 0.019327 -0.0236866 0.0383729 0.127034 -0.0496113 0.120126 -0.123567 1.63771 -0.0848596 -0.487895 -0.173831 -0.616752 -0.0784352 -0.00267816 -0.714722 -1.43654 0.00209856 -0.309773 -0.0886804 -0.0559373 
0.031987 0.0397722 -0.0298905 0.00231312 -0.0468522 0.00119296 -0.0202785 -0.0429987 -0.00137353 0.019327 -0.0236866 0.0383729 0.127034 -0.0496118 0.120125 -0.123567 1.63771 -0.0848556 -0.487895 -0.173831 -0.616749 -0.0783787 0.0141785 -0.71469 -1.44681 0.00209856 -0.309771 -0.0886853 -0.0558907 
0.0319619 0.0397693 -0.0298905 0.00231312 -0.0468522 0.00119296 -0.0202951 -0.0429987 -0.00137353 0.019327 -0.0236866 0.0383729 0.127034 -0.0496118 0.120125 -0.123567 1.63771 -0.0848584 -0.487895 -0.173831 -0.616745 -0.078347 0.0290966 -0.714648 -1.45585 0.00209856 -0.309771 -0.0886912 -0.0558548 
0.0319343 0.0397693 -0.0298905 0.00231312 -0.0468522 0.00119296 -0.020298 -0.0429958 -0.00137353 0.019327 -0.0236866 0.0383729 0.127034 -0.0496137 0.120124 -0.123567 1.63771 -0.0848582 -0.487895 -0.173831 -0.616746 -0.0783098 0.0457129 -0.71462 -1.46604 0.00209856 -0.309771 -0.0886959 -0.0558069 
0.0319149 0.0397693 -0.0298905 0.00231312 -0.0468522 0.00119296 -0.0203035 -0.0429987 -0.00137353 0.019327 -0.0236866 0.0383729 0.127034 -0.0496118 0.120125 -0.123567 1.63771 -0.0848584 -0.487895 -0.17383 -0.616746 -0.0782237 0.0603263 -0.714608 -1.47505 0.00209856 -0.309772 -0.0887116 -0.0556633 
0.0319092 0.0397749 -0.0298905 0.00231312 -0.046847 0.00118334 -0.0203035 -0.0429958 -0.00137353 0.019327 -0.0236866 0.0383729 0.127032 -0.0496125 0.120125 -0.123567 1.63771 -0.0848584 -0.487895 -0.173832 -0.616747 -0.078074 0.0749469 -0.714602 -1.48383 0.00209963 -0.30977 -0.0887139 -0.0554491 
0.0319121 0.0397749 -0.0298905 0.00231312 -0.0468444 0.00117852 -0.020309 -0.0429958 -0.00137353 0.019327 -0.0236866 0.0383729 0.127034 -0.0496118 0.120125 -0.123566 1.63771 -0.0848584 -0.487895 -0.173831 -0.616747 -0.0777991 0.0912147 -0.714573 -1.49361 0.00209963 -0.309772 -0.0887176 -0.0551965 
0.0319066 0.0397776 -0.0298905 0.00231312 -0.0468444 0.00117852 -0.0203118 -0.0429931 -0.00137901 0.019327 -0.0236866 0.0383729 0.127032 -0.0496125 0.120123 -0.123567 1.63771 -0.0848572 -0.487895 -0.173832 -0.616746 -0.0775063 0.1055 -0.714521 -1.50217 0.00209963 -0.309772 -0.0887187 -0.0549524 
0.0318844 0.0397776 -0.0298905 0.00231312 -0.0468444 0.00117852 -0.0203173 -0.0429958 -0.00137901 0.019327 -0.0236866 0.0383729 0.127037 -0.0496125 0.120123 -0.123567 1.63771 -0.0848582 -0.487895 -0.17383 -0.616741 -0.0771613 0.121469 -0.714378 -1.51158 0.00209856 -0.309772 -0.0887176 -0.0546628 
0.0318565 0.0397693 -0.0298905 0.00231312 -0.0468431 0.00117611 -0.0203285 -0.0429987 -0.00137353 0.019327 -0.0236866 0.0383729 0.127034 -0.0496125 0.120123 -0.123567 1.63771 -0.0848584 -0.487895 -0.173831 -0.616739 -0.0768661 0.135483 -0.714167 -1.51983 0.00209916 -0.309772 -0.0887139 -0.0544462 
0.0318289 0.0397638 -0.0298905 0.00231312 -0.0468431 0.00117611 -0.020334 -0.0429987 -0.00137353 0.019327 -0.0236866 0.0383729 0.127034 -0.0496118 0.120125 -0.123567 1.63771 -0.0848596 -0.487895 -0.173831 -0.616738 -0.0765738 0.149127 -0.713869 -1.52807 0.00209856 -0.309772 -0.0887176 -0.0541722 
0.0318041 0.0397611 -0.0298905 0.00231312 -0.0468406 0.0011713 -0.0203452 -0.0429987 -0.00137353 0.019327 -0.0236866 0.0383729 0.127034 -0.0496137 0.120123 -0.123567 1.63771 -0.0848584 -0.487895 -0.173831 -0.616736 -0.0762215 0.16427 -0.713477 -1.53733 0.00209856 -0.309773 -0.0887176 -0.0538933 
0.0318067 0.0397611 -0.0298905 0.00231312 -0.0468406 0.0011713 -0.0203507 -0.0429987 -0.00137353 0.019327 -0.0236866 0.0383729 0.127034 -0.0496118 0.120123 -0.123567 1.63771 -0.0848584 -0.487895 -0.173832 -0.616735 -0.0757999 0.177457 -0.713098 -1.54545 0.00209856 -0.309772 -0.0887176 -0.0535641 
0.0318151 0.0397611 -0.0298905 0.00231312 -0.0468406 0.0011713 -0.0203507 -0.0429987 -0.00137353 0.019327 -0.0236866 0.0383729 0.127034 -0.0496118 0.120123 -0.123567 1.63771 -0.0848584 -0.487895 -0.173831 -0.616735 -0.0752511 0.190573 -0.71269 -1.5534 0.00209856 -0.309772 -0.0887198 -0.0532398 
0.0318179 0.0397638 -0.0298905 0.00231312 -0.0468406 0.0011713 -0.0203562 -0.0429931 -0.00137353 0.019327 -0.0236866 0.0383729 0.127034 -0.0496118 0.120122 -0.123567 1.63771 -0.0848582 -0.487895 -0.173831 -0.616735 -0.0745327 0.204972 -0.712206 -1.56221 0.00209856 -0.309772 -0.0887187 -0.0529706 
0.0318179 0.0397611 -0.0298905 0.00231312 -0.0468406 0.0011713 -0.020359 -0.0430069 -0.00137353 0.019327 -0.0236866 0.0383729 0.127032 -0.0496118 0.120121 -0.123567 1.63771 -0.0848582 -0.487895 -0.173831 -0.616724 -0.0738959 0.217401 -0.711838 -1.56985 0.00209963 -0.309772 -0.0887222 -0.0528533 
0.0318093 0.03975 -0.0298905 0.00231312 -0.0468406 0.0011713 -0.0203617 -0.0430042 -0.00137353 0.019327 -0.0236866 0.0383729 0.127034 -0.0496137 0.12012 -0.123567 1.63771 -0.0848584 -0.487895 -0.173831 -0.616715 -0.0733025 0.229612 -0.711542 -1.57731 0.00209963 -0.309771 -0.0887187 -0.0527467 
0.0317955 0.0397333 -0.0298905 0.00231312 -0.0468406 0.0011713 -0.0203674 -0.0429847 -0.00137067 0.019327 -0.0236866 0.0383729 0.127034 -0.0496118 0.12012 -0.123567 1.63771 -0.0848584 -0.487895 -0.173831 -0.616697 -0.0726321 0.24298 -0.71127 -1.58557 0.00209916 -0.30977 -0.0887198 -0.0527312 
0.0317788 0.0397333 -0.0298905 0.00231312 -0.0468406 0.0011713 -0.02037 -0.0429931 -0.00136781 0.019327 -0.0236866 0.0383729 0.127032 -0.0496125 0.12012 -0.123566 1.63771 -0.0848596 -0.487895 -0.173831 -0.616692 -0.0719914 0.254528 -0.711095 -1.59279 0.00209916 -0.30977 -0.0887198 -0.0527324 
0.0317788 0.039736 -0.0298905 0.00231312 -0.046838 0.00116649 -0.0203755 -0.0429987 -0.00136781 0.019327 -0.0236866 0.0383729 0.127032 -0.0496118 0.12012 -0.123567 1.63771 -0.0848606 -0.487895 -0.173831 -0.616692 -0.071249 0.267208 -0.71098 -1.60073 0.00209856 -0.309772 -0.0887198 -0.0527348 
0.0317788 0.0397444 -0.0298905 0.00231312 -0.046838 0.00116649 -0.0203812 -0.0429987 -0.00136781 0.019327 -0.0236866 0.0383729 0.127034 -0.0496125 0.12012 -0.123566 1.63771 -0.0848584 -0.487895 -0.173831 -0.616691 -0.0705991 0.278219 -0.710947 -1.60771 0.00209916 -0.309772 -0.0887235 -0.0527432 
0.0317788 0.0397555 -0.0298905 0.00231312 -0.046838 0.00116649 -0.0203812 -0.0429931 -0.00136781 0.019327 -0.0236866 0.0383729 0.127034 -0.0496137 0.120118 -0.123566 1.63771 -0.0848582 -0.487895 -0.173832 -0.61669 -0.070024 0.288873 -0.710944 -1.61454 0.00210035 -0.309773 -0.0887198 -0.0527564 
0.0317788 0.0397555 -0.0298905 0.00231312 -0.046838 0.00116649 -0.0203896 -0.0429931 -0.00137067 0.019327 -0.0236866 0.0383729 0.127034 -0.0496118 0.120117 -0.123567 1.63771 -0.0848582 -0.487895 -0.173831 -0.616678 -0.0694957 0.300514 -0.710944 -1.6221 0.00209963 -0.309773 -0.0887235 -0.0527743 
0.0317788 0.03975 -0.0298905 0.00231312 -0.046838 0.00116649 -0.0203896 -0.0429987 -0.00136781 0.019327 -0.0236879 0.0383753 0.127034 -0.0496113 0.120117 -0.123567 1.63771 -0.0848584 -0.487895 -0.173831 -0.616667 -0.0691588 0.310489 -0.710944 -1.62867 0.00210035 -0.309773 -0.0887235 -0.0527767 
0.0317817 0.0397389 -0.0298905 0.00231312 -0.046838 0.00116649 -0.0203979 -0.0429987 -0.00136781 0.019327 -0.0236879 0.0383753 0.127032 -0.0496125 0.120116 -0.123567 1.63771 -0.0848584 -0.487895 -0.173831 -0.616666 -0.068943 0.319942 -0.710944 -1.63502 0.00210226 -0.309774 -0.0887198 -0.0527683 
0.0317817 0.0397305 -0.0298905 0.00231312 -0.046838 0.00116649 -0.0203979 -0.0429958 -0.00135946 0.019327 -0.0236906 0.0383801 0.127034 -0.0496125 0.120114 -0.123567 1.63771 -0.0848596 -0.487895 -0.173831 -0.616658 -0.0688112 0.330018 -0.710946 -1.64193 0.00210333 -0.309774 -0.0887222 -0.0527492 
0.0317845 0.0397249 -0.0298905 0.00231312 -0.046838 0.00116649 -0.0203979 -0.0429958 -0.00135946 0.019327 -0.0236906 0.0383801 0.127034 -0.0496125 0.120114 -0.123566 1.63771 -0.0848572 -0.487895 -0.17383 -0.616652 -0.0687463 0.338484 -0.710945 -1.64793 0.00210273 -0.309773 -0.0887271 -0.0527241 
0.03179 0.0397249 -0.0298905 0.00231312 -0.046838 0.00116649 -0.020395 -0.0429958 -0.00135946 0.019327 -0.0236906 0.0383801 0.127034 -0.0496125 0.120112 -0.123566 1.63771 -0.0848584 -0.487895 -0.173831 -0.616648 -0.0686934 0.346643 -0.710945 -1.65364 0.00210333 -0.309773 -0.0887271 -0.0526989 
0.0317926 0.0397249 -0.0298905 0.00231312 -0.046838 0.00116649 -0.020395 -0.0429987 -0.00135946 0.019327 -0.0236906 0.0383801 0.127034 -0.0496118 0.120112 -0.123567 1.63771 -0.0848596 -0.487895 -0.173831 -0.616646 -0.0686417 0.355358 -0.710945 -1.65985 0.00210273 -0.309773 -0.0887222 -0.0526918 
0.0317926 0.0397249 -0.0298932 0.00231312 -0.046838 0.00116649 -0.020395 -0.0429931 -0.00135946 0.019327 -0.0236906 0.0383801 0.127034 -0.0496113 0.120112 -0.123566 1.63771 -0.0848582 -0.487895 -0.173832 -0.616643 -0.068624 0.362666 -0.710947 -1.66505 0.00210333 -0.309772 -0.0887222 -0.0527121 
0.0317955 0.0397249 -0.0298905 0.00231312 -0.046838 0.00116649 -0.0203896 -0.0429903 -0.00135684 0.019327 -0.0236906 0.0383801 0.127034 -0.0496118 0.120111 -0.123567 1.63771 -0.0848582 -0.487895 -0.173832 -0.616637 -0.0686214 0.369614 -0.710945 -1.66998 0.00210333 -0.309772 -0.0887235 -0.0527288 
0.0317955 0.0397167 -0.0298905 0.00231312 -0.046838 0.00116649 -0.020395 -0.0429987 -0.00135398 0.019327 -0.0236906 0.0383801 0.127034 -0.0496118 0.120111 -0.123566 1.63771 -0.0848582 -0.487895 -0.173831 -0.616623 -0.068624 0.376827 -0.710946 -1.6753 0.00210464 -0.309773 -0.0887222 -0.0527516 
0.0317955 0.0396973 -0.0298905 0.00231312 -0.046838 0.00116649 -0.020395 -0.0429958 -0.00135136 0.019327 -0.0236906 0.0383801 0.127034 -0.0496118 0.120111 -0.123566 1.63771 -0.0848584 -0.487895 -0.173831 -0.61661 -0.0686231 0.38263 -0.710947 -1.67966 0.00210702 -0.309773 -0.0887222 -0.0527683 
0.0318067 0.0396862 -0.0298905 0.00231312 -0.046838 0.00116649 -0.0203896 -0.0429903 -0.00135136 0.019327 -0.0236906 0.0383801 0.127032 -0.0496118 0.12011 -0.123566 1.63771 -0.0848584 -0.487895 -0.173831 -0.616598 -0.0686224 0.389232 -0.710952 -1.68488 0.00210702 -0.309773 -0.0887271 -0.052766 
0.0318179 0.0396862 -0.0298905 0.00231312 -0.046838 0.00116649 -0.0203896 -0.0429987 -0.00134563 0.019327 -0.0236906 0.0383801 0.127032 -0.0496118 0.120111 -0.123566 1.63771 -0.0848572 -0.487895 -0.173831 -0.616597 -0.0686224 0.39394 -0.710952 -1.68872 0.00210702 -0.309774 -0.0887271 -0.0527599 
0.0318315 0.0396862 -0.0298848 0.00231312 -0.046838 0.00116649 -0.0203896 -0.0429987 -0.00134563 0.019327 -0.0236906 0.0383801 0.127032 -0.0496118 0.120109 -0.123566 1.63771 -0.0848584 -0.487895 -0.173831 -0.616596 -0.068624 0.398217 -0.710955 -1.69217 0.00210702 -0.309774 -0.0887282 -0.0527516 
0.0318484 0.0396973 -0.0298848 0.00231312 -0.0468393 0.00116889 -0.0203896 -0.0429987 -0.00134563 0.019327 -0.0236906 0.0383801 0.127032 -0.0496118 0.120109 -0.123567 1.63771 -0.0848584 -0.487895 -0.173832 -0.616596 -0.0686224 0.402505 -0.710956 -1.69579 0.00210893 -0.309774 -0.0887282 -0.0527551 
0.0318511 0.0396943 -0.0298848 0.00231312 -0.0468431 0.00117611 -0.0203896 -0.0429903 -0.00134563 0.019327 -0.0236906 0.0383801 0.127032 -0.0496118 0.120108 -0.123567 1.63771 -0.0848584 -0.487895 -0.173831 -0.61659 -0.0686247 0.405816 -0.710963 -1.6987 0.00210893 -0.309774 -0.0887307 -0.052766 
0.0318565 0.0396832 -0.0298848 0.00231312 -0.0468431 0.00117611 -0.0203896 -0.0429987 -0.00134301 0.019327 -0.0236906 0.0383801 0.127032 -0.0496113 0.120108 -0.123566 1.63771 -0.0848572 -0.487895 -0.173831 -0.61657 -0.0686262 0.408628 -0.710969 -1.7012 0.00211012 -0.309774 -0.0887282 -0.0527719 
0.0318565 0.0396779 -0.0298848 0.00231312 -0.0468444 0.00117852 -0.0203896 -0.0429987 -0.00134015 0.019327 -0.0236906 0.0383801 0.127034 -0.0496125 0.120108 -0.123567 1.63771 -0.0848584 -0.487895 -0.173831 -0.616545 -0.0686276 0.411227 -0.710968 -1.70357 0.00211132 -0.309773 -0.0887307 -0.0527767 
0.0318565 0.0396668 -0.0298822 0.00231312 -0.0468444 0.00117852 -0.0203896 -0.0429987 -0.00133467 0.019327 -0.0236906 0.0383801 0.127034 -0.0496113 0.120106 -0.123567 1.63771 -0.0848584 -0.487895 -0.173831 -0.616529 -0.0686276 0.412991 -0.71097 -1.70541 0.00211203 -0.309773 -0.0887307 -0.0527946 
0.0318594 0.0396668 -0.0298822 0.00231312 -0.0468419 0.00118332 -0.0203896 -0.0429987 -0.00133467 0.019327 -0.0236906 0.0383801 0.127032 -0.0496118 0.120106 -0.123567 1.63771 -0.0848584 -0.487895 -0.173831 -0.61652 -0.0686262 0.414324 -0.710979 -1.70707 0.0021137 -0.309774 -0.0887367 -0.0528306 
0.0318706 0.0396583 -0.0298822 0.00231312 -0.0468431 0.00118565 -0.0203869 -0.0429847 -0.00133467 0.019327 -0.0236906 0.0383801 0.127032 -0.0496125 0.120106 -0.123567 1.63771 -0.0848584 -0.487895 -0.173831 -0.616522 -0.0686247 0.415309 -0.711009 -1.70856 0.00211871 -0.309773 -0.088739 -0.0528976 
0.0318899 0.0396668 -0.0298822 0.00231312 -0.0468419 0.00118332 -0.0203812 -0.0429847 -0.00133467 0.019327 -0.0236906 0.0383801 0.127032 -0.0496125 0.120106 -0.123567 1.63771 -0.0848582 -0.487895 -0.173831 -0.616522 -0.0686257 0.41573 -0.711041 -1.70944 0.00212228 -0.309773 -0.0887402 -0.0530089 
0.0319121 0.039664 -0.0298822 0.00231312 -0.0468458 0.00119535 -0.0203812 -0.0429847 -0.00133467 0.019327 -0.0236906 0.0383801 0.127032 -0.0496118 0.120106 -0.123566 1.63771 -0.0848582 -0.487895 -0.173831 -0.616523 -0.0686247 0.415777 -0.711089 -1.70984 0.00212479 -0.309773 -0.0887426 -0.0530987 
0.0319343 0.0396529 -0.0298822 0.00231312 -0.046838 0.00120012 -0.0203812 -0.0429958 -0.00133467 0.019327 -0.0236906 0.0383801 0.127032 -0.0496118 0.120106 -0.123568 1.63771 -0.0848582 -0.487895 -0.173831 -0.616523 -0.0686257 0.415596 -0.711159 -1.70988 0.00213516 -0.309773 -0.088739 -0.05318 
0.0319619 0.0396334 -0.0298822 0.00231312 -0.0468276 0.0012049 -0.0203755 -0.0429987 -0.00133467 0.019327 -0.0236906 0.0383801 0.127032 -0.0496118 0.120106 -0.123566 1.63771 -0.0848565 -0.487895 -0.173831 -0.616525 -0.0686262 0.415353 -0.711218 -1.70988 0.00218213 -0.309774 -0.0887367 -0.0532554 
0.0319815 0.0396029 -0.0298822 0.00231312 -0.0468276 0.0012049 -0.0203729 -0.0429987 -0.00133181 0.019327 -0.0236906 0.0383801 0.127032 -0.0496113 0.120106 -0.123567 1.63771 -0.0848582 -0.487895 -0.173831 -0.616532 -0.0686269 0.414922 -0.711289 -1.70987 0.00227988 -0.309773 -0.0887426 -0.0532949 
0.032012 0.0395862 -0.0298822 0.00231312 -0.0468276 0.0012049 -0.0203674 -0.0430042 -0.00133181 0.019327 -0.0236906 0.0383801 0.127032 -0.0496113 0.120106 -0.123567 1.63771 -0.0848584 -0.487895 -0.173831 -0.616534 -0.0686276 0.41441 -0.711377 -1.70987 0.0023458 -0.309773 -0.0887426 -0.0532985 
0.0320425 0.039564 -0.0298822 0.00231312 -0.0468276 0.0012049 -0.0203452 -0.0429987 -0.00132918 0.019327 -0.0236906 0.0383801 0.127032 -0.0496113 0.120104 -0.123566 1.63771 -0.0848584 -0.487895 -0.173831 -0.616534 -0.0686276 0.413864 -0.711485 -1.70986 0.00235355 -0.309773 -0.088739 -0.0532949 
0.0320537 0.0395558 -0.0298822 0.00231312 -0.0468302 0.0012001 -0.020323 -0.0429987 -0.00132918 0.019327 -0.0236906 0.0383801 0.127032 -0.0496113 0.120104 -0.123567 1.63771 -0.0848572 -0.487895 -0.173831 -0.616536 -0.0686276 0.413233 -0.711601 -1.70985 0.00239885 -0.309773 -0.0887414 -0.0532925 
0.0320537 0.0395335 -0.0298822 0.00231312 -0.0468302 0.0012001 -0.0203118 -0.0430042 -0.00132608 0.019327 -0.0236906 0.0383801 0.127032 -0.0496113 0.120102 -0.123566 1.63771 -0.0848584 -0.487895 -0.173831 -0.616541 -0.0686285 0.412604 -0.711713 -1.70984 0.00243843 -0.309773 -0.088745 -0.0533033 
0.0320508 0.0395142 -0.0298822 0.00231312 -0.0468302 0.0012001 -0.020298 -0.0429987 -0.00132608 0.019327 -0.0236906 0.0383801 0.127032 -0.0496113 0.120103 -0.123567 1.63771 -0.0848584 -0.487895 -0.173831 -0.616545 -0.0686285 0.411855 -0.711823 -1.70983 0.00246656 -0.309774 -0.0887462 -0.0533296 
0.0320508 0.0395031 -0.0298822 0.00231312 -0.0468302 0.0012001 -0.0202785 -0.0429987 -0.00132608 0.019327 -0.0236906 0.0383801 0.127034 -0.0496118 0.120101 -0.123567 1.63771 -0.0848584 -0.487895 -0.173832 -0.616551 -0.0686316 0.410806 -0.71194 -1.70982 0.00249517 -0.309773 -0.0887474 -0.0534039 
0.0320508 0.039489 -0.0298848 0.00231312 -0.0468302 0.0012001 -0.0202591 -0.0430042 -0.00132084 0.019327 -0.0236893 0.0383825 0.127032 -0.0496113 0.120102 -0.123567 1.63771 -0.0848572 -0.487895 -0.173831 -0.616554 -0.068634 0.409692 -0.712031 -1.70981 0.00251293 -0.309773 -0.0887499 -0.0535331 
0.0320508 0.039489 -0.0298848 0.00231312 -0.0468302 0.0012001 -0.020237 -0.0429987 -0.00132084 0.019327 -0.0236893 0.0383825 0.127034 -0.0496113 0.120102 -0.123568 1.63771 -0.0848584 -0.487895 -0.173831 -0.616559 -0.0686355 0.408213 -0.712125 -1.70979 0.00254834 -0.309773 -0.0887426 -0.0538322 
0.0320508 0.0394864 -0.0298822 0.00231312 -0.0468302 0.0012001 -0.020226 -0.0430042 -0.00132084 0.019327 -0.0236893 0.0383825 0.127034 -0.0496113 0.120102 -0.123566 1.63771 -0.0848584 -0.487895 -0.173831 -0.616566 -0.0686371 0.406555 -0.712191 -1.70976 0.00262463 -0.309774 -0.0887474 -0.0541207 
0.0320508 0.039489 -0.0298822 0.00231312 -0.0468302 0.0012001 -0.0202203 -0.0429987 -0.00132084 0.019327 -0.0236906 0.0383849 0.127032 -0.0496113 0.120102 -0.123566 1.63771 -0.0848584 -0.487895 -0.173831 -0.61658 -0.0686362 0.404295 -0.712293 -1.70971 0.00278401 -0.309773 -0.0887499 -0.0544569 
0.0320508 0.0394948 -0.0298822 0.00231312 -0.0468302 0.0012001 -0.0202203 -0.0430042 -0.00132084 0.019327 -0.0236906 0.0383849 0.127034 -0.0496113 0.120102 -0.123567 1.63771 -0.0848584 -0.487895 -0.173831 -0.616596 -0.0686355 0.401958 -0.71244 -1.70963 0.00301886 -0.309772 -0.0887462 -0.0546448 
0.0320454 0.0394975 -0.0298822 0.00231312 -0.0468302 0.0012001 -0.0202203 -0.0430042 -0.00132084 0.019327 -0.0236906 0.0383849 0.127034 -0.0496113 0.120102 -0.123566 1.63771 -0.0848582 -0.487895 -0.173831 -0.616604 -0.0686362 0.399314 -0.71261 -1.70953 0.00335407 -0.309772 -0.0887499 -0.0547394 
0.0320454 0.0394975 -0.0298822 0.00231312 -0.0468302 0.0012001 -0.0202203 -0.0430042 -0.00132084 0.019327 -0.0236906 0.0383849 0.127034 -0.0496113 0.120101 -0.123567 1.63771 -0.0848584 -0.487895 -0.173831 -0.616628 -0.0686355 0.39586 -0.712784 -1.70942 0.00379097 -0.309772 -0.088745 -0.0547813 
0.0320508 0.0394948 -0.0298848 0.00231312 -0.0468302 0.0012001 -0.0202146 -0.0430042 -0.00132084 0.019327 -0.0236906 0.0383849 0.127032 -0.0496113 0.120101 -0.123567 1.63771 -0.0848584 -0.487895 -0.173831 -0.616689 -0.0686355 0.39238 -0.713003 -1.7093 0.00422192 -0.309773 -0.0887426 -0.0547813 
0.0320785 0.039489 -0.0298822 0.00231312 -0.0468302 0.0012001 -0.0202007 -0.0430042 -0.00132084 0.019327 -0.0236906 0.0383849 0.127034 -0.0496113 0.1201 -0.123566 1.63771 -0.0848584 -0.487895 -0.173832 -0.616728 -0.0686345 0.388525 -0.713262 -1.70914 0.00479627 -0.309772 -0.0887426 -0.0547801 
0.032109 0.0394753 -0.0298822 0.00231686 -0.0468276 0.0012049 -0.0201814 -0.0430042 -0.00131512 0.019327 -0.0236906 0.0383849 0.127032 -0.0496113 0.1201 -0.123567 1.63771 -0.0848584 -0.487895 -0.173831 -0.616749 -0.0686355 0.383618 -0.713594 -1.70891 0.00549507 -0.309772 -0.0887474 -0.0547801 
0.0321617 0.0394615 -0.0298822 0.00231686 -0.0468225 0.00121449 -0.0201538 -0.0430098 -0.00131249 0.019327 -0.0236906 0.0383849 0.127032 -0.0496113 0.1201 -0.123567 1.63771 -0.0848584 -0.487895 -0.173832 -0.616769 -0.0686362 0.378738 -0.713969 -1.70869 0.00605786 -0.309772 -0.0887414 -0.0547897 
0.0322199 0.0394504 -0.0298822 0.00231686 -0.0468147 0.00122888 -0.0201204 -0.0430098 -0.00130701 0.019327 -0.0236906 0.0383849 0.127032 -0.0496099 0.1201 -0.123567 1.63771 -0.0848584 -0.487895 -0.173831 -0.6168 -0.0686371 0.372601 -0.714502 -1.7084 0.00671709 -0.309772 -0.0887462 -0.0548231 
0.0322478 0.0394504 -0.0298822 0.00231686 -0.0468199 0.00121929 -0.0200844 -0.0430098 -0.00130391 0.019327 -0.0236906 0.0383849 0.127032 -0.0496113 0.1201 -0.123567 1.63771 -0.0848572 -0.487895 -0.173831 -0.616821 -0.0686393 0.366572 -0.715086 -1.70807 0.00730538 -0.309771 -0.0887426 -0.0548938 
0.0322506 0.0394363 -0.0298793 0.00231686 -0.0468095 0.00123847 -0.0200455 -0.0430098 -0.00130129 0.019327 -0.0236906 0.0383849 0.127034 -0.0496113 0.1201 -0.123566 1.63771 -0.0848572 -0.487895 -0.173831 -0.616839 -0.0686393 0.359131 -0.715818 -1.70755 0.00797379 -0.309772 -0.0887474 -0.0551175 
0.0322421 0.0394363 -0.0298822 0.00231686 -0.0468095 0.00123847 -0.0200233 -0.0430152 -0.00130129 0.019327 -0.0236906 0.0383849 0.127034 -0.0496113 0.1201 -0.123567 1.63771 -0.0848582 -0.487895 -0.173831 -0.616848 -0.0686388 0.35203 -0.716544 -1.70692 0.00858283 -0.309772 -0.0887474 -0.0553881 
0.0322256 0.0394419 -0.0298822 0.00231686 -0.0468083 0.00124087 -0.0199955 -0.043018 -0.00129867 0.019327 -0.0236906 0.0383849 0.127032 -0.0496113 0.1201 -0.123566 1.63771 -0.0848572 -0.487895 -0.173832 -0.616858 -0.0686378 0.344462 -0.717298 -1.70606 0.00916576 -0.309772 -0.0887426 -0.0555891 
0.0322034 0.0394419 -0.0298822 0.00231686 -0.0468095 0.00124328 -0.0199623 -0.0430236 -0.00129867 0.019327 -0.0236906 0.0383849 0.127032 -0.0496113 0.1201 -0.123567 1.63771 -0.0848582 -0.487895 -0.17383 -0.616873 -0.0686378 0.335474 -0.718174 -1.70476 0.00993419 -0.309772 -0.0887462 -0.0557793 
0.0321617 0.0394447 -0.0298822 0.00231686 -0.0468095 0.00124328 -0.0199318 -0.0430236 -0.00129867 0.019327 -0.0236906 0.0383849 0.127032 -0.0496113 0.1201 -0.123566 1.63771 -0.0848582 -0.487895 -0.173831 -0.616875 -0.06864 0.327038 -0.719006 -1.70327 0.0108364 -0.30977 -0.0887414 -0.0559792 
0.0321119 0.0394447 -0.0298822 0.00231686 -0.0468095 0.00124328 -0.0199263 -0.0430236 -0.00129008 0.0193307 -0.0236906 0.0383849 0.127034 -0.0496113 0.1201 -0.123567 1.63771 -0.0848606 -0.487895 -0.17383 -0.616876 -0.0686443 0.316935 -0.719984 -1.70097 0.0120125 -0.309772 -0.0887474 -0.0561875 
0.0320702 0.0394558 -0.0298793 0.00231686 -0.0468095 0.00124328 -0.019918 -0.0430208 -0.00129008 0.0193307 -0.0236906 0.0383849 0.127034 -0.0496113 0.1201 -0.123566 1.63771 -0.0848572 -0.487895 -0.173831 -0.616878 -0.0686443 0.30764 -0.72086 -1.69831 0.0130403 -0.309771 -0.0887426 -0.0563311 
0.0320563 0.0394615 -0.0298822 0.00231686 -0.0468095 0.00124328 -0.0198929 -0.0430208 -0.00128174 0.0193307 -0.0236906 0.0383849 0.127034 -0.0496113 0.1201 -0.123566 1.63771 -0.0848582 -0.487895 -0.173831 -0.6169 -0.0686471 0.297972 -0.721748 -1.69507 0.0141028 -0.309769 -0.0887426 -0.0563694 
0.032059 0.0394753 -0.0298822 0.00231686 -0.0468095 0.00124328 -0.0198514 -0.0430208 -0.00128174 0.0193307 -0.0236906 0.0383849 0.127034 -0.0496113 0.1201 -0.123566 1.63771 -0.0848572 -0.487895 -0.173831 -0.616947 -0.0686996 0.285168 -0.722886 -1.69048 0.0155807 -0.30977 -0.0887414 -0.056373 
0.032059 0.0394779 -0.0298822 0.00231686 -0.0468095 0.00124328 -0.0198097 -0.043018 -0.00128174 0.0193307 -0.0236906 0.0383849 0.127037 -0.0496113 0.1201 -0.123567 1.63771 -0.0848572 -0.487895 -0.173832 -0.616968 -0.0687795 0.274366 -0.72377 -1.68652 0.0166786 -0.309771 -0.0887414 -0.0563754 
0.0320647 0.0394837 -0.0298822 0.00231686 -0.0468083 0.00124568 -0.0197625 -0.0430321 -0.00128174 0.0193307 -0.0236906 0.0383849 0.127037 -0.0496113 0.1201 -0.123567 1.63771 -0.0848582 -0.487895 -0.173831 -0.616972 -0.0688188 0.263232 -0.724538 -1.68212 0.0176691 -0.309772 -0.0887426 -0.0563765 
0.0320675 0.0394837 -0.0298822 0.00231686 -0.0468083 0.00124568 -0.0197208 -0.0430236 -0.00127649 0.0193307 -0.0236919 0.0383825 0.127034 -0.0496113 0.1201 -0.123567 1.63771 -0.0848584 -0.487895 -0.173831 -0.616976 -0.0688374 0.250186 -0.725262 -1.67695 0.018681 -0.309773 -0.0887426 -0.056373 
0.032073 0.0394779 -0.0298793 0.00231686 -0.0468083 0.00124568 -0.0197015 -0.0430293 -0.00126791 0.0193307 -0.0236919 0.0383825 0.127034 -0.0496113 0.1201 -0.123566 1.63771 -0.0848572 -0.487895 -0.173831 -0.616977 -0.0688431 0.238146 -0.725835 -1.6721 0.0193806 -0.309773 -0.0887426 -0.0563598 
0.0320702 0.0394779 -0.0298822 0.00231686 -0.0468083 0.00124568 -0.0196848 -0.0430236 -0.00126529 0.0193307 -0.0236919 0.0383825 0.127037 -0.0496113 0.1201 -0.123566 1.63771 -0.0848582 -0.487895 -0.173832 -0.616976 -0.068851 0.22418 -0.726412 -1.66606 0.0199817 -0.309772 -0.0887426 -0.0563635 
0.032059 0.0394779 -0.0298822 0.00231686 -0.0468083 0.00124568 -0.0196848 -0.0430293 -0.00125957 0.0193307 -0.0236919 0.0383825 0.127037 -0.0496113 0.1201 -0.123567 1.63771 -0.0848584 -0.487895 -0.173831 -0.616974 -0.0688744 0.211481 -0.726846 -1.6603 0.0202589 -0.309772 -0.0887426 -0.0563909 
0.0320399 0.0394779 -0.0298822 0.00231686 -0.0468083 0.00124568 -0.0196931 -0.0430152 -0.00125957 0.0193307 -0.0236919 0.0383825 0.127037 -0.0496113 0.1201 -0.123567 1.63771 -0.0848584 -0.487895 -0.173832 -0.616974 -0.0688918 0.198443 -0.727193 -1.65405 0.0202912 -0.309772 -0.088745 -0.0564472 
0.0320203 0.0394779 -0.0298822 0.00231686 -0.0468095 0.00124328 -0.019707 -0.0430098 -0.00125957 0.0193307 -0.0236919 0.0383825 0.127034 -0.0496113 0.1201 -0.123567 1.63771 -0.0848572 -0.487895 -0.173831 -0.616973 -0.0689354 0.18354 -0.727406 -1.64668 0.0202857 -0.309773 -0.0887426 -0.0565178 
0.0320175 0.0394779 -0.0298793 0.00231686 -0.0468108 0.00124561 -0.0197237 -0.0430098 -0.00125957 0.0193307 -0.0236919 0.0383825 0.127034 -0.0496113 0.1201 -0.123567 1.63771 -0.0848582 -0.487895 -0.173832 -0.616974 -0.0690184 0.170141 -0.727445 -1.63988 0.0202875 -0.309772 -0.0887414 -0.0565621 
0.0320258 0.0394837 -0.0298822 0.00231686 -0.0468108 0.00124561 -0.0197349 -0.0430098 -0.00125957 0.0193307 -0.0236919 0.0383825 0.127034 -0.0496113 0.1201 -0.123567 1.63771 -0.0848572 -0.487895 -0.173831 -0.616974 -0.0691462 0.156559 -0.727436 -1.63276 0.020282 -0.30977 -0.0887414 -0.0565704 
0.0320315 0.0394837 -0.0298822 0.00231686 -0.0468095 0.00124801 -0.0197542 -0.0430069 -0.00125957 0.0193307 -0.0236919 0.0383825 0.127034 -0.0496113 0.1201 -0.123566 1.63771 -0.0848584 -0.487895 -0.173832 -0.616972 -0.0693772 0.140912 -0.727421 -1.62443 0.020282 -0.309771 -0.0887414 -0.0565704 
0.0320425 0.0394696 -0.0298822 0.00231686 -0.0468095 0.00124801 -0.0197709 -0.0430069 -0.00125957 0.0193307 -0.0236919 0.0383825 0.127034 -0.0496113 0.1201 -0.123566 1.63771 -0.0848572 -0.487895 -0.173832 -0.616972 -0.0697041 0.12696 -0.727416 -1.61694 0.0202804 -0.30977 -0.088739 -0.0565681 
0.0320537 0.0394641 -0.0298793 0.00231686 -0.0468095 0.00124801 -0.0197957 -0.0430069 -0.00125957 0.0193307 -0.0236919 0.0383825 0.127034 -0.0496113 0.1201 -0.123566 1.63771 -0.0848572 -0.487895 -0.173831 -0.616973 -0.070224 0.110946 -0.727417 -1.60834 0.0202833 -0.309772 -0.0887426 -0.0565621 
0.0320675 0.0394615 -0.0298822 0.00231686 -0.0468095 0.00124801 -0.0197988 -0.0430042 -0.00125957 0.0193307 -0.0236919 0.0383825 0.127034 -0.0496113 0.1201 -0.123567 1.63771 -0.0848584 -0.487895 -0.173831 -0.616969 -0.0707762 0.0966003 -0.727416 -1.60044 0.0202827 -0.309772 -0.0887414 -0.0565441 
0.0320842 0.0394558 -0.0298822 0.00231686 -0.0468095 0.00124801 -0.0198097 -0.0430069 -0.00125957 0.0193307 -0.0236932 0.0383802 0.127034 -0.0496099 0.1201 -0.123567 1.63771 -0.0848582 -0.487895 -0.173831 -0.61696 -0.0713322 0.0821369 -0.727402 -1.59232 0.020281 -0.309771 -0.088739 -0.0565441 
0.0320923 0.0394558 -0.0298822 0.00231686 -0.0468095 0.00124801 -0.0198236 -0.0430069 -0.00125957 0.0193307 -0.0236932 0.0383802 0.127034 -0.0496118 0.1201 -0.123567 1.63771 -0.0848584 -0.487895 -0.173832 -0.616946 -0.0718582 0.065769 -0.727352 -1.5829 0.0202796 -0.309771 -0.0887402 -0.0565704 
0.0320923 0.0394504 -0.0298822 0.00231686 -0.0468095 0.00124801 -0.0198483 -0.0430069 -0.00125957 0.0193307 -0.0236932 0.0383802 0.127034 -0.0496113 0.1201 -0.123567 1.63771 -0.0848584 -0.487895 -0.173831 -0.616942 -0.0722368 0.0511603 -0.727294 -1.57437 0.0202796 -0.309771 -0.0887426 -0.0566171 
0.0320897 0.0394504 -0.0298822 0.00231686 -0.0468069 0.00125281 -0.0198736 -0.0430069 -0.00125408 0.0193307 -0.0236932 0.0383802 0.127032 -0.0496113 0.1201 -0.123567 1.63771 -0.0848584 -0.487895 -0.173831 -0.616942 -0.0726275 0.0347261 -0.727215 -1.56443 0.020279 -0.309772 -0.0887426 -0.0567738 
0.0320897 0.0394504 -0.0298822 0.00231686 -0.0468069 0.00125281 -0.0198929 -0.0430069 -0.00125122 0.0193307 -0.0236932 0.0383802 0.127032 -0.0496099 0.1201 -0.123566 1.63771 -0.0848584 -0.487895 -0.173831 -0.616943 -0.0730259 0.020082 -0.727185 -1.55536 0.0202767 -0.30977 -0.088745 -0.0569905 
0.0320897 0.0394504 -0.0298822 0.00231686 -0.0468069 0.00125281 -0.0199151 -0.0430069 -0.00125122 0.0193307 -0.0236932 0.0383802 0.127034 -0.0496113 0.1201 -0.123566 1.63771 -0.0848584 -0.487895 -0.173831 -0.616942 -0.0735078 0.00528193 -0.727183 -1.54631 0.0202773 -0.309772 -0.0887426 -0.0571257 
0.0321035 0.0394504 -0.0298793 0.00231686 -0.0468069 0.00125281 -0.0199318 -0.0430069 -0.0012486 0.0193307 -0.0236932 0.0383802 0.127032 -0.0496113 0.120098 -0.123567 1.63771 -0.0848584 -0.487895 -0.173832 -0.616936 -0.0741985 -0.0114207 -0.727177 -1.53593 0.0202754 -0.30977 -0.0887426 -0.057261 
0.0321202 0.0394585 -0.0298793 0.00231686 -0.0468095 0.00124801 -0.0199456 -0.0430042 -0.00124311 0.0193307 -0.0236932 0.0383802 0.127032 -0.0496113 0.120098 -0.123567 1.63771 -0.0848572 -0.487895 -0.173831 -0.616927 -0.0749087 -0.0261891 -0.727147 -1.52664 0.0202754 -0.309772 -0.0887426 -0.0573484 
0.0321229 0.0394558 -0.0298793 0.00231686 -0.0468134 0.00124569 -0.019954 -0.0430069 -0.0012486 0.0193307 -0.0236932 0.0383802 0.127032 -0.0496113 0.1201 -0.123566 1.63771 -0.0848582 -0.487895 -0.173832 -0.616916 -0.0756333 -0.0409808 -0.727078 -1.51727 0.0202743 -0.309772 -0.0887426 -0.0574728 
0.032109 0.0394504 -0.0298765 0.00231686 -0.0468186 0.0012361 -0.0199707 -0.0430069 -0.00124311 0.0193307 -0.0236932 0.0383802 0.127031 -0.0496113 0.120098 -0.123566 1.63771 -0.0848584 -0.487895 -0.173831 -0.6169 -0.0763621 -0.0573475 -0.726913 -1.50673 0.0202743 -0.309773 -0.0887414 -0.0576774 
0.0320785 0.0394504 -0.0298765 0.00231686 -0.0468238 0.00122651 -0.0199983 -0.0430069 -0.00124311 0.0193307 -0.0236932 0.0383802 0.127031 -0.0496113 0.1201 -0.123567 1.63771 -0.0848584 -0.487895 -0.173831 -0.616882 -0.0769706 -0.0718908 -0.7267 -1.4973 0.0202723 -0.309772 -0.088739 -0.0578929 
0.0320454 0.0394504 -0.0298765 0.00231686 -0.0468251 0.00122411 -0.0200315 -0.0429987 -0.00124025 0.0193307 -0.0236932 0.0383802 0.127032 -0.0496113 0.120098 -0.123567 1.63771 -0.0848584 -0.487895 -0.173831 -0.616863 -0.0777137 -0.0881116 -0.726444 -1.4866 0.0202723 -0.309772 -0.0887426 -0.0580473 
0.0320284 0.0394504 -0.0298765 0.00231686 -0.0468264 0.00122171 -0.0200536 -0.0429987 -0.00123477 0.0193307 -0.0236932 0.0383802 0.127032 -0.0496113 0.120098 -0.123566 1.63771 -0.0848572 -0.487895 -0.173831 -0.616842 -0.0785003 -0.102412 -0.726178 -1.47699 0.0202723 -0.309772 -0.0887426 -0.058143 
0.0320258 0.0394558 -0.0298765 0.00231686 -0.0468264 0.00122171 -0.0200706 -0.0429987 -0.00122905 0.0193307 -0.0236932 0.0383802 0.127032 -0.0496118 0.1201 -0.123567 1.63771 -0.0848584 -0.487895 -0.173831 -0.616817 -0.0793691 -0.116741 -0.725866 -1.46738 0.0202723 -0.309772 -0.0887426 -0.0582555 
0.0320258 0.0394641 -0.0298765 0.00231686 -0.0468264 0.00122171 -0.020076 -0.0429958 -0.00122905 0.019327 -0.0236932 0.0383802 0.127032 -0.0496118 0.1201 -0.123567 1.63771 -0.0848584 -0.487895 -0.173831 -0.616795 -0.0803754 -0.132749 -0.725435 -1.45653 0.0202717 -0.309774 -0.0887414 -0.0583202 
0.0320258 0.0394641 -0.0298765 0.00231686 -0.0468264 0.00122171 -0.0200844 -0.0430069 -0.00122905 0.019327 -0.0236932 0.0383802 0.127031 -0.0496113 0.120098 -0.123567 1.63771 -0.0848606 -0.487895 -0.173831 -0.616784 -0.0812681 -0.146818 -0.724953 -1.44698 0.0202723 -0.309773 -0.0887426 -0.0583632 
0.0320284 0.0394641 -0.0298765 0.00231686 -0.0468264 0.00122171 -0.0200844 -0.0430069 -0.00122905 0.019327 -0.0236932 0.0383802 0.127031 -0.0496113 0.120098 -0.123566 1.63771 -0.0848582 -0.487895 -0.173831 -0.616769 -0.0821862 -0.16089 -0.724335 -1.43747 0.0202736 -0.309774 -0.0887426 -0.0583883 
0.0320284 0.0394615 -0.0298765 0.00231686 -0.0468264 0.00122171 -0.0200872 -0.0430069 -0.00122905 0.019327 -0.0236932 0.0383802 0.127032 -0.0496113 0.120097 -0.123567 1.63771 -0.0848582 -0.487895 -0.173831 -0.616739 -0.0831838 -0.176558 -0.723502 -1.42677 0.0202754 -0.309774 -0.0887426 -0.0584267 
0.0320284 0.0394504 -0.0298765 0.00231686 -0.0468264 0.00122171 -0.0200899 -0.0430069 -0.00122905 0.019327 -0.0236932 0.0383802 0.127032 -0.0496113 0.120097 -0.123567 1.63771 -0.0848584 -0.487895 -0.173831 -0.616698 -0.0839574 -0.190284 -0.722667 -1.41726 0.0202767 -0.309773 -0.0887499 -0.0584781 
0.0320258 0.0394447 -0.0298765 0.00231686 -0.0468264 0.00122171 -0.0200953 -0.0430069 -0.00122643 0.019327 -0.0236932 0.0383802 0.127032 -0.0496118 0.120097 -0.123566 1.63771 -0.0848582 -0.487895 -0.173831 -0.616653 -0.0846388 -0.203927 -0.721749 -1.40775 0.0202777 -0.309774 -0.0887414 -0.0585546 
0.0320063 0.0394504 -0.0298765 0.00231686 -0.0468264 0.00122171 -0.0201066 -0.0429987 -0.00122643 0.019327 -0.0236932 0.0383802 0.127032 -0.0496118 0.120097 -0.123566 1.63771 -0.0848582 -0.487895 -0.173831 -0.616617 -0.0852911 -0.219181 -0.720569 -1.39698 0.0202827 -0.309774 -0.088745 -0.0587187 
0.0319924 0.0394504 -0.0298765 0.00231686 -0.0468289 0.00121699 -0.0201149 -0.0429958 -0.00122643 0.019327 -0.0236932 0.0383802 0.127031 -0.0496113 0.120097 -0.123566 1.63771 -0.0848584 -0.487895 -0.173831 -0.616574 -0.0857725 -0.232621 -0.719441 -1.38756 0.0202827 -0.309774 -0.088745 -0.0588311 
0.031976 0.0394585 -0.0298765 0.00231686 -0.0468315 0.00121212 -0.0201259 -0.0430069 -0.00122643 0.019327 -0.0236932 0.0383802 0.127032 -0.0496118 0.120097 -0.123567 1.63771 -0.0848584 -0.487895 -0.173831 -0.616501 -0.0862813 -0.247473 -0.718163 -1.37694 0.0202839 -0.309773 -0.0887474 -0.0589747 
0.0319593 0.0394615 -0.0298765 0.00231686 -0.0468354 0.00120492 -0.0201342 -0.0430069 -0.00122643 0.019327 -0.0236932 0.0383802 0.127032 -0.0496113 0.120097 -0.123567 1.63771 -0.0848582 -0.487895 -0.173831 -0.616438 -0.0866735 -0.260417 -0.716916 -1.36754 0.0202827 -0.309772 -0.088745 -0.0591351 
0.0319426 0.0394641 -0.0298765 0.00231312 -0.046838 0.00120012 -0.0201538 -0.0429987 -0.00122643 0.019327 -0.0236932 0.0383802 0.127032 -0.0496118 0.120097 -0.123566 1.63771 -0.0848582 -0.487895 -0.173831 -0.616357 -0.0869274 -0.273245 -0.715524 -1.35837 0.0202827 -0.309776 -0.0887426 -0.0593661 
0.0319371 0.0394641 -0.0298765 0.00231312 -0.046838 0.00120012 -0.0201759 -0.0429987 -0.00122356 0.019327 -0.0236932 0.0383802 0.127031 -0.0496113 0.120097 -0.123566 1.63771 -0.0848584 -0.487895 -0.173832 -0.616275 -0.0871098 -0.287453 -0.713957 -1.34815 0.0202857 -0.309778 -0.0887474 -0.0595409 
0.0319371 0.0394726 -0.0298765 0.00231312 -0.046838 0.00120012 -0.0201981 -0.0429987 -0.00122356 0.019327 -0.0236932 0.0383802 0.127032 -0.0496118 0.120095 -0.123566 1.63771 -0.0848584 -0.487895 -0.173831 -0.616201 -0.0872145 -0.301462 -0.712283 -1.33812 0.0202888 -0.309774 -0.0887426 -0.0596269 
0.0319343 0.0394753 -0.0298765 0.00231312 -0.046838 0.00120012 -0.0202065 -0.0429987 -0.0012207 0.019327 -0.0236932 0.0383802 0.127032 -0.0496118 0.120095 -0.123567 1.63771 -0.0848584 -0.487895 -0.173831 -0.616108 -0.087218 -0.315424 -0.710519 -1.32846 0.0202912 -0.309777 -0.0887426 -0.0597084 
0.0319371 0.0394753 -0.0298765 0.00231312 -0.046838 0.00120012 -0.0202177 -0.0429987 -0.0012207 0.019327 -0.0236932 0.0383802 0.127032 -0.0496125 0.120095 -0.123567 1.63771 -0.0848584 -0.487895 -0.173831 -0.616006 -0.087218 -0.327754 -0.708993 -1.32019 0.0202912 -0.309774 -0.0887499 -0.0597072 
0.0319343 0.0394753 -0.0298765 0.00231312 -0.046838 0.00120012 -0.0202203 -0.0429958 -0.0012207 0.019327 -0.0236932 0.0383802 0.127031 -0.0496118 0.120095 -0.123566 1.63771 -0.0848584 -0.487895 -0.173831 -0.615868 -0.0872145 -0.339806 -0.707355 -1.31206 0.0202955 -0.309777 -0.0887474 -0.0597084 
0.0319288 0.0394753 -0.029871 0.00231312 -0.0468406 0.00120494 -0.020226 -0.0429987 -0.0012207 0.019327 -0.0236932 0.0383802 0.127032 -0.0496113 0.120095 -0.123567 1.63771 -0.0848584 -0.487895 -0.173831 -0.615707 -0.0871897 -0.353166 -0.705507 -1.30326 0.0202955 -0.309775 -0.0887499 -0.0597084 
0.0319259 0.0394753 -0.029871 0.00231312 -0.0468419 0.00120735 -0.0202315 -0.0429987 -0.0012207 0.019327 -0.0236932 0.0383802 0.127031 -0.0496125 0.120095 -0.123566 1.63771 -0.0848584 -0.487895 -0.173832 -0.615549 -0.0871897 -0.364836 -0.703814 -1.29559 0.0202942 -0.309775 -0.088751 -0.0597215 
0.0319204 0.0394779 -0.029871 0.00231312 -0.0468432 0.00120975 -0.0202425 -0.0429958 -0.0012207 0.019327 -0.0236932 0.0383802 0.127032 -0.0496125 0.120095 -0.123566 1.63771 -0.0848596 -0.487895 -0.173831 -0.615378 -0.0871873 -0.375995 -0.702182 -1.28831 0.0202925 -0.309776 -0.0887426 -0.0597814 
0.0319121 0.0394837 -0.029871 0.00231312 -0.0468432 0.00120975 -0.0202646 -0.0429987 -0.00121522 0.019327 -0.0236932 0.0383802 0.127032 -0.0496118 0.120095 -0.123567 1.63771 -0.0848584 -0.487895 -0.17383 -0.615183 -0.0871863 -0.388366 -0.700357 -1.28019 0.0202888 -0.309776 -0.0887474 -0.0599298 
0.0319011 0.0395031 -0.0298765 0.00231312 -0.0468432 0.00120975 -0.0202897 -0.0429987 -0.00121522 0.019327 -0.0236932 0.0383802 0.127032 -0.0496113 0.120095 -0.123566 1.63771 -0.0848596 -0.487895 -0.173831 -0.614993 -0.0871878 -0.399021 -0.698744 -1.27326 0.0202907 -0.309778 -0.0887462 -0.0601679 
0.0318816 0.0395031 -0.029871 0.00231312 -0.0468432 0.00120975 -0.0203285 -0.0429987 -0.00121522 0.019327 -0.0236932 0.0383802 0.127031 -0.0496118 0.120094 -0.123566 1.63771 -0.0848584 -0.487895 -0.173831 -0.614809 -0.0871863 -0.410522 -0.697002 -1.26583 0.0202907 -0.309778 -0.0887474 -0.060375 
0.0318816 0.0395169 -0.029871 0.00231312 -0.0468458 0.00121457 -0.0203478 -0.0429931 -0.00121522 0.019327 -0.0236932 0.0383802 0.127031 -0.0496118 0.120095 -0.123567 1.63771 -0.0848584 -0.487895 -0.173832 -0.614681 -0.0871863 -0.420476 -0.695435 -1.25959 0.0202804 -0.309777 -0.0887426 -0.0605844 
0.0318706 0.0395335 -0.0298765 0.00231312 -0.0468458 0.00121457 -0.0203674 -0.0429987 -0.0012207 0.019327 -0.0236932 0.0383802 0.127031 -0.0496113 0.120095 -0.123566 1.63771 -0.0848584 -0.487895 -0.173831 -0.61457 -0.0871856 -0.430012 -0.693958 -1.25352 0.0202827 -0.309778 -0.0887499 -0.0607532 
0.0318706 0.0395364 -0.029871 0.00231312 -0.0468458 0.00121457 -0.0203896 -0.0429987 -0.0012207 0.0193232 -0.0236932 0.0383802 0.127032 -0.0496113 0.120095 -0.123567 1.63771 -0.0848584 -0.487895 -0.173831 -0.614454 -0.0871847 -0.440206 -0.69224 -1.24709 0.020281 -0.309778 -0.0887474 -0.0609148 
0.0318706 0.0395391 -0.029871 0.00231312 -0.0468458 0.00121457 -0.0204091 -0.0429987 -0.00121522 0.0193232 -0.0236932 0.0383802 0.127032 -0.0496118 0.120094 -0.123566 1.63771 -0.0848584 -0.487895 -0.173831 -0.614343 -0.0871818 -0.448964 -0.690729 -1.24166 0.0202767 -0.309778 -0.088745 -0.0610499 
0.0318565 0.0395335 -0.029871 0.00231312 -0.0468458 0.00121457 -0.0204282 -0.0429987 -0.00121522 0.0193232 -0.0236932 0.0383802 0.127032 -0.0496118 0.120095 -0.123566 1.63771 -0.0848584 -0.487895 -0.173832 -0.614188 -0.0871811 -0.458298 -0.68906 -1.23605 0.0202804 -0.309778 -0.0887499 -0.0610991 
0.0318565 0.0395364 -0.029871 0.00231312 -0.0468471 0.00121697 -0.0204339 -0.0429987 -0.00121522 0.0193232 -0.0236932 0.0383802 0.127031 -0.0496118 0.120095 -0.123566 1.63771 -0.0848584 -0.487895 -0.173831 -0.614039 -0.0871732 -0.46613 -0.687581 -1.23141 0.0202748 -0.309777 -0.0887499 -0.0611385 
0.0318594 0.0395335 -0.029871 0.00231312 -0.0468458 0.00121457 -0.0204282 -0.0429987 -0.00121522 0.0193232 -0.0236932 0.0383802 0.127031 -0.0496118 0.120095 -0.123565 1.63771 -0.0848596 -0.487895 -0.173831 -0.613862 -0.0871696 -0.473588 -0.686268 -1.22701 0.0202743 -0.309776 -0.0887499 -0.0611935 
0.0318594 0.0395335 -0.029871 0.00231312 -0.0468484 0.00121938 -0.0204282 -0.0429903 -0.0012207 0.0193232 -0.0236932 0.0383802 0.127031 -0.0496118 0.120095 -0.123566 1.63771 -0.0848582 -0.487895 -0.173831 -0.61363 -0.0871654 -0.481347 -0.684835 -1.22252 0.0202619 -0.309777 -0.088751 -0.0613084 
0.0318594 0.0395391 -0.029871 0.00231312 -0.0468484 0.00121938 -0.0204256 -0.0429958 -0.0012207 0.0193232 -0.0236932 0.0383802 0.127032 -0.0496125 0.120095 -0.123566 1.63771 -0.0848584 -0.487895 -0.17383 -0.613416 -0.087136 -0.487573 -0.683653 -1.21883 0.0202467 -0.309778 -0.0887522 -0.0614951 
0.0318623 0.0395418 -0.029871 0.00231312 -0.0468484 0.00121938 -0.0204282 -0.0429958 -0.0012207 0.0193232 -0.0236932 0.0383802 0.127031 -0.0496118 0.120095 -0.123566 1.63771 -0.0848584 -0.487895 -0.17383 -0.61321 -0.0871339 -0.493274 -0.682685 -1.21548 0.0202436 -0.309778 -0.088745 -0.0617117 
0.0318594 0.0395418 -0.029871 0.00231312 -0.0468484 0.00121938 -0.0204282 -0.0429958 -0.00122356 0.0193232 -0.0236932 0.0383802 0.127031 -0.0496113 0.120097 -0.123566 1.63771 -0.0848584 -0.487895 -0.173831 -0.612976 -0.087136 -0.499015 -0.681774 -1.21244 0.0202205 -0.309777 -0.0887426 -0.0620158 
0.0318565 0.0395418 -0.029871 0.00231312 -0.0468484 0.00121938 -0.0204339 -0.0429987 -0.00122356 0.0193232 -0.0236932 0.0383802 0.127032 -0.0496125 0.120095 -0.123567 1.63771 -0.0848572 -0.487895 -0.173831 -0.612785 -0.087136 -0.503571 -0.681057 -1.21024 0.0202185 -0.309778 -0.0887426 -0.0623173 
0.0318453 0.0395474 -0.029871 0.00231312 -0.0468484 0.00121938 -0.0204368 -0.0429987 -0.00122356 0.0193232 -0.0236932 0.0383802 0.127032 -0.0496118 0.120097 -0.123566 1.63771 -0.0848584 -0.487895 -0.173831 -0.61258 -0.087136 -0.508133 -0.680461 -1.20813 0.0201784 -0.309777 -0.0887426 -0.0625531 
0.0318427 0.0395502 -0.0298765 0.00231312 -0.0468484 0.00121938 -0.0204394 -0.0429987 -0.00122356 0.0193232 -0.0236932 0.0383802 0.127032 -0.0496125 0.120095 -0.123566 1.63771 -0.0848582 -0.487895 -0.173831 -0.612386 -0.0871353 -0.511644 -0.680092 -1.20653 0.0201825 -0.309777 -0.0887426 -0.0626548 
0.0318427 0.0395502 -0.029871 0.00231312 -0.0468484 0.00121938 -0.0204422 -0.0429987 -0.00122643 0.0193232 -0.0236932 0.0383802 0.127031 -0.0496113 0.120095 -0.123567 1.63771 -0.0848584 -0.487895 -0.173831 -0.612216 -0.0871344 -0.514709 -0.679864 -1.2052 0.0201814 -0.309777 -0.088745 -0.062741 
0.0318427 0.0395418 -0.029871 0.00231312 -0.0468484 0.00121938 -0.0204422 -0.0429903 -0.00122643 0.0193232 -0.0236932 0.0383802 0.127031 -0.0496118 0.120095 -0.123566 1.63771 -0.0848582 -0.487895 -0.173831 -0.612037 -0.0871327 -0.517593 -0.679826 -1.20404 0.0201832 -0.309777 -0.0887462 -0.0628594 
0.0318427 0.0395474 -0.029871 0.00231312 -0.0468484 0.00121938 -0.0204504 -0.0429987 -0.00122905 0.0193232 -0.0236932 0.0383802 0.127031 -0.0496118 0.120097 -0.123566 1.63771 -0.0848584 -0.487895 -0.173831 -0.611902 -0.0871251 -0.519635 -0.679837 -1.2033 0.0201825 -0.309778 -0.0887499 -0.0629361 
0.0318453 0.0395474 -0.029871 0.00231312 -0.0468484 0.00121938 -0.0204477 -0.0429931 -0.00122905 0.0193232 -0.0236932 0.0383802 0.127032 -0.0496125 0.120097 -0.123567 1.63771 -0.0848584 -0.487895 -0.173831 -0.6118 -0.0871143 -0.521404 -0.679874 -1.20284 0.0201795 -0.309778 -0.0887499 -0.0629815 
0.0318565 0.0395474 -0.029871 0.00231312 -0.0468484 0.00121938 -0.0204422 -0.0429931 -0.00122905 0.0193232 -0.0236932 0.0383802 0.127032 -0.0496137 0.120095 -0.123566 1.63771 -0.0848584 -0.487895 -0.173831 -0.611769 -0.0871153 -0.522444 -0.679891 -1.20274 0.0201784 -0.309778 -0.088757 -0.0629911 
0.0318706 0.0395474 -0.029871 0.00231312 -0.0468484 0.00121938 -0.0204282 -0.0429987 -0.00122905 0.0193232 -0.0236932 0.0383802 0.127032 -0.0496137 0.120097 -0.123566 1.63771 -0.0848582 -0.487895 -0.173831 -0.611773 -0.0871136 -0.523023 -0.679901 -1.20274 0.0201758 -0.309778 -0.0887522 -0.0630091 
0.0318899 0.0395502 -0.0298765 0.00231312 -0.0468484 0.00121938 -0.0204144 -0.0429987 -0.00122905 0.0193232 -0.0236932 0.0383802 0.127032 -0.0496137 0.120097 -0.123567 1.63771 -0.0848582 -0.487895 -0.173831 -0.611774 -0.0871143 -0.523133 -0.679919 -1.20274 0.0201656 -0.309778 -0.0887499 -0.0630761 
0.0318954 0.0395474 -0.0298765 0.00231312 -0.0468484 0.00121938 -0.0204091 -0.0430042 -0.00122905 0.0193232 -0.0236932 0.0383802 0.127032 -0.0496137 0.120097 -0.123566 1.63771 -0.0848582 -0.487895 -0.173831 -0.611773 -0.0871136 -0.52294 -0.679931 -1.20274 0.0201197 -0.309778 -0.0887474 -0.0631958 
0.0318899 0.0395474 -0.0298765 0.00231312 -0.0468471 0.00121697 -0.0204091 -0.0430069 -0.00123477 0.0193232 -0.0236932 0.0383802 0.127032 -0.0496125 0.120097 -0.123567 1.63771 -0.0848584 -0.487895 -0.173831 -0.611775 -0.0871136 -0.522667 -0.679961 -1.20274 0.0199928 -0.309777 -0.088745 -0.0633346 
0.0318816 0.0395529 -0.0298765 0.00231312 -0.0468471 0.00121697 -0.0204091 -0.0429987 -0.00124025 0.0193232 -0.0236932 0.0383802 0.127032 -0.0496137 0.120097 -0.123566 1.63771 -0.0848584 -0.487895 -0.173831 -0.611775 -0.0870934 -0.522279 -0.67999 -1.20274 0.0198287 -0.309778 -0.0887499 -0.0633813 
0.0318816 0.0395558 -0.0298765 0.00231312 -0.0468471 0.00121697 -0.0204201 -0.0429931 -0.00124025 0.0193232 -0.0236932 0.0383802 0.127032 -0.0496118 0.120097 -0.123566 1.63771 -0.0848584 -0.487895 -0.173831 -0.611776 -0.087039 -0.521847 -0.679995 -1.20274 0.0197207 -0.309777 -0.0887462 -0.0634304 
0.0318706 0.0395558 -0.0298765 0.00231312 -0.0468471 0.00121697 -0.0204282 -0.0429987 -0.00124311 0.0193232 -0.0236932 0.0383802 0.127031 -0.0496118 0.120097 -0.123566 1.63771 -0.0848584 -0.487895 -0.173831 -0.611776 -0.0869555 -0.521329 -0.680001 -1.20274 0.0196571 -0.309778 -0.0887499 -0.0634829 
0.0318565 0.039564 -0.0298765 0.00231312 -0.0468471 0.00121697 -0.0204422 -0.0429987 -0.0012486 0.0193232 -0.0236932 0.0383802 0.127031 -0.0496125 0.120097 -0.123566 1.63771 -0.0848584 -0.487895 -0.173831 -0.611778 -0.0868771 -0.520672 -0.680011 -1.20275 0.019593 -0.309778 -0.0887499 -0.0635751 
0.0318372 0.039564 -0.0298765 0.00231312 -0.0468471 0.00121697 -0.0204422 -0.0430069 -0.00125122 0.0193232 -0.0236932 0.0383802 0.127032 -0.0496125 0.120097 -0.123567 1.63771 -0.0848582 -0.487895 -0.17383 -0.611781 -0.0868492 -0.520013 -0.680025 -1.20275 0.0195088 -0.309777 -0.0887499 -0.0637068 
0.0318315 0.0395669 -0.0298765 0.00231312 -0.0468471 0.00120256 -0.0204422 -0.0429847 -0.00125122 0.0193158 -0.0236932 0.0383802 0.127032 -0.0496137 0.120098 -0.123566 1.63771 -0.0848584 -0.487895 -0.173831 -0.611785 -0.0868413 -0.51907 -0.68005 -1.20275 0.0193373 -0.309778 -0.0887522 -0.0637774 
0.0318344 0.0395862 -0.0298765 0.00231312 -0.0468483 0.00120016 -0.0204394 -0.0429987 -0.00125408 0.0193158 -0.0236932 0.0383802 0.127032 -0.0496137 0.120098 -0.123566 1.63771 -0.0848582 -0.487895 -0.173831 -0.611791 -0.0868423 -0.517987 -0.680074 -1.20275 0.0191157 -0.309778 -0.0887535 -0.0638229 
0.0318427 0.0395862 -0.0298793 0.00231312 -0.0468445 0.00118813 -0.0204282 -0.0430069 -0.00125957 0.0193158 -0.0236932 0.0383802 0.127031 -0.0496137 0.1201 -0.123566 1.63771 -0.0848572 -0.487895 -0.173831 -0.6118 -0.0868433 -0.516579 -0.680125 -1.20276 0.0188539 -0.309778 -0.0887535 -0.063866 
0.0318565 0.0396056 -0.0298793 0.00231312 -0.0468419 0.00118332 -0.0204201 -0.0430042 -0.00126791 0.0193158 -0.0236932 0.0383802 0.127032 -0.0496118 0.1201 -0.123566 1.63771 -0.0848584 -0.487895 -0.173831 -0.611818 -0.0868483 -0.514617 -0.680274 -1.20277 0.0185351 -0.309778 -0.0887558 -0.0638983 
0.0318594 0.0396084 -0.0298822 0.00231312 -0.0468406 0.0011713 -0.0204117 -0.0429987 -0.00127339 0.0193158 -0.0236932 0.0383802 0.127032 -0.0496125 0.1201 -0.123567 1.63771 -0.0848582 -0.487895 -0.17383 -0.611828 -0.0868499 -0.512534 -0.680492 -1.20278 0.0182099 -0.309778 -0.0887535 -0.0639114 
0.0318594 0.0396194 -0.0298822 0.00231312 -0.0468406 0.0011713 -0.0204091 -0.0429931 -0.00127912 0.0193158 -0.0236932 0.0383802 0.127034 -0.0496137 0.120101 -0.123567 1.63771 -0.0848584 -0.487895 -0.173831 -0.611831 -0.0868499 -0.509456 -0.680868 -1.20281 0.0177119 -0.309777 -0.0887535 -0.0639054 
0.0318594 0.039625 -0.0298848 0.00231312 -0.0468406 0.0011713 -0.0204091 -0.0429958 -0.00128174 0.0193158 -0.0236932 0.0383802 0.127034 -0.0496137 0.120101 -0.123567 1.63771 -0.0848582 -0.487895 -0.173831 -0.61183 -0.0868499 -0.506496 -0.681222 -1.20284 0.0171827 -0.309778 -0.0887535 -0.0638887 
0.0318594 0.0396334 -0.0298905 0.00231312 -0.0468406 0.0011713 -0.0204034 -0.0429987 -0.00129008 0.0193158 -0.0236932 0.0383802 0.127034 -0.0496137 0.120101 -0.123567 1.63771 -0.0848572 -0.487895 -0.173831 -0.611837 -0.0868483 -0.503099 -0.681586 -1.20289 0.0165278 -0.309778 -0.0887499 -0.063866 
0.0318594 0.0396334 -0.0298905 0.00231312 -0.0468406 0.0011713 -0.0204034 -0.0429987 -0.00129867 0.0193158 -0.0236932 0.0383802 0.127032 -0.0496137 0.120102 -0.123567 1.63771 -0.0848584 -0.487895 -0.17383 -0.611849 -0.0868499 -0.498801 -0.682001 -1.20295 0.0156527 -0.309778 -0.088751 -0.0638552 
0.0318594 0.0396334 -0.0298905 0.00231312 -0.0468406 0.0011713 -0.0204034 -0.0429987 -0.00130701 0.0193158 -0.0236919 0.0383826 0.127032 -0.0496137 0.120106 -0.123566 1.63771 -0.0848582 -0.487895 -0.173831 -0.611859 -0.0868509 -0.494503 -0.682426 -1.20302 0.0147151 -0.309778 -0.0887499 -0.0638456 
0.0318594 0.0396472 -0.0298905 0.00231312 -0.0468406 0.0011713 -0.0204034 -0.0430042 -0.00131798 0.0193158 -0.0236906 0.0383802 0.127032 -0.0496125 0.120106 -0.123567 1.63771 -0.0848584 -0.487895 -0.173831 -0.611875 -0.0868516 -0.489738 -0.682939 -1.2031 0.0136471 -0.309777 -0.088751 -0.063842 
0.0318594 0.0396529 -0.0298905 0.00231312 -0.0468406 0.0011713 -0.0203979 -0.0430042 -0.00133181 0.0193158 -0.0236906 0.0383801 0.127034 -0.0496137 0.120106 -0.123566 1.63771 -0.0848582 -0.487895 -0.173831 -0.611891 -0.0868526 -0.483872 -0.683672 -1.20323 0.0124098 -0.309775 -0.0887499 -0.0638444 
0.0318675 0.0396583 -0.0298905 0.00231312 -0.0468406 0.0011713 -0.0203979 -0.0429958 -0.00133467 0.0193158 -0.0236906 0.0383801 0.127032 -0.0496137 0.120108 -0.123567 1.63771 -0.0848584 -0.487895 -0.173831 -0.611894 -0.0868516 -0.478071 -0.684493 -1.20338 0.0112592 -0.309777 -0.0887535 -0.0638587 
0.0318899 0.0396668 -0.0298905 0.00231312 -0.0468406 0.0011713 -0.020395 -0.0429987 -0.00133467 0.0193158 -0.0236906 0.0383801 0.127032 -0.0496137 0.120109 -0.123567 1.63771 -0.0848572 -0.487895 -0.173831 -0.611906 -0.0868516 -0.471774 -0.685445 -1.20355 0.0101142 -0.309777 -0.088751 -0.0638731 
0.0319204 0.0396668 -0.0298932 0.00231312 -0.0468406 0.0011713 -0.0203896 -0.0429987 -0.00134301 0.0193158 -0.0236906 0.0383801 0.127032 -0.0496118 0.120111 -0.123567 1.63771 -0.0848584 -0.487895 -0.173831 -0.611929 -0.086854 -0.464209 -0.686641 -1.20377 0.00873363 -0.309776 -0.0887499 -0.0638911 
0.0319536 0.0396668 -0.0298932 0.00231312 -0.0468406 0.0011713 -0.0203838 -0.0429987 -0.00135136 0.0193158 -0.0236906 0.0383801 0.127032 -0.0496113 0.120114 -0.123567 1.63771 -0.0848572 -0.487895 -0.173831 -0.611964 -0.086854 -0.45693 -0.687887 -1.20401 0.00728595 -0.309777 -0.0887522 -0.0638946 
0.0319786 0.0396721 -0.029896 0.00231312 -0.0468406 0.0011713 -0.0203755 -0.0429987 -0.00135136 0.0193158 -0.0236879 0.0383753 0.127034 -0.0496125 0.120114 -0.123567 1.63771 -0.0848572 -0.487895 -0.173831 -0.612008 -0.0868547 -0.448213 -0.689423 -1.20435 0.00554442 -0.309776 -0.0887499 -0.0639126 
0.0319898 0.0396805 -0.029896 0.00231312 -0.0468406 0.0011713 -0.02037 -0.0430069 -0.00135136 0.0193158 -0.0236879 0.0383753 0.127032 -0.0496125 0.120115 -0.123567 1.63771 -0.0848584 -0.487895 -0.173831 -0.612033 -0.0868547 -0.439842 -0.690846 -1.20474 0.00399613 -0.309778 -0.0887499 -0.0639461 
0.0319982 0.0396862 -0.029896 0.00231312 -0.0468406 0.0011713 -0.02037 -0.0430042 -0.00135398 0.0193232 -0.0236879 0.0383753 0.127032 -0.0496113 0.120117 -0.123566 1.63771 -0.0848572 -0.487895 -0.173831 -0.612057 -0.0868657 -0.431069 -0.69245 -1.20528 0.00248122 -0.309775 -0.088751 -0.0639545 
0.0320008 0.0396943 -0.0299044 0.00231686 -0.0468406 0.0011713 -0.02037 -0.0429987 -0.00135684 0.0193232 -0.0236879 0.0383753 0.127034 -0.0496125 0.120118 -0.123567 1.63771 -0.0848582 -0.487895 -0.173832 -0.612086 -0.0868649 -0.420638 -0.694334 -1.20614 0.000824094 -0.309775 -0.0887535 -0.0639545 
0.0320008 0.0397084 -0.029907 0.00231686 -0.0468406 0.0011713 -0.0203674 -0.0430042 -0.00135946 0.0193232 -0.0236879 0.0383753 0.127037 -0.0496137 0.12012 -0.123567 1.63771 -0.0848572 -0.487895 -0.173832 -0.612118 -0.0868649 -0.410866 -0.696167 -1.20715 -0.00056076 -0.309776 -0.0887535 -0.0639545 
0.0320008 0.0397167 -0.029907 0.00231686 -0.0468406 0.0011713 -0.0203674 -0.0430042 -0.00135946 0.0193232 -0.0236879 0.0383753 0.127034 -0.0496125 0.120118 -0.123568 1.63771 -0.0848584 -0.487895 -0.173831 -0.612133 -0.0868649 -0.400765 -0.69807 -1.20835 -0.00174308 -0.309776 -0.0887535 -0.0639545 
0.0319924 0.0397167 -0.0299044 0.00231686 -0.0468406 0.0011713 -0.0203674 -0.0430042 -0.00135946 0.0193232 -0.0236879 0.0383753 0.127034 -0.0496137 0.120118 -0.123567 1.63771 -0.0848582 -0.487895 -0.17383 -0.612134 -0.0868623 -0.388885 -0.700186 -1.20989 -0.00305235 -0.309779 -0.0887535 -0.0639545 
0.031987 0.0397195 -0.0299044 0.00231686 -0.0468406 0.0011713 -0.0203674 -0.0430069 -0.00135946 0.0193232 -0.0236879 0.0383753 0.127032 -0.0496118 0.12012 -0.123567 1.63771 -0.0848584 -0.487895 -0.173831 -0.612147 -0.0868602 -0.37782 -0.702085 -1.2115 -0.00441515 -0.30978 -0.0887558 -0.0639473 
0.031987 0.0397249 -0.0299044 0.00231686 -0.0468406 0.0011713 -0.0203674 -0.0430069 -0.00135946 0.0193232 -0.0236879 0.0383753 0.127032 -0.0496113 0.120122 -0.123566 1.63771 -0.0848596 -0.487895 -0.173831 -0.612178 -0.0868671 -0.366525 -0.703945 -1.21335 -0.00581717 -0.309777 -0.0887522 -0.0639306 
0.0319924 0.0397249 -0.0299044 0.00231686 -0.0468406 0.0011713 -0.0203674 -0.0429987 -0.00135946 0.0193232 -0.0236866 0.0383729 0.127032 -0.0496125 0.120123 -0.123567 1.63771 -0.0848582 -0.487895 -0.17383 -0.612215 -0.0868649 -0.353461 -0.706021 -1.21592 -0.00739062 -0.309775 -0.0887535 -0.0639281 
0.0319982 0.0397249 -0.0299044 0.00231686 -0.0468406 0.0011713 -0.0203617 -0.0429987 -0.00136781 0.0193232 -0.0236866 0.0383729 0.127034 -0.0496113 0.120122 -0.123568 1.63771 -0.0848582 -0.487895 -0.173831 -0.61226 -0.086864 -0.341448 -0.707916 -1.21873 -0.00882435 -0.309775 -0.0887535 -0.0639151 
0.032012 0.0397249 -0.029907 0.00231686 -0.0468406 0.0011713 -0.0203478 -0.0429987 -0.00137067 0.0193232 -0.0236866 0.0383729 0.127034 -0.0496118 0.120122 -0.123567 1.63771 -0.0848582 -0.487895 -0.173831 -0.612325 -0.086864 -0.329237 -0.709721 -1.22183 -0.0100456 -0.309776 -0.088757 -0.0639114 
0.0320399 0.0397333 -0.0299044 0.00231686 -0.0468406 0.0011713 -0.0203424 -0.0429987 -0.00137353 0.0193232 -0.0236866 0.0383729 0.127032 -0.0496118 0.120123 -0.123567 1.63771 -0.0848584 -0.487895 -0.173831 -0.612371 -0.0868633 -0.315083 -0.711709 -1.22564 -0.0113293 -0.309779 -0.0887522 -0.0639186 
0.0320563 0.039736 -0.0299044 0.00231686 -0.0468431 0.00117611 -0.0203369 -0.0429987 -0.00137901 0.0193232 -0.0236866 0.0383729 0.127032 -0.0496113 0.120123 -0.123567 1.63771 -0.0848596 -0.487895 -0.173831 -0.612408 -0.0868649 -0.302243 -0.713472 -1.22945 -0.0122814 -0.309778 -0.088757 -0.0639342 
0.032073 0.039736 -0.0299044 0.00231686 -0.046847 0.00118334 -0.0203369 -0.0429987 -0.00137353 0.019327 -0.0236866 0.0383729 0.127034 -0.0496113 0.120121 -0.123567 1.63771 -0.0848572 -0.487895 -0.173831 -0.612441 -0.0868649 -0.287685 -0.715339 -1.23428 -0.0131469 -0.309777 -0.0887618 -0.0639509 
0.032073 0.039736 -0.0299044 0.00231686 -0.046847 0.00118334 -0.020334 -0.0429987 -0.00137901 0.019327 -0.0236866 0.0383729 0.127034 -0.0496118 0.120122 -0.123568 1.63771 -0.0848572 -0.487895 -0.173831 -0.612458 -0.0868633 -0.274427 -0.716978 -1.23889 -0.0137957 -0.309778 -0.0887727 -0.0639473 
0.0320785 0.039736 -0.0299044 0.00231686 -0.0468496 0.00118815 -0.0203285 -0.0429958 -0.00137901 0.019327 -0.0236866 0.0383729 0.127034 -0.0496113 0.120123 -0.123567 1.63771 -0.0848582 -0.487895 -0.173831 -0.612477 -0.0868623 -0.260986 -0.718513 -1.24395 -0.0143073 -0.309778 -0.0887822 -0.0639509 
0.0320814 0.039736 -0.0299044 0.00231686 -0.0468496 0.00118815 -0.0203173 -0.0429987 -0.00137901 0.019327 -0.0236866 0.0383729 0.127034 -0.0496113 0.120122 -0.123567 1.63771 -0.0848582 -0.487895 -0.173831 -0.612501 -0.0868611 -0.24743 -0.720087 -1.24932 -0.0147489 -0.309777 -0.0887965 -0.0639557 
0.0320785 0.0397333 -0.0299044 0.00231686 -0.0468496 0.00118815 -0.020298 -0.0429903 -0.00137901 0.019327 -0.0236866 0.0383729 0.127034 -0.0496118 0.120123 -0.123567 1.63771 -0.0848584 -0.487895 -0.173831 -0.61253 -0.0868526 -0.231965 -0.721672 -1.25567 -0.0150603 -0.309779 -0.0888025 -0.0640084 
0.0320785 0.0397333 -0.0299044 0.00231312 -0.0468496 0.00118815 -0.0202758 -0.0429987 -0.00137901 0.019327 -0.0236866 0.0383729 0.127034 -0.0496113 0.120121 -0.123567 1.63771 -0.0848582 -0.487895 -0.173832 -0.612543 -0.0868332 -0.218116 -0.72299 -1.26162 -0.0153332 -0.30978 -0.088806 -0.0640658 
0.0320842 0.0397333 -0.0298986 0.00231312 -0.0468496 0.00118815 -0.0202451 -0.0430042 -0.00137901 0.019327 -0.0236866 0.0383729 0.127034 -0.0496118 0.120123 -0.123566 1.63771 -0.0848584 -0.487895 -0.173831 -0.612565 -0.0868278 -0.202333 -0.72435 -1.26845 -0.0154979 -0.309778 -0.0888085 -0.0640826 
0.0320842 0.0397333 -0.0299044 0.00231312 -0.0468496 0.00118815 -0.020237 -0.0429987 -0.00138164 0.019327 -0.0236866 0.0383729 0.127034 -0.0496113 0.120121 -0.123567 1.63771 -0.0848584 -0.487895 -0.173831 -0.612578 -0.086822 -0.188135 -0.725264 -1.27479 -0.0155779 -0.309779 -0.088806 -0.064091 
0.0320897 0.0397333 -0.0298986 0.00231312 -0.0468496 0.00118815 -0.0202203 -0.0429931 -0.00138164 0.019327 -0.0236866 0.0383729 0.127034 -0.0496113 0.120121 -0.123567 1.63771 -0.0848582 -0.487895 -0.173832 -0.612614 -0.086802 -0.173844 -0.726055 -1.28127 -0.015612 -0.309778 -0.088806 -0.064079 
0.0320897 0.0397333 -0.0299044 0.00231312 -0.0468496 0.00118815 -0.0201981 -0.0429987 -0.0013845 0.019327 -0.0236866 0.0383729 0.127034 -0.0496113 0.120122 -0.123567 1.63771 -0.0848572 -0.487895 -0.17383 -0.612711 -0.0867929 -0.157814 -0.7269 -1.28873 -0.0156567 -0.309778 -0.0888085 -0.0640599 
0.0320897 0.039736 -0.0299044 0.00231312 -0.0468496 0.00118815 -0.0201814 -0.0429931 -0.00138998 0.019327 -0.0236866 0.0383729 0.127034 -0.0496113 0.120121 -0.123568 1.63771 -0.0848584 -0.487895 -0.173832 -0.612811 -0.0867796 -0.143472 -0.727473 -1.2956 -0.0156634 -0.309777 -0.088806 -0.0640478 
0.0320897 0.0397333 -0.0299044 0.00231312 -0.0468496 0.00118815 -0.0201759 -0.0429847 -0.00138998 0.019327 -0.0236866 0.0383729 0.127034 -0.0496113 0.120121 -0.123567 1.63771 -0.0848582 -0.487895 -0.173831 -0.61292 -0.0866883 -0.127122 -0.727905 -1.30352 -0.0157182 -0.30978 -0.088806 -0.0640455 
0.0320923 0.0397333 -0.0299044 0.00231312 -0.0468509 0.00119056 -0.0201647 -0.0429903 -0.00138998 0.019327 -0.0236866 0.0383729 0.127032 -0.0496113 0.120121 -0.123568 1.63771 -0.0848584 -0.487895 -0.173831 -0.613019 -0.0865712 -0.112454 -0.72814 -1.31072 -0.0157585 -0.309773 -0.088806 -0.064043 
0.0321035 0.0397333 -0.0298986 0.00231312 -0.0468509 0.00119056 -0.0201647 -0.0429903 -0.00138998 0.019327 -0.0236866 0.0383729 0.127034 -0.0496113 0.120121 -0.123567 1.63771 -0.0848572 -0.487895 -0.173831 -0.613112 -0.0864329 -0.0978425 -0.728155 -1.31806 -0.0158056 -0.309774 -0.088806 -0.0640467 
0.032109 0.0397305 -0.0298932 0.00231312 -0.046847 0.00118334 -0.0201621 -0.0429903 -0.00138998 0.019327 -0.0236866 0.0383729 0.127034 -0.0496125 0.120121 -0.123568 1.63771 -0.0848572 -0.487895 -0.173833 -0.61321 -0.086314 -0.0812933 -0.728118 -1.32655 -0.015888 -0.309771 -0.088806 -0.0640503 
0.0321064 0.0397305 -0.029896 0.00231312 -0.0468509 0.00119056 -0.0201538 -0.0429987 -0.00138998 0.019327 -0.0236866 0.0383729 0.127037 -0.0496113 0.120121 -0.123568 1.63771 -0.0848582 -0.487895 -0.17383 -0.613271 -0.0862813 -0.0665174 -0.728075 -1.33428 -0.0159649 -0.309774 -0.088806 -0.0640682 
0.0320952 0.0397305 -0.0299044 0.00231312 -0.0468509 0.00119056 -0.0201647 -0.0429847 -0.00138998 0.019327 -0.0236866 0.0383729 0.127034 -0.0496113 0.120121 -0.123567 1.63771 -0.0848584 -0.487895 -0.173831 -0.613289 -0.0862448 -0.0518041 -0.728066 -1.34219 -0.0159967 -0.309776 -0.088806 -0.0641029 
0.0320897 0.0397249 -0.0298986 0.00231312 -0.0468509 0.00119056 -0.0201731 -0.0429903 -0.00139284 0.019327 -0.0236866 0.0383729 0.127034 -0.0496113 0.120121 -0.123567 1.63771 -0.0848596 -0.487895 -0.173831 -0.613289 -0.086189 -0.0351648 -0.728065 -1.3514 -0.0160656 -0.309774 -0.0888096 -0.0641472 
0.0320785 0.0397249 -0.0298932 0.00231312 -0.0468522 0.00119296 -0.0201814 -0.0429987 -0.00138998 0.019327 -0.0236866 0.0383729 0.127032 -0.0496113 0.12012 -0.123567 1.63771 -0.0848582 -0.487895 -0.173832 -0.613295 -0.0861433 -0.0184288 -0.728065 -1.3607 -0.0161424 -0.309776 -0.0888096 -0.0641652 
0.0320785 0.0397305 -0.0298905 0.00231312 -0.0468522 0.00119296 -0.0201898 -0.0429792 -0.00138998 0.019327 -0.0236866 0.0383729 0.127034 -0.0496113 0.120122 -0.123567 1.63771 -0.0848582 -0.487895 -0.17383 -0.613299 -0.0860567 -0.00353885 -0.728065 -1.36911 -0.0162102 -0.309776 -0.0888156 -0.0641747 
0.0320702 0.0397305 -0.0298932 0.00231312 -0.0468561 0.00120019 -0.0201981 -0.0429847 -0.00139284 0.019327 -0.0236866 0.0383729 0.127032 -0.0496118 0.12012 -0.123568 1.63771 -0.0848572 -0.487895 -0.173831 -0.613298 -0.0859444 0.0133533 -0.728027 -1.37857 -0.0162688 -0.309775 -0.0888156 -0.0641879 
0.0320508 0.0397305 -0.0298905 0.00231312 -0.0468561 0.00120019 -0.0202065 -0.0429847 -0.00139284 0.019327 -0.0236866 0.0383729 0.127034 -0.0496118 0.12012 -0.123567 1.63771 -0.0848582 -0.487895 -0.173832 -0.613291 -0.0858452 0.0284266 -0.727991 -1.38713 -0.0163634 -0.309776 -0.0888156 -0.0642285 
0.0320284 0.0397305 -0.0298932 0.00231312 -0.0468561 0.00120019 -0.0202203 -0.0429847 -0.00139284 0.0193307 -0.0236866 0.0383729 0.127034 -0.0496125 0.12012 -0.123567 1.63771 -0.0848582 -0.487895 -0.173831 -0.61329 -0.0857623 0.0434508 -0.727968 -1.39557 -0.0164605 -0.309775 -0.0888156 -0.0642537 
0.032012 0.0397249 -0.0298932 0.00231312 -0.0468561 0.00120019 -0.0202315 -0.0429987 -0.00139284 0.0193307 -0.0236866 0.0383729 0.127034 -0.0496113 0.12012 -0.123566 1.63771 -0.0848584 -0.487895 -0.173831 -0.613286 -0.0856924 0.0604479 -0.727892 -1.40518 -0.0165813 -0.309774 -0.0888156 -0.0642549 
0.0319924 0.0397249 -0.0298905 0.00231312 -0.0468561 0.00120019 -0.020237 -0.0429987 -0.00139284 0.0193307 -0.0236866 0.0383729 0.127032 -0.0496118 0.12012 -0.123567 1.63771 -0.0848584 -0.487895 -0.173832 -0.613288 -0.0856507 0.0756171 -0.727808 -1.41396 -0.0166814 -0.309775 -0.0888145 -0.0642537 
0.031987 0.0397222 -0.0298905 0.00231312 -0.0468561 0.00120019 -0.0202425 -0.0429987 -0.00139284 0.0193307 -0.0236866 0.0383729 0.127032 -0.0496125 0.120121 -0.123567 1.63771 -0.0848584 -0.487895 -0.173831 -0.613286 -0.0856073 0.0925407 -0.727701 -1.42399 -0.0168628 -0.309777 -0.0888205 -0.0642477 
0.031987 0.0397222 -0.0298905 0.00231312 -0.0468561 0.00120019 -0.0202425 -0.0429847 -0.00139284 0.0193307 -0.0236866 0.0383729 0.127032 -0.0496118 0.12012 -0.123567 1.63771 -0.0848584 -0.487895 -0.173832 -0.613284 -0.0855856 0.107712 -0.727599 -1.433 -0.0170574 -0.309774 -0.0888191 -0.0642346 
0.031987 0.0397249 -0.0298905 0.00231312 -0.0468561 0.00120019 -0.0202451 -0.0429847 -0.00139284 0.0193307 -0.0236854 0.0383706 0.127032 -0.0496125 0.120118 -0.123567 1.63771 -0.0848584 -0.487895 -0.173831 -0.613274 -0.085567 0.122866 -0.727475 -1.44219 -0.0173051 -0.309775 -0.0888215 -0.0642369 
0.0319815 0.0397249 -0.0298905 0.00231312 -0.0468561 0.00120019 -0.0202451 -0.0429958 -0.00138998 0.0193307 -0.0236853 0.0383705 0.127032 -0.0496125 0.12012 -0.123567 1.63771 -0.0848572 -0.487895 -0.173831 -0.613272 -0.0855584 0.139687 -0.727334 -1.45258 -0.0175549 -0.309775 -0.088824 -0.0642429 
0.0319731 0.0397249 -0.0298905 0.00231312 -0.0468561 0.00120019 -0.0202508 -0.0429847 -0.00139284 0.0193307 -0.0236853 0.0383705 0.127034 -0.0496113 0.12012 -0.123567 1.63771 -0.0848584 -0.487895 -0.17383 -0.613268 -0.0855529 0.15461 -0.727197 -1.46181 -0.0177722 -0.309775 -0.0888264 -0.0642621 
0.0319731 0.0397084 -0.0298905 0.00231312 -0.0468548 0.00119778 -0.0202563 -0.0429931 -0.00138998 0.0193307 -0.0236853 0.0383705 0.127032 -0.0496113 0.120118 -0.123567 1.63771 -0.0848584 -0.487895 -0.173832 -0.613266 -0.0855503 0.169397 -0.727073 -1.47105 -0.0179576 -0.309774 -0.0888324 -0.0642717 
0.0319731 0.0397084 -0.0298848 0.00231312 -0.0468548 0.00119778 -0.0202591 -0.0429987 -0.00138998 0.0193307 -0.0236853 0.0383705 0.127034 -0.0496118 0.120118 -0.123566 1.63771 -0.0848584 -0.487895 -0.173831 -0.613262 -0.0855267 0.185779 -0.726963 -1.48131 -0.0181645 -0.309775 -0.0888611 -0.06428 
0.0319648 0.0397084 -0.0298848 0.00231312 -0.0468548 0.00119778 -0.0202591 -0.0429847 -0.00138998 0.0193307 -0.0236853 0.0383705 0.127032 -0.0496118 0.120118 -0.123567 1.63771 -0.0848582 -0.487895 -0.173832 -0.613264 -0.0854793 0.200342 -0.726834 -1.49051 -0.0182799 -0.309774 -0.0888851 -0.0642944 
0.0319648 0.0397084 -0.0298905 0.00231312 -0.0468509 0.00119056 -0.0202646 -0.0429847 -0.00138998 0.0193307 -0.0236853 0.0383705 0.127032 -0.0496118 0.120118 -0.123567 1.63771 -0.0848584 -0.487895 -0.173832 -0.613263 -0.0853708 0.214698 -0.726696 -1.49971 -0.0184015 -0.309774 -0.0889114 -0.0643184 
0.0319619 0.0397167 -0.0298905 0.00231312 -0.0468496 0.00118815 -0.0202646 -0.042982 -0.00138998 0.0193307 -0.0236853 0.0383705 0.127032 -0.0496113 0.120117 -0.123567 1.63771 -0.0848582 -0.487895 -0.173832 -0.613262 -0.0852394 0.230811 -0.726532 -1.50996 -0.018576 -0.309775 -0.0889306 -0.0643914 
0.0319481 0.0397167 -0.0298905 0.00231312 -0.046847 0.00118334 -0.0202675 -0.0429847 -0.00138998 0.0193307 -0.0236853 0.0383705 0.127034 -0.0496118 0.120118 -0.123567 1.63771 -0.0848584 -0.487895 -0.173831 -0.613259 -0.0851369 0.245001 -0.72633 -1.51911 -0.0187267 -0.309774 -0.0889329 -0.0645098 
0.0319259 0.0397167 -0.0298905 0.00231312 -0.0468457 0.00118085 -0.0202703 -0.0429931 -0.00138998 0.0193307 -0.0236853 0.0383705 0.127032 -0.0496113 0.120117 -0.123567 1.63771 -0.0848584 -0.487895 -0.173831 -0.613258 -0.0850508 0.260668 -0.726089 -1.52941 -0.0187749 -0.309774 -0.0889329 -0.0646115 
0.0319149 0.0397167 -0.0298848 0.00231312 -0.0468457 0.00118085 -0.0202785 -0.0429931 -0.0013845 0.0193307 -0.0236853 0.0383705 0.127034 -0.0496113 0.120117 -0.123567 1.63771 -0.0848606 -0.487895 -0.173831 -0.613252 -0.0850363 0.274197 -0.725854 -1.53845 -0.0187926 -0.309775 -0.0889378 -0.0646259 
0.0318954 0.0397084 -0.0298905 0.00231312 -0.0468457 0.00118085 -0.0202897 -0.0429903 -0.00138164 0.0193307 -0.0236853 0.0383705 0.127034 -0.0496118 0.120117 -0.123566 1.63771 -0.0848572 -0.487895 -0.17383 -0.613242 -0.0850363 0.287375 -0.72558 -1.54742 -0.0188011 -0.309775 -0.0889366 -0.0646211 
0.0318706 0.0397084 -0.0298848 0.00231312 -0.0468457 0.00118085 -0.0202951 -0.0429847 -0.00137901 0.0193307 -0.0236866 0.0383729 0.127034 -0.0496125 0.120117 -0.123567 1.63771 -0.0848572 -0.487895 -0.173831 -0.613238 -0.0850363 0.301877 -0.725169 -1.55732 -0.0188024 -0.309776 -0.0889425 -0.0646044 
0.0318565 0.0397111 -0.0298905 0.00231312 -0.0468457 0.00118085 -0.0203035 -0.0429847 -0.00137353 0.0193307 -0.0236879 0.0383753 0.127032 -0.0496118 0.120114 -0.123567 1.63771 -0.0848582 -0.487895 -0.173831 -0.613237 -0.0850363 0.314187 -0.724728 -1.56592 -0.0188 -0.309777 -0.0889473 -0.0645876 
0.0318484 0.0397111 -0.0298905 0.00231312 -0.0468457 0.00118085 -0.020309 -0.0429847 -0.00137353 0.0193307 -0.0236879 0.0383753 0.127034 -0.0496125 0.120113 -0.123566 1.63771 -0.0848582 -0.487895 -0.173831 -0.613239 -0.0850363 0.326065 -0.724182 -1.57439 -0.0188005 -0.309775 -0.0889592 -0.064566 
0.0318565 0.0397084 -0.0298905 0.00231312 -0.0468457 0.00118085 -0.0203118 -0.0429847 -0.00137067 0.019327 -0.0236906 0.0383801 0.127034 -0.0496125 0.120111 -0.123567 1.63771 -0.0848582 -0.487895 -0.173831 -0.613236 -0.0850363 0.338974 -0.723469 -1.58368 -0.0188024 -0.309777 -0.0889868 -0.0645505 
0.0318594 0.0397084 -0.0298848 0.00231312 -0.0468457 0.00118085 -0.0203173 -0.0429903 -0.00137067 0.019327 -0.0236906 0.0383801 0.127032 -0.0496118 0.120111 -0.123567 1.63771 -0.0848572 -0.487895 -0.173831 -0.613235 -0.0850363 0.350009 -0.72282 -1.59167 -0.0187987 -0.309774 -0.0889903 -0.0645493 
0.0318565 0.0397 -0.0298848 0.00231312 -0.0468431 0.00117611 -0.0203173 -0.0429931 -0.00137067 0.019327 -0.0236906 0.0383801 0.127032 -0.0496118 0.120111 -0.123567 1.63771 -0.0848584 -0.487895 -0.173831 -0.613229 -0.0850363 0.360498 -0.722179 -1.59936 -0.0187987 -0.309774 -0.0889893 -0.0645553 
0.0318565 0.0396973 -0.0298848 0.00231312 -0.0468431 0.00117611 -0.0203173 -0.0429958 -0.00136518 0.019327 -0.0236906 0.0383801 0.127032 -0.0496118 0.120111 -0.123566 1.63771 -0.0848584 -0.487895 -0.173831 -0.613213 -0.0850363 0.371814 -0.721466 -1.60765 -0.0187974 -0.309778 -0.0889893 -0.0645648 
0.0318565 0.0396973 -0.0298848 0.00231312 -0.0468406 0.0011713 -0.0203202 -0.0429903 -0.00135946 0.019327 -0.0236906 0.0383801 0.127032 -0.0496113 0.120112 -0.123567 1.63771 -0.0848584 -0.487895 -0.17383 -0.613202 -0.0850363 0.38117 -0.720858 -1.61455 -0.0187938 -0.309777 -0.0889927 -0.0645648 
0.0318565 0.0396917 -0.0298822 0.00231312 -0.0468406 0.0011713 -0.0203173 -0.0429903 -0.00135946 0.019327 -0.0236906 0.0383801 0.127034 -0.0496118 0.120111 -0.123567 1.63771 -0.0848584 -0.487895 -0.173831 -0.613195 -0.0850363 0.391163 -0.720165 -1.62184 -0.0187902 -0.309778 -0.0889952 -0.0645697 
0.0318594 0.0396805 -0.0298822 0.00231312 -0.0468406 0.0011713 -0.0203173 -0.0429903 -0.00135684 0.019327 -0.0236906 0.0383801 0.127032 -0.0496125 0.120111 -0.123567 1.63771 -0.0848584 -0.487895 -0.173831 -0.613186 -0.0850363 0.399471 -0.719594 -1.62785 -0.0187944 -0.309777 -0.0890012 -0.0645697 
0.0318623 0.0396832 -0.0298848 0.00231312 -0.0468406 0.0011713 -0.0203173 -0.0429847 -0.00135398 0.019327 -0.0236906 0.0383801 0.127032 -0.0496118 0.12011 -0.123567 1.63771 -0.0848584 -0.487895 -0.173831 -0.61318 -0.0850363 0.407199 -0.719119 -1.63348 -0.0187902 -0.309774 -0.0890107 -0.0645697 
0.0318675 0.0396862 -0.0298822 0.00231312 -0.0468431 0.00117611 -0.0203173 -0.0429792 -0.00135398 0.019327 -0.0236906 0.0383801 0.127032 -0.0496118 0.12011 -0.123567 1.63771 -0.0848584 -0.487895 -0.173831 -0.613177 -0.0850425 0.415228 -0.718718 -1.63936 -0.0187865 -0.309774 -0.0890239 -0.0645697 
0.0318675 0.0396862 -0.0298822 0.00231312 -0.0468457 0.00118085 -0.0203202 -0.0429847 -0.00135136 0.019327 -0.0236906 0.0383801 0.127032 -0.0496113 0.120109 -0.123567 1.63771 -0.0848584 -0.487895 -0.173831 -0.613176 -0.0850499 0.421697 -0.718509 -1.64422 -0.018786 -0.309774 -0.0890443 -0.0645744 
0.0318675 0.0396862 -0.0298822 0.00231312 -0.046847 0.00118334 -0.020323 -0.0429847 -0.00135136 0.019327 -0.0236906 0.0383801 0.127032 -0.0496118 0.120106 -0.123567 1.63771 -0.0848572 -0.487895 -0.173831 -0.613173 -0.0850601 0.427477 -0.718466 -1.64883 -0.018787 -0.309774 -0.0890921 -0.0645744 
0.0318675 0.0396805 -0.0298822 0.00231312 -0.0468496 0.00118815 -0.0203285 -0.0429847 -0.00134563 0.019327 -0.0236906 0.0383801 0.127032 -0.0496125 0.120106 -0.123566 1.63771 -0.0848582 -0.487895 -0.173831 -0.613167 -0.0850611 0.433208 -0.718494 -1.65345 -0.0187773 -0.309776 -0.0891879 -0.0645769 
0.0318706 0.0396805 -0.0298822 0.00231312 -0.0468496 0.00118815 -0.020323 -0.0429847 -0.00134015 0.019327 -0.0236906 0.0383801 0.127032 -0.0496113 0.120104 -0.123567 1.63771 -0.0848572 -0.487895 -0.173831 -0.61317 -0.0850611 0.437538 -0.718506 -1.6572 -0.0187719 -0.309774 -0.0892992 -0.0645756 
0.0318899 0.0396721 -0.0298822 0.00231312 -0.0468496 0.00118815 -0.0203173 -0.0429903 -0.00134015 0.019327 -0.0236906 0.0383801 0.127032 -0.0496113 0.120104 -0.123566 1.63771 -0.0848584 -0.487895 -0.173832 -0.613173 -0.0850601 0.441105 -0.718549 -1.66052 -0.0187621 -0.309776 -0.0894558 -0.0645744 
0.0319204 0.0396721 -0.0298848 0.00231312 -0.046847 0.00119295 -0.0203118 -0.0429903 -0.00134015 0.019327 -0.0236906 0.0383801 0.127032 -0.0496113 0.120104 -0.123566 1.63771 -0.0848582 -0.487895 -0.173831 -0.61318 -0.0850532 0.444293 -0.718626 -1.66359 -0.0187553 -0.309776 -0.0896043 -0.0645744 
0.0319481 0.0396583 -0.0298822 0.00231312 -0.0468458 0.00119535 -0.0203118 -0.0429958 -0.00133467 0.019327 -0.0236906 0.0383801 0.127034 -0.0496113 0.120103 -0.123567 1.63771 -0.0848584 -0.487895 -0.173831 -0.61318 -0.085043 0.44646 -0.718673 -1.66568 -0.0187541 -0.309777 -0.0896666 -0.0645673 
0.0319731 0.0396557 -0.0298822 0.00231312 -0.0468458 0.00119535 -0.0203063 -0.0429903 -0.00133467 0.019327 -0.0236906 0.0383801 0.127032 -0.0496113 0.120102 -0.123566 1.63771 -0.0848582 -0.487895 -0.17383 -0.613186 -0.0850346 0.44809 -0.718699 -1.66754 -0.0187365 -0.309777 -0.0896726 -0.0645637 
0.0319898 0.0396419 -0.0298822 0.00231312 -0.0468406 0.00120494 -0.0203063 -0.0429987 -0.00133467 0.019327 -0.0236906 0.0383801 0.127032 -0.0496113 0.120106 -0.123567 1.63771 -0.0848582 -0.487895 -0.173831 -0.613193 -0.0850294 0.448898 -0.718734 -1.66892 -0.0186864 -0.309777 -0.0896726 -0.0645637 
0.0319924 0.039625 -0.0298822 0.00231312 -0.0468406 0.00120494 -0.0203035 -0.0429987 -0.00133467 0.019327 -0.0236906 0.0383801 0.127032 -0.0496113 0.120104 -0.123567 1.63771 -0.0848584 -0.487895 -0.173831 -0.613194 -0.0850294 0.448987 -0.718796 -1.66973 -0.0186449 -0.309777 -0.0896726 -0.0645637 
0.0319898 0.0395945 -0.0298822 0.00231312 -0.0468341 0.00121693 -0.020298 -0.0429903 -0.00133467 0.019327 -0.0236906 0.0383801 0.127032 -0.0496113 0.120104 -0.123567 1.63771 -0.0848584 -0.487895 -0.173832 -0.613195 -0.0850294 0.448642 -0.718875 -1.67005 -0.0186131 -0.309775 -0.0896726 -0.0645637 
0.0319898 0.039589 -0.0298822 0.00231312 -0.0468315 0.00121212 -0.020298 -0.0429931 -0.00133467 0.019327 -0.0236906 0.0383801 0.127032 -0.0496113 0.120106 -0.123567 1.63771 -0.0848582 -0.487895 -0.173831 -0.613197 -0.0850322 0.448125 -0.718931 -1.67004 -0.018518 -0.309777 -0.0896748 -0.064566 
0.0319982 0.039578 -0.0298822 0.00231312 -0.0468315 0.00121212 -0.0202925 -0.0429931 -0.00133467 0.019327 -0.0236906 0.0383801 0.127032 -0.0496113 0.120104 -0.123566 1.63771 -0.0848584 -0.487895 -0.173831 -0.61321 -0.0850394 0.447222 -0.719002 -1.67004 -0.0182824 -0.309776 -0.0896773 -0.0645673 
0.0320175 0.0395724 -0.0298822 0.00231312 -0.0468315 0.00121212 -0.0202897 -0.0429931 -0.00133181 0.019327 -0.0236906 0.0383801 0.127032 -0.0496099 0.120103 -0.123567 1.63771 -0.0848584 -0.487895 -0.173831 -0.613217 -0.0850487 0.446131 -0.719124 -1.67004 -0.0181042 -0.309776 -0.089694 -0.0645744 
0.0320425 0.0395613 -0.0298822 0.00231312 -0.0468315 0.00121212 -0.0202785 -0.0429931 -0.00132084 0.019327 -0.0236906 0.0383801 0.127032 -0.0496113 0.120102 -0.123567 1.63771 -0.0848584 -0.487895 -0.173831 -0.613217 -0.0850556 0.444772 -0.719294 -1.67004 -0.0180254 -0.309776 -0.0897348 -0.0645708 
0.0320785 0.0395558 -0.0298822 0.00231312 -0.0468315 0.00121212 -0.0202703 -0.0429931 -0.00132084 0.019327 -0.0236906 0.0383801 0.127032 -0.0496113 0.120102 -0.123567 1.63771 -0.0848572 -0.487895 -0.17383 -0.613219 -0.0850561 0.442924 -0.719525 -1.67002 -0.0179472 -0.309775 -0.0898042 -0.064578 
0.0321035 0.0395474 -0.0298822 0.00231312 -0.0468315 0.00121212 -0.0202591 -0.0429958 -0.00132084 0.019327 -0.0236906 0.0383801 0.127032 -0.0496113 0.120101 -0.123566 1.63771 -0.0848584 -0.487895 -0.173831 -0.613228 -0.085057 0.440934 -0.71974 -1.67001 -0.0178251 -0.309777 -0.0898783 -0.0645924 
0.0321229 0.0395253 -0.0298848 0.00231312 -0.0468315 0.00121212 -0.0202508 -0.0429987 -0.00132084 0.019327 -0.0236906 0.0383801 0.127032 -0.0496113 0.1201 -0.123566 1.63771 -0.0848584 -0.487895 -0.173831 -0.613238 -0.0850561 0.438671 -0.719944 -1.67 -0.0177161 -0.309777 -0.0899202 -0.0646115 
0.0321229 0.0395113 -0.0298822 0.00231312 -0.0468315 0.00121212 -0.020226 -0.0429987 -0.00131798 0.019327 -0.0236906 0.0383801 0.127032 -0.0496113 0.120101 -0.123566 1.63771 -0.0848572 -0.487895 -0.173831 -0.613246 -0.0850561 0.435789 -0.720107 -1.66998 -0.0176189 -0.309776 -0.0899261 -0.0646283 
0.0321174 0.0394975 -0.0298822 0.00231312 -0.0468315 0.00121212 -0.0202065 -0.0429958 -0.00131512 0.019327 -0.0236906 0.0383801 0.127032 -0.0496113 0.1201 -0.123567 1.63771 -0.0848584 -0.487895 -0.173831 -0.613259 -0.0850561 0.432919 -0.720188 -1.66996 -0.0175109 -0.309775 -0.0899261 -0.064639 
0.0321174 0.0394948 -0.0298822 0.00231312 -0.0468341 0.00120732 -0.0201924 -0.0429931 -0.00131512 0.019327 -0.0236906 0.0383801 0.127032 -0.0496113 0.120101 -0.123567 1.63771 -0.0848582 -0.487895 -0.173831 -0.613277 -0.0850561 0.429277 -0.720221 -1.66993 -0.017387 -0.309774 -0.0899251 -0.064663 
0.0321119 0.0394837 -0.0298822 0.00231312 -0.0468341 0.00120732 -0.0201731 -0.0429931 -0.00131249 0.019327 -0.0236906 0.0383801 0.127032 -0.0496113 0.120101 -0.123567 1.63771 -0.0848582 -0.487895 -0.173831 -0.613289 -0.085058 0.425676 -0.720234 -1.6699 -0.0173198 -0.309776 -0.0899239 -0.064669 
0.0321202 0.0394837 -0.0298822 0.00231686 -0.0468328 0.00120484 -0.0201538 -0.0429931 -0.00131249 0.019327 -0.0236906 0.0383801 0.127032 -0.0496113 0.120101 -0.123566 1.63771 -0.0848584 -0.487895 -0.173831 -0.613313 -0.0850561 0.421722 -0.720253 -1.66986 -0.0172313 -0.309774 -0.0899261 -0.0646713 
0.0321257 0.039489 -0.0298848 0.00231686 -0.0468328 0.00120484 -0.0201397 -0.0429903 -0.00131249 0.019327 -0.0236906 0.0383801 0.127034 -0.0496113 0.120101 -0.123566 1.63771 -0.0848572 -0.487895 -0.173831 -0.613353 -0.085057 0.416766 -0.720273 -1.6698 -0.0170414 -0.309775 -0.0899239 -0.0646773 
0.0321312 0.039489 -0.0298848 0.00231686 -0.0468328 0.00120484 -0.0201287 -0.0429958 -0.00131249 0.019327 -0.0236906 0.0383801 0.127032 -0.0496113 0.120101 -0.123566 1.63771 -0.0848584 -0.487895 -0.173831 -0.613385 -0.0850561 0.411988 -0.720316 -1.66971 -0.0168633 -0.309775 -0.0899239 -0.0646797 
0.0321341 0.039489 -0.0298905 0.00231686 -0.0468302 0.00120963 -0.0201149 -0.0429958 -0.00131249 0.019327 -0.0236906 0.0383801 0.127032 -0.0496113 0.1201 -0.123567 1.63771 -0.0848572 -0.487895 -0.173831 -0.613412 -0.0850556 0.406846 -0.720367 -1.66961 -0.0166394 -0.309775 -0.0899239 -0.0646773 
0.0321424 0.0394779 -0.0298822 0.00231686 -0.046825 0.00121923 -0.0200982 -0.0429987 -0.00131249 0.019327 -0.0236906 0.0383801 0.127032 -0.0496113 0.120101 -0.123566 1.63771 -0.0848584 -0.487895 -0.173831 -0.613449 -0.0850561 0.400678 -0.720452 -1.66946 -0.0163714 -0.309774 -0.0899251 -0.0646797 
0.0321562 0.0394753 -0.0298822 0.00231686 -0.0468224 0.00122403 -0.0200844 -0.0429987 -0.00131249 0.019327 -0.0236906 0.0383801 0.127032 -0.0496113 0.120101 -0.123567 1.63771 -0.0848582 -0.487895 -0.173831 -0.613495 -0.085058 0.394843 -0.720551 -1.66928 -0.0160748 -0.309774 -0.0899227 -0.0646821 
0.0321562 0.0394641 -0.0298822 0.00231686 -0.0468173 0.00123362 -0.0200732 -0.0429987 -0.00131249 0.019327 -0.0236906 0.0383801 0.127032 -0.0496113 0.1201 -0.123567 1.63771 -0.0848582 -0.487895 -0.173831 -0.613531 -0.0850611 0.388583 -0.720643 -1.66906 -0.0157139 -0.309774 -0.0899227 -0.0647252 
0.0321646 0.0394504 -0.0298822 0.00231686 -0.046816 0.00123602 -0.0200536 -0.0429987 -0.00130701 0.019327 -0.0236906 0.0383801 0.127032 -0.0496113 0.120101 -0.123566 1.63771 -0.0848584 -0.487895 -0.173831 -0.613563 -0.0850627 0.381127 -0.720788 -1.66876 -0.0152959 -0.309774 -0.0899202 -0.0648257 
0.0321646 0.0394504 -0.0298822 0.00231686 -0.0468121 0.00124321 -0.0200346 -0.0429987 -0.00130701 0.019327 -0.0236906 0.0383801 0.127032 -0.0496113 0.120101 -0.123566 1.63771 -0.0848582 -0.487895 -0.173831 -0.613584 -0.0850627 0.374198 -0.720955 -1.66846 -0.0149951 -0.309774 -0.0899251 -0.0649562 
0.0321617 0.0394504 -0.0298848 0.00231686 -0.0468121 0.00124321 -0.020015 -0.0429987 -0.00130701 0.019327 -0.0236906 0.0383801 0.127032 -0.0496113 0.120101 -0.123567 1.63771 -0.0848584 -0.487895 -0.173832 -0.613602 -0.0850627 0.36595 -0.721123 -1.66801 -0.0146332 -0.309774 -0.0899202 -0.0651022 
0.0321479 0.0394504 -0.0298822 0.00231686 -0.0468121 0.00124321 -0.0199983 -0.043018 -0.00130701 0.019327 -0.0236906 0.0383801 0.127032 -0.0496113 0.1201 -0.123567 1.63771 -0.0848584 -0.487895 -0.173831 -0.613617 -0.0850749 0.3582 -0.721271 -1.66747 -0.014207 -0.309774 -0.0899239 -0.0652697 
0.0321257 0.0394504 -0.0298822 0.00231686 -0.0468121 0.00124321 -0.0199928 -0.0430069 -0.00130701 0.019327 -0.0236906 0.0383801 0.127032 -0.0496113 0.120101 -0.123566 1.63771 -0.0848584 -0.487895 -0.173831 -0.613639 -0.0851021 0.350126 -0.721429 -1.66675 -0.0137553 -0.309774 -0.0899239 -0.065411 
0.032109 0.0394641 -0.0298822 0.00231686 -0.0468121 0.00124321 -0.0199761 -0.0430152 -0.00130701 0.019327 -0.0236906 0.0383801 0.127032 -0.0496113 0.1201 -0.123566 1.63771 -0.0848572 -0.487895 -0.17383 -0.613671 -0.08512 0.340649 -0.721657 -1.66573 -0.0133538 -0.309773 -0.0899239 -0.0654408 
0.0320897 0.0394696 -0.0298822 0.00231686 -0.0468121 0.00124321 -0.0199511 -0.0429987 -0.00130701 0.019327 -0.0236906 0.0383801 0.127034 -0.0496113 0.1201 -0.123567 1.63771 -0.0848572 -0.487895 -0.173831 -0.613707 -0.0851305 0.331923 -0.721859 -1.66453 -0.0129875 -0.309773 -0.0899251 -0.0654373 
0.0320702 0.0394726 -0.0298822 0.00231686 -0.0468121 0.00124321 -0.0199401 -0.0429987 -0.00130701 0.019327 -0.0236906 0.0383801 0.127032 -0.0496113 0.1201 -0.123567 1.63771 -0.0848582 -0.487895 -0.173831 -0.613754 -0.085149 0.322773 -0.722019 -1.66292 -0.0124779 -0.309774 -0.0899202 -0.0654433 
0.0320508 0.0394726 -0.0298822 0.00231686 -0.0468121 0.00124321 -0.0199373 -0.0430098 -0.00130391 0.019327 -0.0236906 0.0383801 0.127032 -0.0496113 0.1201 -0.123567 1.63771 -0.0848584 -0.487895 -0.173831 -0.613817 -0.0851841 0.312111 -0.722209 -1.6605 -0.0118731 -0.309774 -0.0899227 -0.0654349 
0.0320315 0.0394726 -0.0298822 0.00231686 -0.0468121 0.00124321 -0.0199234 -0.0430098 -0.00130391 0.019327 -0.0236906 0.0383801 0.127034 -0.0496113 0.120101 -0.123567 1.63771 -0.0848584 -0.487895 -0.173831 -0.613889 -0.0851943 0.302408 -0.722431 -1.65783 -0.0114746 -0.309775 -0.0899251 -0.0654265 
0.0320258 0.0394753 -0.0298822 0.00231686 -0.0468108 0.00124561 -0.0199068 -0.043018 -0.00130129 0.019327 -0.0236906 0.0383801 0.127034 -0.0496113 0.120101 -0.123566 1.63771 -0.0848596 -0.487895 -0.17383 -0.613971 -0.0851974 0.292364 -0.722657 -1.65481 -0.0110521 -0.309774 -0.0899202 -0.0654205 
0.0320063 0.0394753 -0.0298822 0.00231686 -0.0468121 0.00124809 -0.0199039 -0.0430069 -0.00130129 0.019327 -0.0236906 0.0383801 0.127034 -0.0496118 0.120101 -0.123567 1.63771 -0.0848584 -0.487895 -0.173832 -0.614054 -0.0852292 0.28072 -0.722908 -1.65112 -0.0105588 -0.309776 -0.0899227 -0.0654241 
0.0319924 0.0394753 -0.0298822 0.00231686 -0.0468121 0.00124809 -0.0199068 -0.0430069 -0.00130129 0.019327 -0.0236906 0.0383801 0.127034 -0.0496113 0.1201 -0.123567 1.63771 -0.0848584 -0.487895 -0.173831 -0.61413 -0.0852516 0.270164 -0.723176 -1.64749 -0.0102538 -0.309776 -0.0899227 -0.065423 
0.0319898 0.0394753 -0.0298822 0.00231686 -0.0468121 0.00124809 -0.0199068 -0.0430069 -0.00130129 0.019327 -0.0236906 0.0383801 0.127034 -0.0496113 0.120101 -0.123567 1.63771 -0.0848582 -0.487895 -0.173832 -0.614227 -0.0852902 0.257975 -0.723449 -1.64299 -0.0100341 -0.309774 -0.0899202 -0.0654278 
0.031987 0.0394753 -0.0298822 0.00231686 -0.0468121 0.00124809 -0.0199068 -0.0430069 -0.00129867 0.019327 -0.0236906 0.0383801 0.127034 -0.0496113 0.120101 -0.123567 1.63771 -0.0848582 -0.487895 -0.173831 -0.614327 -0.0853717 0.246846 -0.723607 -1.63872 -0.00995409 -0.309775 -0.0899239 -0.0654217 
0.0319924 0.0394753 -0.0298822 0.00231686 -0.0468121 0.00124809 -0.0199122 -0.0429987 -0.00129867 0.019327 -0.0236906 0.0383801 0.127034 -0.0496113 0.120101 -0.123567 1.63771 -0.0848584 -0.487895 -0.173831 -0.614439 -0.0854669 0.235531 -0.72371 -1.63406 -0.00993764 -0.309774 -0.0899251 -0.0654241 
0.032012 0.0394696 -0.0298822 0.00231686 -0.0468121 0.00124809 -0.0199122 -0.0430069 -0.00129867 0.019327 -0.0236906 0.0383801 0.127032 -0.0496113 0.120101 -0.123567 1.63771 -0.0848584 -0.487895 -0.173831 -0.614587 -0.0856228 0.222452 -0.723747 -1.62835 -0.00993276 -0.309774 -0.0899202 -0.065423 
0.0320399 0.0394641 -0.0298822 0.00231686 -0.0468108 0.00125049 -0.0199068 -0.0430069 -0.00129867 0.019327 -0.0236906 0.0383801 0.127034 -0.0496113 0.120101 -0.123567 1.63771 -0.0848572 -0.487895 -0.173831 -0.614731 -0.0858228 0.210654 -0.723748 -1.62298 -0.00993276 -0.309774 -0.0899239 -0.0654169 
0.0320563 0.0394641 -0.0298822 0.00231686 -0.0468108 0.00125049 -0.0199068 -0.0430069 -0.00129867 0.019327 -0.0236906 0.0383801 0.127034 -0.0496113 0.1201 -0.123567 1.63771 -0.0848582 -0.487895 -0.173832 -0.614877 -0.0860305 0.19861 -0.723745 -1.61721 -0.00992846 -0.309772 -0.0899202 -0.0654145 
0.0320702 0.0394641 -0.0298822 0.00231686 -0.0468083 0.00125529 -0.0199068 -0.0430069 -0.00129294 0.0193307 -0.0236906 0.0383801 0.127032 -0.0496113 0.120101 -0.123567 1.63771 -0.0848582 -0.487895 -0.173831 -0.615035 -0.0862834 0.184872 -0.723742 -1.61048 -0.00992918 -0.309774 -0.0899251 -0.0654157 
0.0320842 0.0394641 -0.0298793 0.00231686 -0.0468083 0.00125529 -0.0199068 -0.0430098 -0.00129008 0.0193307 -0.0236906 0.0383801 0.127032 -0.0496113 0.1201 -0.123567 1.63771 -0.0848584 -0.487895 -0.173831 -0.615159 -0.0865004 0.172548 -0.723743 -1.60411 -0.00992978 -0.309774 -0.0899286 -0.0654205 
0.0320842 0.0394641 -0.0298793 0.00231686 -0.0468083 0.00125529 -0.0199122 -0.0430098 -0.00129008 0.0193307 -0.0236906 0.0383801 0.127032 -0.0496094 0.1201 -0.123567 1.63771 -0.0848584 -0.487895 -0.173831 -0.615268 -0.0866959 0.159981 -0.723742 -1.59751 -0.00992978 -0.309774 -0.089931 -0.0654313 
0.0320897 0.0394585 -0.0298793 0.00231686 -0.0468083 0.00125529 -0.0199122 -0.0430069 -0.00129008 0.0193307 -0.0236906 0.0383801 0.127032 -0.0496113 0.120101 -0.123567 1.63771 -0.0848582 -0.487895 -0.17383 -0.615376 -0.0869403 0.144067 -0.723741 -1.58884 -0.00992918 -0.309774 -0.089937 -0.065454 
0.0321035 0.0394641 -0.0298793 0.00231686 -0.0468083 0.00125529 -0.019918 -0.0429987 -0.00128746 0.0193307 -0.0236906 0.0383801 0.127032 -0.0496113 0.120101 -0.123567 1.63771 -0.0848582 -0.487895 -0.173832 -0.615444 -0.0871205 0.131136 -0.723738 -1.58167 -0.00992846 -0.309773 -0.0899358 -0.0654744 
0.032109 0.0394585 -0.0298793 0.00231686 -0.0468083 0.00125529 -0.0199234 -0.0430069 -0.00128174 0.0193307 -0.0236906 0.0383801 0.127032 -0.0496113 0.120101 -0.123567 1.63771 -0.0848572 -0.487895 -0.173831 -0.615499 -0.0872934 0.116264 -0.723735 -1.57348 -0.00992918 -0.309773 -0.0899358 -0.0654863 
0.0321119 0.0394585 -0.0298793 0.00231686 -0.0468083 0.00125529 -0.0199234 -0.0430069 -0.00128174 0.0193307 -0.0236906 0.0383801 0.127032 -0.0496113 0.1201 -0.123566 1.63771 -0.0848572 -0.487895 -0.173831 -0.615515 -0.0874033 0.102829 -0.723722 -1.56588 -0.00992846 -0.309773 -0.0899346 -0.0654863 
0.0321119 0.0394585 -0.0298793 0.00231686 -0.0468083 0.00125529 -0.0199234 -0.0430069 -0.00128174 0.0193307 -0.0236906 0.0383801 0.127032 -0.0496113 0.1201 -0.123567 1.63771 -0.0848584 -0.487895 -0.173832 -0.615517 -0.0874615 0.0893555 -0.723705 -1.55813 -0.00992918 -0.309775 -0.089937 -0.0654911 
0.0320952 0.0394641 -0.0298793 0.00231686 -0.0468083 0.00125529 -0.0199318 -0.0430069 -0.00128174 0.0193307 -0.0236906 0.0383801 0.127032 -0.0496099 0.1201 -0.123567 1.63771 -0.0848584 -0.487895 -0.173831 -0.615515 -0.0874734 0.0740328 -0.723684 -1.54935 -0.00992918 -0.309773 -0.089937 -0.0654852 
0.032073 0.0394753 -0.0298793 0.00231686 -0.0468083 0.00125529 -0.0199456 -0.0430042 -0.00128174 0.0193307 -0.0236906 0.0383801 0.127032 -0.0496113 0.120101 -0.123567 1.63771 -0.0848582 -0.487895 -0.17383 -0.615513 -0.0874865 0.0602772 -0.723642 -1.54132 -0.00992978 -0.309774 -0.0899358 -0.0654936 
0.0320508 0.0394753 -0.0298793 0.00231686 -0.0468083 0.00125529 -0.0199707 -0.0429958 -0.00127649 0.0193307 -0.0236906 0.0383801 0.127032 -0.0496099 0.1201 -0.123567 1.63771 -0.0848584 -0.487895 -0.173831 -0.615513 -0.0875328 0.0464954 -0.723607 -1.53318 -0.00993085 -0.309773 -0.0899358 -0.0654863 
0.0320315 0.0394753 -0.0298793 0.00231686 -0.0468083 0.00125529 -0.0199902 -0.0429931 -0.00126791 0.0193307 -0.0236906 0.0383801 0.127032 -0.0496113 0.120101 -0.123566 1.63771 -0.0848596 -0.487895 -0.173831 -0.615513 -0.0876815 0.0307379 -0.723593 -1.5238 -0.00993085 -0.309773 -0.0899358 -0.0655031 
0.0320284 0.0394753 -0.0298793 0.00231686 -0.0468083 0.00125529 -0.0199955 -0.0429958 -0.00126791 0.0193307 -0.0236906 0.0383801 0.127032 -0.0496113 0.120101 -0.123566 1.63771 -0.0848584 -0.487895 -0.173831 -0.615513 -0.0878971 0.0165136 -0.723588 -1.5154 -0.00993085 -0.309774 -0.0899394 -0.0655055 
0.0320284 0.0394837 -0.0298793 0.00231686 -0.0468083 0.00125529 -0.0199955 -0.0429958 -0.00126529 0.0193307 -0.0236919 0.0383778 0.127032 -0.0496099 0.1201 -0.123567 1.63771 -0.0848584 -0.487895 -0.173831 -0.615507 -0.0881665 0.00224805 -0.723548 -1.50698 -0.00993085 -0.309772 -0.0899394 -0.0655068 
0.0320315 0.0394837 -0.0298793 0.00231686 -0.0468083 0.00125529 -0.0199955 -0.0429987 -0.00125957 0.0193307 -0.0236919 0.0383778 0.127032 -0.0496113 0.120101 -0.123567 1.63771 -0.0848584 -0.487895 -0.173831 -0.615505 -0.0885255 -0.0140495 -0.723462 -1.49735 -0.00993085 -0.309774 -0.0899405 -0.0655138 
0.0320258 0.0394864 -0.0298793 0.00231686 -0.0468083 0.00125529 -0.0199955 -0.0429987 -0.00125957 0.0193307 -0.0236919 0.0383778 0.127032 -0.0496113 0.120101 -0.123566 1.63771 -0.0848572 -0.487895 -0.173832 -0.615502 -0.0889027 -0.0285156 -0.723351 -1.48872 -0.00993156 -0.309774 -0.0899429 -0.0655234 
0.032012 0.0394837 -0.0298793 0.00231686 -0.0468083 0.00125529 -0.0199983 -0.0430069 -0.00125957 0.0193307 -0.0236919 0.0383778 0.127032 -0.0496113 0.1201 -0.123567 1.63771 -0.0848584 -0.487895 -0.173831 -0.615499 -0.0894537 -0.0449023 -0.723173 -1.47905 -0.00993085 -0.309773 -0.0899489 -0.0655426 
0.031987 0.0394837 -0.0298793 0.00231686 -0.0468083 0.00125529 -0.020015 -0.0429987 -0.00125957 0.0193307 -0.0236919 0.0383778 0.127032 -0.0496113 0.1201 -0.123566 1.63771 -0.0848606 -0.487895 -0.173831 -0.615489 -0.090086 -0.0595338 -0.722961 -1.47019 -0.00993085 -0.309774 -0.0899478 -0.0655893 
0.0319676 0.0394753 -0.0298793 0.00231686 -0.0468121 0.00124809 -0.0200455 -0.0429987 -0.00125408 0.0193307 -0.0236919 0.0383778 0.127032 -0.0496113 0.1201 -0.123567 1.63771 -0.0848584 -0.487895 -0.173831 -0.615486 -0.0908508 -0.0741472 -0.722729 -1.46117 -0.00993085 -0.309773 -0.0899514 -0.0656754 
0.0319593 0.0394753 -0.0298765 0.00231686 -0.0468134 0.00124569 -0.0200815 -0.0429987 -0.00125122 0.0193307 -0.0236919 0.0383778 0.127032 -0.0496118 0.1201 -0.123566 1.63771 -0.0848584 -0.487895 -0.173832 -0.615476 -0.0917838 -0.09073 -0.722461 -1.45104 -0.00992978 -0.309774 -0.0899489 -0.0658299 
0.0319397 0.0394753 -0.0298765 0.00231686 -0.0468173 0.0012385 -0.0200982 -0.0429931 -0.00124311 0.0193307 -0.0236919 0.0383778 0.127032 -0.0496118 0.1201 -0.123567 1.63771 -0.0848584 -0.487895 -0.173831 -0.615461 -0.0926528 -0.105467 -0.722157 -1.4418 -0.00992978 -0.309774 -0.0899514 -0.0659064 
0.0319343 0.0394753 -0.0298793 0.00231686 -0.0468199 0.0012337 -0.0201149 -0.0429987 -0.00124311 0.019327 -0.0236919 0.0383778 0.127032 -0.0496113 0.1201 -0.123566 1.63771 -0.0848582 -0.487895 -0.173831 -0.615453 -0.0935783 -0.120278 -0.721759 -1.43249 -0.00992846 -0.309775 -0.0899525 -0.0659651 
0.0319259 0.0394753 -0.0298765 0.00231686 -0.0468199 0.0012337 -0.0201342 -0.0429931 -0.00124311 0.019327 -0.0236919 0.0383778 0.127032 -0.0496113 0.1201 -0.123567 1.63771 -0.0848582 -0.487895 -0.173831 -0.615446 -0.094687 -0.136877 -0.721211 -1.42205 -0.00992918 -0.309774 -0.0899525 -0.0659962 
0.0319288 0.0394753 -0.0298765 0.00231312 -0.0468225 0.00123852 -0.0201647 -0.0429958 -0.00124311 0.019327 -0.0236919 0.0383778 0.127031 -0.0496113 0.1201 -0.123567 1.63771 -0.0848584 -0.487895 -0.173832 -0.615435 -0.095655 -0.151505 -0.720564 -1.41259 -0.00992978 -0.309774 -0.0899525 -0.0659986 
0.0319288 0.0394753 -0.0298655 0.00231312 -0.0468251 0.00124333 -0.0201814 -0.0429987 -0.00124025 0.019327 -0.0236919 0.0383778 0.127031 -0.0496113 0.1201 -0.123566 1.63771 -0.0848584 -0.487895 -0.173831 -0.615427 -0.0966151 -0.166185 -0.719773 -1.403 -0.00992918 -0.309776 -0.0899525 -0.066001 
0.0319343 0.0394753 -0.0298684 0.00231312 -0.0468225 0.00122891 -0.0202036 -0.0429931 -0.00123739 0.019327 -0.0236919 0.0383778 0.127031 -0.0496113 0.1201 -0.123567 1.63771 -0.0848584 -0.487895 -0.173831 -0.61542 -0.0977223 -0.182577 -0.718883 -1.39242 -0.00992239 -0.309775 -0.0899538 -0.0660022 
0.0319371 0.0394779 -0.0298684 0.00231312 -0.046829 0.00123614 -0.0202177 -0.0429987 -0.00123477 0.019327 -0.0236919 0.0383778 0.127032 -0.0496118 0.120098 -0.123567 1.63771 -0.0848565 -0.487895 -0.173833 -0.615371 -0.0986915 -0.19699 -0.718093 -1.38303 -0.0099231 -0.309775 -0.0899574 -0.066001 
0.0319204 0.0394779 -0.0298655 0.00231312 -0.046816 0.00120726 -0.020237 -0.0429987 -0.00123477 0.019327 -0.0236919 0.0383778 0.127032 -0.0496118 0.120098 -0.123567 1.63771 -0.0848584 -0.487896 -0.173831 -0.615265 -0.099663 -0.213078 -0.717013 -1.37256 -0.00992787 -0.309778 -0.0899584 -0.0660154 
0.0318954 0.0394837 -0.0298655 0.00231312 -0.0468328 0.00122421 -0.0202425 -0.0429931 -0.00122905 0.019327 -0.0236919 0.0383778 0.127031 -0.0496113 0.1201 -0.123566 1.63771 -0.0848596 -0.487895 -0.17383 -0.615171 -0.100532 -0.227256 -0.715777 -1.36339 -0.00992846 -0.309783 -0.0899562 -0.0660835 
0.0318954 0.0394837 -0.0298684 0.00231312 -0.0468328 0.00122421 -0.0202508 -0.0429987 -0.0012207 0.019327 -0.0236919 0.0383778 0.127031 -0.0496099 0.120098 -0.123566 1.63771 -0.0848606 -0.487895 -0.173832 -0.615136 -0.101466 -0.241237 -0.714444 -1.3543 -0.0099231 -0.30978 -0.0899621 -0.0660967 
0.0318954 0.0394948 -0.0298655 0.00231312 -0.0468341 0.00122174 -0.0202591 -0.0429987 -0.00121522 0.019327 -0.0236919 0.0383778 0.127031 -0.0496113 0.120098 -0.123567 1.63771 -0.0848572 -0.487895 -0.173831 -0.61513 -0.102667 -0.257059 -0.712814 -1.34413 -0.00992239 -0.309778 -0.0899597 -0.0660967 
0.0318871 0.0394948 -0.0298655 0.00231312 -0.0468341 0.00122174 -0.0202591 -0.0429987 -0.0012126 0.019327 -0.0236919 0.0383778 0.127031 -0.0496113 0.120097 -0.123567 1.63771 -0.0848565 -0.487895 -0.173831 -0.615111 -0.103778 -0.271191 -0.711122 -1.33525 -0.0099231 -0.309778 -0.0899584 -0.0660991 
0.0318816 0.0394948 -0.0298655 0.00231312 -0.0468341 0.00122174 -0.0202591 -0.0429958 -0.00120974 0.0193232 -0.0236919 0.0383778 0.127031 -0.0496113 0.120097 -0.123568 1.63771 -0.0848572 -0.487895 -0.173831 -0.615096 -0.104911 -0.285202 -0.7094 -1.32656 -0.0099231 -0.309778 -0.0899646 -0.0660752 
0.0318816 0.0394948 -0.0298684 0.00231312 -0.0468328 0.00122421 -0.0202591 -0.0429987 -0.00120687 0.0193232 -0.0236919 0.0383778 0.127031 -0.0496113 0.120097 -0.123566 1.63771 -0.0848584 -0.487895 -0.173831 -0.615091 -0.106236 -0.300936 -0.707388 -1.31684 -0.0099194 -0.309778 -0.0899742 -0.0660405 
0.0318816 0.0394948 -0.0298684 0.00231312 -0.0468328 0.00122421 -0.0202591 -0.0429987 -0.00120974 0.0193232 -0.0236919 0.0383778 0.127031 -0.0496118 0.120095 -0.123566 1.63771 -0.0848582 -0.487895 -0.173833 -0.615072 -0.1073 -0.314701 -0.705563 -1.30842 -0.00990891 -0.309777 -0.0899789 -0.0660321 
0.0318816 0.0394948 -0.0298655 0.00231312 -0.0468341 0.00122174 -0.0202591 -0.0429987 -0.00120974 0.0193232 -0.0236919 0.0383778 0.127031 -0.0496125 0.120097 -0.123566 1.63771 -0.0848582 -0.487895 -0.173831 -0.615021 -0.108285 -0.330017 -0.703435 -1.29912 -0.00990653 -0.309779 -0.0899789 -0.0660321 
0.0318706 0.0394975 -0.0298684 0.00231312 -0.0468406 0.00120974 -0.0202675 -0.0429958 -0.00120974 0.0193232 -0.0236919 0.0383778 0.127032 -0.0496118 0.120097 -0.123566 1.63771 -0.0848584 -0.487895 -0.173832 -0.614945 -0.109028 -0.343317 -0.701595 -1.29099 -0.00990653 -0.309777 -0.0899801 -0.0660357 
0.0318511 0.0395031 -0.0298684 0.00231312 -0.0468445 0.00120255 -0.0202758 -0.0429958 -0.00120974 0.0193232 -0.0236919 0.0383778 0.127032 -0.0496118 0.120097 -0.123567 1.63771 -0.0848582 -0.487895 -0.173831 -0.614856 -0.109598 -0.356197 -0.699739 -1.28305 -0.00990593 -0.309776 -0.0899825 -0.0660464 
0.0318093 0.0395169 -0.0298684 0.00231312 -0.0468432 0.00120975 -0.020298 -0.0429987 -0.00120974 0.0193232 -0.0236919 0.0383778 0.127031 -0.0496113 0.120097 -0.123566 1.63771 -0.0848572 -0.487895 -0.173831 -0.614687 -0.110002 -0.37027 -0.697611 -1.27413 -0.00990593 -0.30978 -0.0899812 -0.0660704 
0.031765 0.0395335 -0.0298684 0.00231312 -0.0468432 0.00120975 -0.0203507 -0.0429987 -0.00120974 0.0193232 -0.0236919 0.0383778 0.127031 -0.0496125 0.120097 -0.123566 1.63771 -0.0848584 -0.487895 -0.173831 -0.614485 -0.110135 -0.382421 -0.695667 -1.26643 -0.00990593 -0.309782 -0.0899801 -0.0660716 
0.0317373 0.0395364 -0.029871 0.00231312 -0.0468432 0.00120975 -0.0204034 -0.0429987 -0.00120974 0.0193232 -0.0236919 0.0383778 0.127031 -0.0496113 0.120097 -0.123565 1.63771 -0.0848584 -0.487895 -0.173831 -0.614273 -0.110126 -0.394137 -0.693766 -1.25902 -0.00990534 -0.309781 -0.0899825 -0.066074 
0.0317068 0.0395418 -0.029871 0.00231312 -0.0468432 0.00120975 -0.0204504 -0.0429931 -0.00120974 0.0193232 -0.0236919 0.0383778 0.127031 -0.0496125 0.120097 -0.123566 1.63771 -0.0848584 -0.487895 -0.173831 -0.614003 -0.110118 -0.406903 -0.69157 -1.25084 -0.00990593 -0.30978 -0.0899812 -0.066074 
0.0316734 0.0395418 -0.029871 0.00231312 -0.0468432 0.00120975 -0.0204895 -0.0429847 -0.00120974 0.0193158 -0.0236919 0.0383778 0.127031 -0.0496125 0.120097 -0.123566 1.63771 -0.0848584 -0.487895 -0.173831 -0.613709 -0.110116 -0.417921 -0.689562 -1.2438 -0.00990832 -0.309778 -0.0899825 -0.0660752 
0.0316679 0.0395418 -0.029871 0.00231312 -0.0468432 0.00120975 -0.0205255 -0.0429847 -0.00120974 0.0193158 -0.0236919 0.0383778 0.127031 -0.0496113 0.120097 -0.123566 1.63771 -0.0848584 -0.487895 -0.173831 -0.613355 -0.110115 -0.42823 -0.687543 -1.23719 -0.00990772 -0.309781 -0.0899874 -0.0660752 
0.0316734 0.0395418 -0.0298684 0.00231312 -0.0468419 0.00121215 -0.0205531 -0.0429847 -0.0012126 0.0193158 -0.0236919 0.0383778 0.127031 -0.0496113 0.120095 -0.123565 1.63771 -0.0848606 -0.487895 -0.173831 -0.61294 -0.110115 -0.439345 -0.685297 -1.2301 -0.00991261 -0.309781 -0.089998 -0.0660632 
0.0316901 0.0395418 -0.0298684 0.00231312 -0.0468458 0.00121457 -0.0205643 -0.0429847 -0.0012126 0.0193158 -0.0236919 0.0383778 0.127031 -0.0496113 0.120095 -0.123565 1.63771 -0.0848596 -0.487895 -0.173831 -0.612529 -0.110117 -0.449832 -0.683044 -1.22344 -0.00992656 -0.309781 -0.0900148 -0.0660692 
0.0317178 0.0395391 -0.0298684 0.00231312 -0.0468458 0.00121457 -0.0205669 -0.0429847 -0.0012126 0.0193158 -0.0236919 0.0383778 0.127031 -0.0496118 0.120095 -0.123566 1.63771 -0.0848584 -0.487895 -0.173831 -0.612165 -0.110118 -0.458604 -0.681089 -1.21787 -0.00992477 -0.309781 -0.0900388 -0.066074 
0.0317512 0.0395335 -0.0298684 0.00231312 -0.0468419 0.00120735 -0.0205643 -0.0429847 -0.0012126 0.0193158 -0.0236919 0.0383778 0.127031 -0.0496118 0.120095 -0.123567 1.63771 -0.0848582 -0.487895 -0.173831 -0.611804 -0.11012 -0.467858 -0.67895 -1.2122 -0.00992608 -0.309781 -0.0900662 -0.0660835 
0.0317595 0.0395253 -0.0298655 0.00231312 -0.0468432 0.00120975 -0.0205643 -0.0429903 -0.00120974 0.0193158 -0.0236919 0.0383778 0.127031 -0.0496118 0.120097 -0.123566 1.63771 -0.0848584 -0.487895 -0.173832 -0.61153 -0.110124 -0.475751 -0.677164 -1.20759 -0.00992787 -0.309779 -0.0900878 -0.0661135 
0.0317595 0.0395169 -0.0298684 0.00231312 -0.0468432 0.00120975 -0.0205588 -0.0429903 -0.00120974 0.0193158 -0.0236919 0.0383778 0.127032 -0.0496125 0.120095 -0.123566 1.63771 -0.0848584 -0.487895 -0.173831 -0.611277 -0.110122 -0.484087 -0.675221 -1.20285 -0.00992787 -0.30978 -0.0901345 -0.0661781 
0.0317566 0.0395169 -0.0298684 0.00231312 -0.046838 0.00120012 -0.0205588 -0.0429903 -0.0012126 0.0193158 -0.0236919 0.0383778 0.127032 -0.0496118 0.120097 -0.123566 1.63771 -0.0848582 -0.487895 -0.173831 -0.611137 -0.110118 -0.490968 -0.673661 -1.19911 -0.00992107 -0.309779 -0.0901896 -0.0662379 
0.0317566 0.0395224 -0.029871 0.00231312 -0.046838 0.00120012 -0.0205588 -0.0429958 -0.0012126 0.0193158 -0.0236919 0.0383778 0.127031 -0.0496125 0.120097 -0.123566 1.63771 -0.0848584 -0.487895 -0.173831 -0.611073 -0.110114 -0.497383 -0.672164 -1.19551 -0.00992477 -0.309779 -0.0902578 -0.0662846 
0.0317512 0.0395253 -0.029871 0.00231312 -0.0468406 0.00120494 -0.0205643 -0.0429958 -0.0012126 0.0193158 -0.0236919 0.0383778 0.127031 -0.0496137 0.120097 -0.123566 1.63771 -0.0848582 -0.487895 -0.173832 -0.611047 -0.110098 -0.504015 -0.670749 -1.19162 -0.00992477 -0.309779 -0.090363 -0.0663588 
0.0317512 0.0395253 -0.029871 0.00231312 -0.0468432 0.00120975 -0.0205669 -0.0429958 -0.00121522 0.0193158 -0.0236919 0.0383778 0.127032 -0.0496118 0.120095 -0.123566 1.63771 -0.0848582 -0.487895 -0.173831 -0.611046 -0.110082 -0.509333 -0.669681 -1.18849 -0.00992608 -0.309778 -0.0904936 -0.0664581 
0.0317261 0.0395253 -0.0298684 0.00231312 -0.0468432 0.00120975 -0.0205727 -0.0429958 -0.00121522 0.0193158 -0.0236919 0.0383778 0.127031 -0.0496113 0.120095 -0.123566 1.63771 -0.0848584 -0.487895 -0.173831 -0.611048 -0.110078 -0.514008 -0.668706 -1.18569 -0.00992787 -0.30978 -0.0906239 -0.0666533 
0.0317206 0.0395253 -0.0298684 0.00231312 -0.0468432 0.00120975 -0.0205836 -0.0429958 -0.00121522 0.0193158 -0.0236919 0.0383778 0.127031 -0.0496113 0.120097 -0.123565 1.63771 -0.0848606 -0.487895 -0.173831 -0.611048 -0.110076 -0.518608 -0.66788 -1.18277 -0.00992787 -0.309779 -0.0907855 -0.0668447 
0.031729 0.039528 -0.0298684 0.00231312 -0.0468432 0.00120975 -0.0205865 -0.0429987 -0.00121522 0.0193158 -0.0236919 0.0383778 0.127031 -0.0496113 0.120097 -0.123566 1.63771 -0.0848596 -0.487895 -0.173832 -0.611048 -0.110076 -0.522195 -0.667393 -1.18046 -0.00992656 -0.309779 -0.0908501 -0.0670804 
0.031729 0.0395253 -0.0298684 0.00231312 -0.0468432 0.00120975 -0.0205836 -0.0429847 -0.00121522 0.0193158 -0.0236919 0.0383778 0.127032 -0.0496118 0.120097 -0.123566 1.63771 -0.0848596 -0.487895 -0.173831 -0.611047 -0.110076 -0.525319 -0.667128 -1.17845 -0.00992846 -0.30978 -0.0908813 -0.0673461 
0.0317318 0.0395253 -0.029871 0.00231312 -0.0468432 0.00120975 -0.0205727 -0.0429987 -0.00121522 0.0193158 -0.0236919 0.0383778 0.127032 -0.0496118 0.120097 -0.123566 1.63771 -0.0848596 -0.487895 -0.173831 -0.611047 -0.110073 -0.528244 -0.667105 -1.17671 -0.00992787 -0.309779 -0.0909315 -0.0676489 
0.0317428 0.0395253 -0.029871 0.00231312 -0.0468406 0.00121455 -0.0205727 -0.0429847 -0.00121522 0.0193158 -0.0236919 0.0383778 0.127032 -0.0496118 0.120097 -0.123567 1.63771 -0.0848596 -0.487895 -0.173831 -0.611046 -0.110055 -0.53035 -0.667112 -1.17551 -0.00992787 -0.309781 -0.0909914 -0.067862 
0.0317566 0.0395253 -0.029871 0.00231312 -0.0468406 0.00121455 -0.0205588 -0.0429903 -0.00121522 0.0193158 -0.0236919 0.0383778 0.127031 -0.0496113 0.120097 -0.123566 1.63771 -0.0848584 -0.487895 -0.173831 -0.611046 -0.110037 -0.532164 -0.667159 -1.17437 -0.00992978 -0.309781 -0.0910954 -0.0680451 
0.0317788 0.0395224 -0.029871 0.00231312 -0.0468406 0.00121455 -0.0205505 -0.0429903 -0.00121522 0.0193158 -0.0236919 0.0383778 0.127031 -0.0496113 0.120095 -0.123566 1.63771 -0.0848582 -0.487895 -0.173831 -0.611049 -0.110036 -0.533223 -0.667195 -1.17346 -0.00993526 -0.309781 -0.0912809 -0.0681612 
0.0317926 0.0395224 -0.029871 0.00231312 -0.0468406 0.00121455 -0.0205338 -0.0429847 -0.0012207 0.0193158 -0.0236919 0.0383778 0.127031 -0.0496125 0.120097 -0.123566 1.63771 -0.0848582 -0.487895 -0.173831 -0.611053 -0.110037 -0.533696 -0.667211 -1.17262 -0.00993764 -0.309781 -0.0914963 -0.0683215 
0.0318179 0.0395253 -0.029871 0.00231312 -0.0468406 0.00121455 -0.0205142 -0.0429931 -0.00122643 0.0193158 -0.0236919 0.0383778 0.127031 -0.0496125 0.120097 -0.123566 1.63771 -0.0848572 -0.487895 -0.173831 -0.611053 -0.110037 -0.533643 -0.667233 -1.1718 -0.00994134 -0.309781 -0.0916843 -0.0685585 
0.0318289 0.0395253 -0.029871 0.00231312 -0.0468406 0.00121455 -0.0205061 -0.0429987 -0.00122643 0.0193158 -0.0236919 0.0383778 0.127031 -0.0496118 0.120097 -0.123566 1.63771 -0.0848584 -0.487895 -0.173831 -0.611053 -0.110037 -0.53337 -0.667257 -1.17124 -0.00996995 -0.309781 -0.0917825 -0.0688385 
0.0318289 0.0395113 -0.029871 0.00231312 -0.0468406 0.00121455 -0.0205033 -0.0429987 -0.00122905 0.0193158 -0.0236906 0.0383801 0.127032 -0.0496118 0.120097 -0.123566 1.63771 -0.0848584 -0.487895 -0.173831 -0.611053 -0.110038 -0.532979 -0.667296 -1.17093 -0.0100433 -0.309781 -0.0918483 -0.0691521 
0.0318289 0.0395086 -0.029871 0.00231312 -0.0468406 0.00121455 -0.0205004 -0.0429987 -0.00122905 0.0193158 -0.0236906 0.0383801 0.127032 -0.0496137 0.120097 -0.123566 1.63771 -0.0848582 -0.487895 -0.17383 -0.611057 -0.110033 -0.532381 -0.667341 -1.17087 -0.010136 -0.309781 -0.0919178 -0.0694309 
0.0318289 0.0395169 -0.029871 0.00231312 -0.0468406 0.00121455 -0.0205004 -0.0429903 -0.00124025 0.0193158 -0.0236906 0.0383801 0.127031 -0.0496118 0.120098 -0.123566 1.63771 -0.0848584 -0.487895 -0.173831 -0.611058 -0.110006 -0.531742 -0.667375 -1.17087 -0.010144 -0.309781 -0.0919368 -0.0696535 
0.0318289 0.0395169 -0.029871 0.00231312 -0.0468432 0.00120975 -0.0205061 -0.0429847 -0.0012486 0.0193158 -0.0236893 0.0383825 0.127031 -0.0496125 0.1201 -0.123566 1.63771 -0.0848596 -0.487895 -0.173831 -0.611059 -0.109937 -0.530901 -0.667465 -1.17087 -0.0101501 -0.309781 -0.0919536 -0.0699922 
0.0318179 0.0395253 -0.0298684 0.00231312 -0.0468471 0.00120256 -0.0205116 -0.0429931 -0.00125408 0.0193158 -0.0236893 0.0383825 0.127031 -0.0496118 0.120098 -0.123566 1.63771 -0.0848584 -0.487895 -0.173832 -0.611062 -0.109849 -0.529977 -0.667627 -1.17087 -0.0101548 -0.309781 -0.0919632 -0.0703644 
0.0318041 0.0395364 -0.029871 0.00231312 -0.0468432 0.00119053 -0.0205116 -0.0429958 -0.00126243 0.0193158 -0.0236893 0.0383825 0.127032 -0.0496118 0.1201 -0.123567 1.63771 -0.0848584 -0.487895 -0.173831 -0.611064 -0.109754 -0.528819 -0.667863 -1.17087 -0.0101635 -0.309781 -0.0919811 -0.0707246 
0.0318041 0.0395364 -0.029871 0.00231312 -0.0468406 0.00118572 -0.0205142 -0.0429987 -0.00126791 0.0193158 -0.0236893 0.0383825 0.127032 -0.0496118 0.1201 -0.123566 1.63771 -0.0848596 -0.487895 -0.173831 -0.611067 -0.10968 -0.527208 -0.668249 -1.17088 -0.01018 -0.309779 -0.0919894 -0.0710238 
0.0318041 0.0395418 -0.029871 0.00231312 -0.0468406 0.00118572 -0.0205116 -0.0429987 -0.00126791 0.0193158 -0.0236893 0.0383825 0.127031 -0.0496125 0.1201 -0.123565 1.63771 -0.0848582 -0.487895 -0.173831 -0.611067 -0.10967 -0.525512 -0.668635 -1.17088 -0.0102067 -0.309781 -0.0919883 -0.0712177 
0.0318151 0.0395418 -0.029871 0.00231312 -0.0468393 0.00118331 -0.0205033 -0.0429987 -0.00127649 0.0193158 -0.0236893 0.0383825 0.127031 -0.0496125 0.1201 -0.123567 1.63771 -0.0848582 -0.487895 -0.173831 -0.61107 -0.109672 -0.523265 -0.669083 -1.17089 -0.0102642 -0.309781 -0.0919894 -0.0713673 
0.0318344 0.0395474 -0.029871 0.00231312 -0.0468393 0.00118331 -0.0205004 -0.0429987 -0.00127912 0.0193158 -0.0236893 0.0383825 0.127032 -0.0496118 0.1201 -0.123567 1.63771 -0.0848582 -0.487895 -0.173831 -0.611081 -0.109681 -0.521031 -0.669504 -1.1709 -0.0103338 -0.309781 -0.0919919 -0.0714199 
0.0318565 0.0395474 -0.029871 0.00231312 -0.0468393 0.00118331 -0.0204949 -0.0429987 -0.00127912 0.0193158 -0.0236893 0.0383825 0.127032 -0.0496137 0.1201 -0.123566 1.63771 -0.0848596 -0.487895 -0.173831 -0.611088 -0.109686 -0.518536 -0.669942 -1.17091 -0.0104582 -0.309781 -0.0919966 -0.0714164 
0.0318706 0.0395474 -0.0298765 0.00231312 -0.0468432 0.00119053 -0.0204921 -0.0429931 -0.00128746 0.0193158 -0.0236893 0.0383825 0.127032 -0.0496125 0.1201 -0.123567 1.63771 -0.0848584 -0.487895 -0.173831 -0.611093 -0.109686 -0.515395 -0.670499 -1.17092 -0.0106769 -0.309781 -0.092005 -0.0714127 
0.0318816 0.0395502 -0.0298765 0.00231312 -0.0468432 0.00119053 -0.0204895 -0.0429987 -0.00129294 0.0193158 -0.0236893 0.0383825 0.127032 -0.0496125 0.1201 -0.123567 1.63771 -0.0848582 -0.487895 -0.173831 -0.611094 -0.109687 -0.512277 -0.671097 -1.17093 -0.0108123 -0.309781 -0.0920062 -0.0714127 
0.0318816 0.0395502 -0.0298765 0.00231312 -0.0468432 0.00119053 -0.0204895 -0.0429987 -0.00129294 0.0193158 -0.0236893 0.0383825 0.127031 -0.0496113 0.1201 -0.123566 1.63771 -0.0848582 -0.487895 -0.173832 -0.611093 -0.109685 -0.508838 -0.671857 -1.17094 -0.0108575 -0.309779 -0.0920157 -0.0714199 
0.0318732 0.0395418 -0.0298765 0.00231312 -0.0468432 0.00119053 -0.0204949 -0.0429987 -0.00129294 0.0193158 -0.0236893 0.0383825 0.127032 -0.0496125 0.1201 -0.123566 1.63771 -0.0848596 -0.487895 -0.173831 -0.611093 -0.109686 -0.50458 -0.672889 -1.17096 -0.0109411 -0.30978 -0.0920457 -0.0714858 
0.0318594 0.0395418 -0.0298765 0.00231686 -0.0468432 0.00119053 -0.0205004 -0.0429987 -0.00129867 0.0193158 -0.0236867 0.0383872 0.127032 -0.0496118 0.1201 -0.123566 1.63771 -0.0848596 -0.487895 -0.173831 -0.611094 -0.109684 -0.50039 -0.673866 -1.17098 -0.0110259 -0.30978 -0.0921067 -0.0716246 
0.0318565 0.0395418 -0.0298765 0.00231312 -0.0468432 0.00119053 -0.0205004 -0.0429987 -0.00129867 0.0193158 -0.0236867 0.0383872 0.127032 -0.0496125 0.1201 -0.123566 1.63771 -0.0848596 -0.487895 -0.17383 -0.611098 -0.109684 -0.495305 -0.675049 -1.17101 -0.0111431 -0.309779 -0.0922 -0.0717705 
0.0318565 0.0395529 -0.0298765 0.00231312 -0.0468419 0.00118332 -0.0205116 -0.0429987 -0.00129867 0.0193158 -0.0236867 0.0383872 0.127031 -0.0496125 0.120102 -0.123567 1.63771 -0.0848584 -0.487895 -0.173831 -0.6111 -0.109684 -0.490451 -0.676253 -1.17105 -0.0113049 -0.30978 -0.0923306 -0.0720555 
0.0318484 0.0395558 -0.0298765 0.00231312 -0.0468406 0.00118091 -0.0205116 -0.0429958 -0.00130129 0.0193158 -0.0236867 0.0383872 0.127032 -0.0496118 0.1201 -0.123566 1.63771 -0.0848584 -0.487895 -0.173831 -0.611111 -0.109684 -0.485232 -0.677493 -1.17111 -0.0114379 -0.309779 -0.0924348 -0.0724563 
0.0318453 0.039564 -0.0298765 0.00231312 -0.0468431 0.00117611 -0.0205061 -0.0429958 -0.00130391 0.0193158 -0.0236867 0.0383872 0.127032 -0.0496137 0.120101 -0.123566 1.63771 -0.0848584 -0.487895 -0.173831 -0.611115 -0.109684 -0.478899 -0.679012 -1.17117 -0.0116441 -0.309781 -0.0924658 -0.072898 
0.0318511 0.0395724 -0.0298765 0.00231312 -0.0468406 0.0011713 -0.0205004 -0.0429987 -0.00130391 0.0193158 -0.0236867 0.0383872 0.127032 -0.0496125 0.120102 -0.123567 1.63771 -0.0848584 -0.487895 -0.173831 -0.611126 -0.109684 -0.473004 -0.680553 -1.1712 -0.011768 -0.309778 -0.0924671 -0.0732031 
0.0318511 0.0395751 -0.0298765 0.00231312 -0.0468406 0.0011713 -0.0205033 -0.0429987 -0.00130701 0.0193158 -0.0236867 0.0383872 0.127032 -0.0496125 0.120103 -0.123566 1.63771 -0.0848572 -0.487895 -0.173831 -0.61113 -0.109684 -0.466742 -0.682158 -1.17124 -0.0118395 -0.309779 -0.0924706 -0.0734138 
0.0318511 0.0395807 -0.0298822 0.00231312 -0.0468406 0.0011713 -0.0205004 -0.0429958 -0.00130701 0.0193158 -0.0236867 0.0383872 0.127032 -0.0496125 0.120102 -0.123567 1.63771 -0.0848584 -0.487895 -0.173831 -0.611133 -0.109681 -0.458501 -0.684315 -1.17133 -0.0120379 -0.309779 -0.0924777 -0.0735777 
0.0318453 0.0395862 -0.0298822 0.00231312 -0.0468393 0.00116889 -0.0205004 -0.0429931 -0.00131249 0.0193158 -0.0236867 0.0383872 0.127032 -0.0496125 0.120102 -0.123567 1.63771 -0.0848584 -0.487895 -0.173831 -0.611141 -0.109681 -0.451568 -0.686129 -1.17144 -0.0122075 -0.309778 -0.0924909 -0.0736089 
0.0318453 0.039589 -0.0298822 0.00231312 -0.0468393 0.00116889 -0.0205033 -0.0429958 -0.00131798 0.0193158 -0.0236867 0.0383872 0.127031 -0.0496113 0.120102 -0.123567 1.63771 -0.0848584 -0.487895 -0.17383 -0.611157 -0.109682 -0.44429 -0.68796 -1.17157 -0.0123552 -0.309779 -0.0924897 -0.0736112 
0.0318484 0.039589 -0.0298848 0.00231312 -0.0468393 0.00116889 -0.0205061 -0.0429958 -0.00131798 0.0193158 -0.0236867 0.0383872 0.127031 -0.0496118 0.120103 -0.123566 1.63771 -0.0848584 -0.487895 -0.173832 -0.611171 -0.10969 -0.435848 -0.690155 -1.17173 -0.0124682 -0.30978 -0.0925113 -0.0736148 
0.0318427 0.039589 -0.0298848 0.00231312 -0.0468393 0.00116889 -0.0205061 -0.0429958 -0.00131798 0.0193158 -0.0236867 0.0383872 0.127034 -0.0496137 0.120102 -0.123567 1.63771 -0.0848572 -0.487895 -0.173831 -0.611172 -0.109692 -0.428165 -0.692143 -1.17191 -0.0126091 -0.30978 -0.0925244 -0.0736148 
0.0318453 0.039589 -0.0298905 0.00231312 -0.0468393 0.00116889 -0.0205004 -0.0429987 -0.00132084 0.0193158 -0.0236867 0.0383872 0.127034 -0.0496137 0.120102 -0.123567 1.63771 -0.0848582 -0.487895 -0.173831 -0.611173 -0.109688 -0.42019 -0.694152 -1.1721 -0.0128161 -0.309779 -0.0925351 -0.0736089 
0.0318511 0.039589 -0.0298905 0.00231312 -0.0468393 0.00116889 -0.0204949 -0.0429987 -0.00132918 0.0193158 -0.0236867 0.0383872 0.127032 -0.0496137 0.120102 -0.123567 1.63771 -0.0848584 -0.487895 -0.173831 -0.611173 -0.109688 -0.410927 -0.696393 -1.17233 -0.0130162 -0.309779 -0.0925328 -0.0736124 
0.0318594 0.039589 -0.0298905 0.00231312 -0.0468393 0.00116889 -0.0204921 -0.0429987 -0.00133181 0.0193158 -0.0236867 0.0383872 0.127032 -0.0496137 0.120102 -0.123567 1.63771 -0.0848584 -0.487895 -0.173831 -0.611173 -0.109689 -0.402529 -0.698356 -1.17258 -0.0130986 -0.309781 -0.0925351 -0.0736148 
0.0318675 0.039589 -0.0298905 0.00231312 -0.0468393 0.00116889 -0.0204921 -0.0429987 -0.00133181 0.0193158 -0.0236867 0.0383872 0.127032 -0.0496113 0.120104 -0.123566 1.63771 -0.0848572 -0.487895 -0.173832 -0.611177 -0.109687 -0.392769 -0.700586 -1.17294 -0.0132438 -0.309781 -0.0925363 -0.0736124 
0.0318706 0.039589 -0.0298905 0.00231312 -0.0468393 0.00116889 -0.0204895 -0.0429987 -0.00133467 0.0193158 -0.0236867 0.0383872 0.127034 -0.0496118 0.120104 -0.123566 1.63771 -0.0848582 -0.487895 -0.17383 -0.611193 -0.109687 -0.383843 -0.702557 -1.17337 -0.0134112 -0.309781 -0.092546 -0.0736064 
0.0318816 0.039589 -0.0298905 0.00231312 -0.0468393 0.00116889 -0.0204866 -0.0429987 -0.00134015 0.0193158 -0.0236867 0.0383872 0.127032 -0.0496137 0.120106 -0.123567 1.63771 -0.0848584 -0.487895 -0.173831 -0.611202 -0.109687 -0.374637 -0.70448 -1.1739 -0.0134581 -0.309781 -0.092546 -0.0736052 
0.0318871 0.039589 -0.0298905 0.00231312 -0.0468393 0.00116889 -0.0204866 -0.0429987 -0.00134015 0.0193158 -0.0236867 0.0383872 0.127032 -0.0496113 0.120104 -0.123567 1.63771 -0.0848582 -0.487895 -0.17383 -0.6112 -0.109685 -0.364144 -0.706541 -1.17473 -0.0135014 -0.309781 -0.0925472 -0.0736136 
0.0318899 0.039589 -0.0298905 0.00231312 -0.0468393 0.00116889 -0.0204866 -0.0429987 -0.00134015 0.0193158 -0.0236867 0.0383872 0.127032 -0.0496118 0.120106 -0.123567 1.63771 -0.0848572 -0.487895 -0.173831 -0.611201 -0.109685 -0.354585 -0.708358 -1.17577 -0.0136485 -0.309779 -0.0925531 -0.073622 
0.0318899 0.039589 -0.0298905 0.00231312 -0.0468393 0.00116889 -0.0204866 -0.0429958 -0.00134015 0.0193158 -0.0236867 0.0383872 0.127034 -0.0496118 0.120106 -0.123567 1.63771 -0.0848584 -0.487895 -0.173831 -0.611205 -0.109685 -0.344915 -0.710042 -1.1772 -0.0137457 -0.309779 -0.0925555 -0.0736232 
0.0319066 0.0395918 -0.0298905 0.00231312 -0.0468393 0.00116889 -0.0204811 -0.0429987 -0.00134015 0.0193158 -0.0236841 0.0383824 0.127032 -0.0496125 0.120106 -0.123566 1.63771 -0.0848584 -0.487895 -0.173832 -0.611209 -0.109685 -0.333869 -0.711906 -1.17934 -0.0137701 -0.309779 -0.0925664 -0.073622 
0.0319149 0.0395945 -0.0298905 0.00231312 -0.0468393 0.00116889 -0.0204811 -0.0429987 -0.00134301 0.0193158 -0.0236841 0.0383824 0.127032 -0.0496113 0.120106 -0.123567 1.63771 -0.0848584 -0.487895 -0.173831 -0.611209 -0.109684 -0.323901 -0.713549 -1.18164 -0.0138792 -0.309777 -0.0925914 -0.073622 
0.0319149 0.0396029 -0.0298905 0.00231686 -0.0468393 0.00116889 -0.0204811 -0.0430042 -0.00134563 0.0193158 -0.0236841 0.0383824 0.127032 -0.0496113 0.120106 -0.123568 1.63771 -0.0848582 -0.487895 -0.173832 -0.611212 -0.109685 -0.313671 -0.715078 -1.18423 -0.0140057 -0.309778 -0.0926009 -0.0736244 
0.0319204 0.0396029 -0.0298905 0.00231686 -0.0468393 0.00116889 -0.0204811 -0.0429987 -0.00135136 0.0193158 -0.0236841 0.0383824 0.127032 -0.0496113 0.120104 -0.123566 1.63771 -0.0848582 -0.487895 -0.173831 -0.611212 -0.109685 -0.302181 -0.716709 -1.18733 -0.0140417 -0.309777 -0.0926058 -0.0736303 
0.0319204 0.0395945 -0.0298905 0.00231686 -0.0468393 0.00116889 -0.0204811 -0.0429987 -0.00134563 0.0193232 -0.0236841 0.0383824 0.127032 -0.0496118 0.120106 -0.123567 1.63771 -0.0848582 -0.487895 -0.173831 -0.611212 -0.109685 -0.2918 -0.718031 -1.19032 -0.0141509 -0.309778 -0.0926166 -0.0736256 
0.0319204 0.0395945 -0.0298848 0.00231686 -0.0468393 0.00116889 -0.0204811 -0.0429987 -0.00135136 0.0193232 -0.0236841 0.0383824 0.127034 -0.0496125 0.120106 -0.123567 1.63771 -0.0848572 -0.487895 -0.173831 -0.611218 -0.109685 -0.280048 -0.719539 -1.19409 -0.0142522 -0.309775 -0.0926573 -0.073628 
0.0319204 0.0395945 -0.0298905 0.00231686 -0.0468393 0.00116889 -0.0204782 -0.0429987 -0.00135136 0.0193232 -0.0236841 0.0383824 0.127034 -0.0496125 0.120106 -0.123567 1.63771 -0.0848582 -0.487895 -0.173832 -0.611218 -0.109684 -0.269636 -0.720745 -1.19766 -0.0142668 -0.309774 -0.0926883 -0.0736291 
0.0319233 0.0395945 -0.0298905 0.00231686 -0.0468393 0.00116889 -0.0204811 -0.0429987 -0.00135136 0.0193232 -0.0236841 0.0383824 0.127032 -0.0496125 0.120106 -0.123567 1.63771 -0.0848584 -0.487895 -0.173831 -0.611221 -0.109674 -0.259038 -0.72181 -1.20131 -0.0143658 -0.309779 -0.0927051 -0.0736244 
0.0319397 0.0396001 -0.0298848 0.00231686 -0.0468393 0.00116889 -0.0204811 -0.0429958 -0.00135136 0.0193232 -0.0236841 0.0383824 0.127032 -0.0496113 0.120106 -0.123567 1.63771 -0.0848582 -0.487895 -0.173831 -0.611244 -0.109674 -0.246979 -0.723027 -1.20578 -0.0145037 -0.309778 -0.0927279 -0.073622 
0.0319593 0.0396001 -0.0298905 0.00231686 -0.0468393 0.00116889 -0.0204782 -0.0429987 -0.00135136 0.0193232 -0.0236828 0.03838 0.127032 -0.0496113 0.120106 -0.123566 1.63771 -0.0848572 -0.487895 -0.173831 -0.611273 -0.109677 -0.236267 -0.72397 -1.21003 -0.0145507 -0.309777 -0.0927385 -0.073622 
0.0319619 0.0396001 -0.0298905 0.00231686 -0.0468393 0.00116889 -0.0204782 -0.0429987 -0.00135136 0.0193232 -0.0236828 0.03838 0.127032 -0.0496125 0.120106 -0.123567 1.63771 -0.0848572 -0.487895 -0.173831 -0.611283 -0.109675 -0.225425 -0.724698 -1.21445 -0.0146599 -0.309783 -0.0927434 -0.0736232 
0.0319786 0.0395945 -0.0298905 0.00231686 -0.0468406 0.0011713 -0.0204673 -0.0429958 -0.00135136 0.0193232 -0.0236828 0.03838 0.127032 -0.0496113 0.120106 -0.123566 1.63771 -0.0848584 -0.487895 -0.173831 -0.611296 -0.109677 -0.213282 -0.725386 -1.21971 -0.0147789 -0.309785 -0.0927553 -0.0736232 
0.0319982 0.0395945 -0.0298905 0.00231686 -0.046838 0.0011761 -0.0204673 -0.0430069 -0.00135398 0.0193232 -0.0236828 0.03838 0.127032 -0.0496113 0.120106 -0.123567 1.63771 -0.0848584 -0.487895 -0.173832 -0.611299 -0.109676 -0.202435 -0.725848 -1.22447 -0.0148265 -0.309783 -0.0927817 -0.0736172 
0.0320036 0.0395945 -0.0298905 0.00231686 -0.0468406 0.00118091 -0.0204589 -0.0430042 -0.00135398 0.0193232 -0.0236828 0.03838 0.127032 -0.0496125 0.120106 -0.123566 1.63771 -0.0848584 -0.487895 -0.173831 -0.6113 -0.109672 -0.191561 -0.726199 -1.2293 -0.0148602 -0.309785 -0.0928344 -0.0736244 
0.032012 0.0395945 -0.0298848 0.00231686 -0.0468406 0.00118091 -0.0204477 -0.0429987 -0.00135398 0.0193232 -0.0236828 0.03838 0.127032 -0.0496118 0.120106 -0.123567 1.63771 -0.0848584 -0.487895 -0.173831 -0.611303 -0.109652 -0.179441 -0.726513 -1.23485 -0.0148602 -0.309781 -0.0928967 -0.073628 
0.032012 0.0395945 -0.0298905 0.00231686 -0.0468419 0.00118332 -0.0204394 -0.0429987 -0.00135398 0.0193232 -0.0236828 0.03838 0.127032 -0.0496125 0.120106 -0.123567 1.63771 -0.0848584 -0.487895 -0.173831 -0.611302 -0.109623 -0.168581 -0.726676 -1.23967 -0.0148669 -0.309781 -0.0929552 -0.0736447 
0.032012 0.0395945 -0.0298848 0.00231686 -0.0468431 0.00118565 -0.0204394 -0.0429847 -0.00135398 0.0193232 -0.0236828 0.03838 0.127032 -0.0496113 0.120106 -0.123567 1.63771 -0.0848584 -0.487895 -0.173831 -0.611312 -0.109561 -0.15761 -0.726756 -1.24456 -0.0148754 -0.309781 -0.0929816 -0.0736974 
0.032012 0.0395945 -0.0298848 0.00231686 -0.0468431 0.00118565 -0.0204368 -0.0429987 -0.00135684 0.0193232 -0.0236828 0.03838 0.127032 -0.0496113 0.120106 -0.123567 1.63771 -0.0848572 -0.487895 -0.173831 -0.611332 -0.109451 -0.145338 -0.726767 -1.25004 -0.0148791 -0.309778 -0.0929971 -0.07378 
0.0320175 0.0395945 -0.0298848 0.00231686 -0.0468431 0.00118565 -0.0204282 -0.0429987 -0.00135684 0.0193232 -0.0236828 0.03838 0.127032 -0.0496118 0.120106 -0.123567 1.63771 -0.0848584 -0.487895 -0.173831 -0.611335 -0.109364 -0.134327 -0.726767 -1.25492 -0.0148845 -0.309778 -0.0930055 -0.0739499 
0.0320175 0.0395945 -0.0298848 0.00231686 -0.0468431 0.00118565 -0.0204282 -0.0429903 -0.00135684 0.0193232 -0.0236828 0.03838 0.127032 -0.0496113 0.120106 -0.123566 1.63771 -0.0848582 -0.487895 -0.173831 -0.611341 -0.109296 -0.121964 -0.726767 -1.26059 -0.0148852 -0.309778 -0.0930066 -0.0742227 
0.0320146 0.0395862 -0.0298848 0.00231686 -0.0468431 0.00118565 -0.0204282 -0.0429987 -0.00135684 0.0193232 -0.0236815 0.0383776 0.127032 -0.0496118 0.120106 -0.123567 1.63771 -0.0848572 -0.487895 -0.173832 -0.611342 -0.109263 -0.111109 -0.726765 -1.26564 -0.0148901 -0.309778 -0.0930091 -0.0745615 
0.0320008 0.0395862 -0.0298848 0.00231686 -0.0468431 0.00118565 -0.0204339 -0.0429987 -0.00135946 0.0193232 -0.0236815 0.0383776 0.127032 -0.0496118 0.120106 -0.123566 1.63771 -0.0848584 -0.487895 -0.173831 -0.611341 -0.109258 -0.100247 -0.726764 -1.27091 -0.0148993 -0.309779 -0.0930091 -0.0749409 
0.0319924 0.0395862 -0.0298822 0.00231312 -0.0468431 0.00118565 -0.0204368 -0.0429987 -0.00135684 0.0193232 -0.0236815 0.0383776 0.127032 -0.0496118 0.120106 -0.123567 1.63771 -0.0848584 -0.487895 -0.173831 -0.611341 -0.109246 -0.0881371 -0.726759 -1.27683 -0.0148937 -0.30978 -0.0930091 -0.0752987 
0.0319815 0.0395862 -0.0298822 0.00231312 -0.0468445 0.00118813 -0.0204368 -0.0429987 -0.00135684 0.0193232 -0.0236815 0.0383776 0.127032 -0.0496125 0.120106 -0.123567 1.63771 -0.0848584 -0.487895 -0.173832 -0.611341 -0.109219 -0.0775495 -0.726757 -1.2821 -0.0148937 -0.309781 -0.0930139 -0.0755787 
0.0319648 0.0395862 -0.0298822 0.00231312 -0.0468445 0.00118813 -0.0204394 -0.0429987 -0.00135684 0.0193232 -0.0236815 0.0383776 0.127032 -0.0496125 0.120106 -0.123566 1.63771 -0.0848582 -0.487895 -0.173831 -0.611342 -0.109164 -0.0669312 -0.726757 -1.28734 -0.0148932 -0.309781 -0.093021 -0.0758384 
0.0319593 0.0396001 -0.0298822 0.00231312 -0.0468445 0.00118813 -0.0204422 -0.0429987 -0.00135684 0.0193232 -0.0236815 0.0383776 0.127032 -0.0496113 0.120104 -0.123567 1.63771 -0.0848584 -0.487895 -0.173832 -0.611342 -0.109059 -0.0551209 -0.726753 -1.2931 -0.0148919 -0.309779 -0.0930283 -0.0760742 
0.0319481 0.0395945 -0.0298822 0.00231312 -0.0468445 0.00118813 -0.0204477 -0.0429987 -0.00135684 0.0193232 -0.0236815 0.0383776 0.127032 -0.0496118 0.120104 -0.123566 1.63771 -0.0848582 -0.487895 -0.173831 -0.611342 -0.108948 -0.0448163 -0.726752 -1.2982 -0.0148942 -0.309778 -0.0930283 -0.0762848 
0.0319426 0.0395945 -0.0298822 0.00231312 -0.0468445 0.00118813 -0.0204504 -0.0429903 -0.00135684 0.0193232 -0.0236815 0.0383776 0.127032 -0.0496118 0.120106 -0.123566 1.63771 -0.0848584 -0.487895 -0.173831 -0.611342 -0.108851 -0.0346477 -0.726749 -1.30324 -0.0148919 -0.309778 -0.0930307 -0.0765157 
0.0319343 0.0395945 -0.0298793 0.00231312 -0.0468445 0.00118813 -0.0204504 -0.0429931 -0.00135684 0.0193232 -0.0236828 0.03838 0.127032 -0.0496118 0.120104 -0.123566 1.63771 -0.0848584 -0.487895 -0.173831 -0.611342 -0.108761 -0.0234094 -0.72674 -1.30898 -0.0148906 -0.309778 -0.0930319 -0.0767144 
0.0319343 0.0395945 -0.0298793 0.00231312 -0.0468445 0.00118813 -0.0204504 -0.0429958 -0.00135398 0.0193232 -0.0236828 0.03838 0.127032 -0.0496125 0.120106 -0.123567 1.63771 -0.0848584 -0.487895 -0.173831 -0.611342 -0.108686 -0.0123792 -0.726739 -1.31466 -0.0148942 -0.309777 -0.0930283 -0.0768353 
0.0319343 0.0395945 -0.0298822 0.00231312 -0.0468445 0.00118813 -0.0204504 -0.0429931 -0.00135398 0.0193232 -0.0236828 0.03838 0.127032 -0.0496137 0.120104 -0.123567 1.63771 -0.0848572 -0.487895 -0.173831 -0.611343 -0.10862 -0.00283194 -0.726733 -1.31968 -0.0148906 -0.309777 -0.0930307 -0.0768723 
0.0319343 0.0395945 -0.0298822 0.00231312 -0.0468431 0.00118565 -0.0204504 -0.0429931 -0.00135398 0.0193232 -0.0236828 0.03838 0.127032 -0.0496113 0.120104 -0.123567 1.63771 -0.0848582 -0.487895 -0.173831 -0.611342 -0.10853 0.00767708 -0.726709 -1.32527 -0.0148888 -0.309777 -0.0930294 -0.0768748 
0.0319343 0.0395945 -0.0298822 0.00231312 -0.0468431 0.00118565 -0.0204535 -0.0429847 -0.00135398 0.0193232 -0.0236828 0.03838 0.127032 -0.0496113 0.120104 -0.123566 1.63771 -0.0848582 -0.487895 -0.173831 -0.611343 -0.108456 0.0166628 -0.726702 -1.33001 -0.0148906 -0.309777 -0.0930294 -0.0768808 
0.0319288 0.0395918 -0.0298793 0.00231312 -0.0468431 0.00118565 -0.0204589 -0.0429847 -0.00135398 0.0193232 -0.0236828 0.03838 0.127032 -0.0496118 0.120104 -0.123567 1.63771 -0.0848572 -0.487895 -0.173831 -0.611343 -0.108401 0.0264337 -0.726701 -1.33524 -0.0148821 -0.309777 -0.0930307 -0.0768856 
0.0319288 0.0395862 -0.0298793 0.00231312 -0.0468431 0.00118565 -0.0204589 -0.0429847 -0.00135136 0.0193232 -0.0236828 0.03838 0.127032 -0.0496113 0.120106 -0.123566 1.63771 -0.0848572 -0.487895 -0.173831 -0.611343 -0.108371 0.0346045 -0.726702 -1.33955 -0.014873 -0.309778 -0.0930294 -0.076876 
0.0319343 0.0395751 -0.0298793 0.00231312 -0.0468445 0.00118813 -0.0204589 -0.0429958 -0.00135136 0.0193232 -0.0236841 0.0383824 0.127031 -0.0496118 0.120104 -0.123566 1.63771 -0.0848584 -0.487895 -0.173831 -0.611343 -0.108358 0.0422583 -0.726705 -1.34356 -0.0148559 -0.309778 -0.0930343 -0.0768772 
0.031951 0.0395724 -0.0298765 0.00231312 -0.0468432 0.00119053 -0.0204589 -0.0429903 -0.00134563 0.0193232 -0.0236841 0.0383824 0.127032 -0.0496113 0.120102 -0.123567 1.63771 -0.0848584 -0.487895 -0.173831 -0.611346 -0.108333 0.0502052 -0.726713 -1.34771 -0.0148528 -0.309776 -0.0930402 -0.0768616 
0.031976 0.0395669 -0.0298793 0.00231312 -0.0468406 0.00119533 -0.0204477 -0.0429958 -0.00134301 0.0193232 -0.0236841 0.0383824 0.127032 -0.0496113 0.120102 -0.123567 1.63771 -0.0848584 -0.487895 -0.173831 -0.611356 -0.108272 0.056689 -0.72672 -1.35085 -0.0148302 -0.309776 -0.0930451 -0.0768473 
0.032012 0.039564 -0.0298765 0.00231312 -0.046838 0.00120012 -0.0204368 -0.0429987 -0.00134563 0.0193232 -0.0236841 0.0383824 0.127031 -0.0496113 0.120102 -0.123566 1.63771 -0.0848582 -0.487895 -0.173831 -0.611379 -0.10819 0.0626435 -0.72672 -1.35363 -0.0147704 -0.309777 -0.0930462 -0.0768318 
0.0320425 0.0395502 -0.0298765 0.00231312 -0.0468341 0.00120732 -0.0204256 -0.0429987 -0.00134563 0.0193232 -0.0236841 0.0383824 0.127032 -0.0496113 0.120102 -0.123567 1.63771 -0.0848582 -0.487895 -0.173832 -0.611425 -0.108033 0.068578 -0.726726 -1.35649 -0.0147058 -0.309777 -0.0930451 -0.0768353 
0.0320563 0.0395364 -0.0298765 0.00231312 -0.0468315 0.00121212 -0.0204201 -0.0429987 -0.00134563 0.0193232 -0.0236841 0.0383824 0.127032 -0.0496113 0.120102 -0.123567 1.63771 -0.0848584 -0.487895 -0.173831 -0.611469 -0.10782 0.0733259 -0.726726 -1.35866 -0.0147032 -0.309777 -0.0930474 -0.0768461 
0.0320537 0.0395169 -0.0298765 0.00231312 -0.0468367 0.00120252 -0.0203979 -0.0429987 -0.00135136 0.0193232 -0.0236841 0.0383824 0.127032 -0.0496118 0.120102 -0.123567 1.63771 -0.0848584 -0.487895 -0.173831 -0.611521 -0.107509 0.0779369 -0.726726 -1.36055 -0.0146692 -0.309777 -0.0930451 -0.0768389 
0.0320508 0.0395001 -0.0298765 0.00231312 -0.0468354 0.00120492 -0.0203674 -0.0429987 -0.00134563 0.0193232 -0.0236841 0.0383824 0.127032 -0.0496113 0.120102 -0.123566 1.63771 -0.0848584 -0.487895 -0.173831 -0.611572 -0.107191 0.0813251 -0.726738 -1.3616 -0.0146434 -0.309776 -0.0930451 -0.0768437 
0.0320508 0.039489 -0.0298765 0.00231312 -0.0468341 0.00120244 -0.0203311 -0.0429987 -0.00134563 0.0193232 -0.0236841 0.0383824 0.127032 -0.0496113 0.120102 -0.123567 1.63771 -0.0848572 -0.487895 -0.173831 -0.611624 -0.106847 0.0841095 -0.726755 -1.36217 -0.0146356 -0.309777 -0.0930451 -0.0768496 
0.0320508 0.0394948 -0.0298765 0.00231686 -0.0468341 0.00120244 -0.0203035 -0.0429987 -0.00134563 0.0193232 -0.0236841 0.0383824 0.127032 -0.0496099 0.120102 -0.123566 1.63771 -0.0848572 -0.487895 -0.173831 -0.611672 -0.106456 0.0864422 -0.726755 -1.36238 -0.0145928 -0.309778 -0.0930474 -0.0768521 
0.0320563 0.0394948 -0.0298765 0.00231312 -0.0468341 0.00120244 -0.0202785 -0.0429987 -0.00134301 0.0193232 -0.0236841 0.0383824 0.127034 -0.0496113 0.120102 -0.123567 1.63771 -0.0848582 -0.487895 -0.173831 -0.611699 -0.106114 0.0878394 -0.726755 -1.36238 -0.0145575 -0.309777 -0.0930474 -0.0768545 
0.0320563 0.0394948 -0.0298793 0.00231312 -0.0468341 0.00120244 -0.0202563 -0.0429987 -0.00134015 0.0193232 -0.0236841 0.0383824 0.127034 -0.0496113 0.120102 -0.123566 1.63771 -0.0848572 -0.487895 -0.173831 -0.611707 -0.105815 0.0886829 -0.726756 -1.36237 -0.0145233 -0.309777 -0.0930451 -0.0768593 
0.0320537 0.039489 -0.0298765 0.00231312 -0.0468341 0.00120244 -0.020237 -0.0429987 -0.00134301 0.019327 -0.0236841 0.0383824 0.127032 -0.0496113 0.120101 -0.123567 1.63771 -0.0848596 -0.487895 -0.173831 -0.611707 -0.105572 0.0889244 -0.726756 -1.36237 -0.0144536 -0.309777 -0.0930451 -0.0768545 
0.0320537 0.039489 -0.0298765 0.00231312 -0.0468341 0.00120244 -0.0202286 -0.0429987 -0.00134015 0.019327 -0.0236841 0.0383824 0.127032 -0.0496113 0.120101 -0.123566 1.63771 -0.0848584 -0.487895 -0.173831 -0.611708 -0.10546 0.088666 -0.726759 -1.36237 -0.0143639 -0.309777 -0.0930462 -0.076858 
0.032059 0.0394837 -0.0298765 0.00231312 -0.0468341 0.00120244 -0.020226 -0.0429987 -0.00134015 0.019327 -0.0236841 0.0383824 0.127032 -0.0496113 0.120101 -0.123566 1.63771 -0.0848572 -0.487895 -0.173831 -0.61171 -0.105456 0.088202 -0.726759 -1.36237 -0.0142034 -0.309777 -0.0930451 -0.076858 
0.032059 0.0394696 -0.0298765 0.00231312 -0.0468341 0.00120244 -0.0202286 -0.0429987 -0.00134015 0.019327 -0.0236841 0.0383824 0.127032 -0.0496113 0.120101 -0.123567 1.63771 -0.0848584 -0.487895 -0.17383 -0.611713 -0.105472 0.0874794 -0.72676 -1.36236 -0.0138469 -0.309777 -0.0930462 -0.07687 
0.032059 0.0394615 -0.0298765 0.00231312 -0.0468341 0.00120244 -0.0202286 -0.0429987 -0.00133467 0.019327 -0.0236841 0.0383824 0.127032 -0.0496113 0.120101 -0.123567 1.63771 -0.0848584 -0.487895 -0.173831 -0.611711 -0.105482 0.0867286 -0.726759 -1.36236 -0.0134161 -0.309778 -0.0930451 -0.0769179 
0.032059 0.0394641 -0.0298793 0.00231312 -0.0468341 0.00120244 -0.0202286 -0.0429987 -0.00133181 0.019327 -0.0236867 0.0383872 0.127032 -0.0496113 0.120101 -0.123566 1.63771 -0.0848584 -0.487895 -0.17383 -0.61171 -0.10548 0.08588 -0.72676 -1.36236 -0.012979 -0.309778 -0.0930462 -0.0769849 
0.032059 0.0394641 -0.0298765 0.00231312 -0.0468328 0.00120011 -0.0202286 -0.0429987 -0.00133181 0.019327 -0.0236867 0.0383872 0.127034 -0.0496118 0.120101 -0.123566 1.63771 -0.0848582 -0.487895 -0.173831 -0.61171 -0.105479 0.0847895 -0.726759 -1.36236 -0.0126115 -0.309777 -0.0930451 -0.0770496 
0.032059 0.0394753 -0.0298765 0.00231312 -0.0468328 0.00120011 -0.0202286 -0.0429987 -0.00133181 0.019327 -0.0236867 0.0383872 0.127032 -0.0496113 0.1201 -0.123566 1.63771 -0.0848582 -0.487895 -0.173831 -0.61171 -0.10548 0.0837121 -0.726758 -1.36236 -0.0123461 -0.309778 -0.0930474 -0.077107 
0.0320563 0.0394753 -0.0298765 0.00231312 -0.0468328 0.00120011 -0.020237 -0.0429987 -0.00133181 0.019327 -0.0236867 0.0383872 0.127032 -0.0496113 0.120101 -0.123567 1.63771 -0.0848572 -0.487895 -0.173831 -0.611711 -0.10548 0.0824056 -0.726759 -1.36236 -0.0121201 -0.309777 -0.0930451 -0.0772182 
0.0320537 0.0394753 -0.0298765 0.00231686 -0.0468328 0.00120011 -0.020237 -0.0429987 -0.00133181 0.019327 -0.0236867 0.0383872 0.127031 -0.0496113 0.1201 -0.123566 1.63771 -0.0848596 -0.487895 -0.173831 -0.611711 -0.105481 0.0811536 -0.726758 -1.36235 -0.0120013 -0.309778 -0.0930487 -0.0773033 
0.0320508 0.0394641 -0.0298765 0.00231686 -0.0468328 0.00120011 -0.0202425 -0.0429987 -0.00133181 0.019327 -0.0236867 0.0383872 0.127032 -0.0496113 0.1201 -0.123567 1.63771 -0.0848584 -0.487895 -0.173831 -0.61171 -0.105483 0.079803 -0.726759 -1.36235 -0.011898 -0.309777 -0.0930462 -0.0773762 
0.0320399 0.0394641 -0.0298765 0.00231686 -0.0468328 0.00120011 -0.0202451 -0.0429987 -0.00132918 0.019327 -0.0236867 0.0383872 0.127032 -0.0496113 0.1201 -0.123567 1.63771 -0.0848584 -0.487895 -0.173831 -0.611705 -0.105483 0.0782537 -0.726757 -1.36235 -0.0118194 -0.309777 -0.0930451 -0.077472 
0.0320258 0.0394641 -0.0298765 0.00231686 -0.0468328 0.00120011 -0.0202563 -0.0429987 -0.00132608 0.019327 -0.0236867 0.0383872 0.127034 -0.0496113 0.1201 -0.123567 1.63771 -0.0848572 -0.487895 -0.173831 -0.611702 -0.105484 0.0768249 -0.726757 -1.36234 -0.0118022 -0.309778 -0.0930474 -0.0776276 
0.0320175 0.0394696 -0.0298765 0.00231686 -0.0468328 0.00120011 -0.0202591 -0.0429987 -0.00132608 0.019327 -0.0236867 0.0383872 0.127032 -0.0496113 0.1201 -0.123566 1.63771 -0.0848584 -0.487895 -0.173831 -0.611701 -0.105484 0.0753498 -0.726756 -1.36234 -0.0118022 -0.309778 -0.0930487 -0.0777485 
0.032012 0.0394753 -0.0298765 0.00231686 -0.0468328 0.00120011 -0.0202591 -0.0429987 -0.00132918 0.019327 -0.0236867 0.0383872 0.127031 -0.0496113 0.1201 -0.123566 1.63771 -0.0848572 -0.487895 -0.173831 -0.611701 -0.105484 0.0737 -0.726755 -1.36234 -0.011801 -0.309777 -0.0930462 -0.0778933 
0.032012 0.0394779 -0.0298765 0.00231686 -0.0468341 0.00120244 -0.0202646 -0.0430098 -0.00132918 0.019327 -0.0236867 0.0383872 0.127031 -0.0496113 0.1201 -0.123566 1.63771 -0.0848582 -0.487895 -0.173831 -0.611702 -0.105484 0.07216 -0.726754 -1.36234 -0.0117998 -0.309778 -0.0930451 -0.0780189 
0.0320146 0.0394753 -0.0298765 0.00231312 -0.0468341 0.00120244 -0.0202758 -0.0429958 -0.00132608 0.019327 -0.0236867 0.0383872 0.127031 -0.0496113 0.1201 -0.123567 1.63771 -0.0848582 -0.487895 -0.17383 -0.611701 -0.105489 0.0704029 -0.726755 -1.36234 -0.0117937 -0.309778 -0.0930462 -0.0780991 
0.0320146 0.0394641 -0.0298765 0.00231312 -0.0468341 0.00120244 -0.0202758 -0.0429987 -0.00132608 0.019327 -0.0236867 0.0383872 0.127032 -0.0496113 0.1201 -0.123567 1.63771 -0.0848582 -0.487895 -0.173831 -0.6117 -0.105491 0.0687604 -0.726755 -1.36233 -0.0117773 -0.309778 -0.0930451 -0.0781804 
0.032012 0.0394615 -0.029871 0.00231312 -0.0468341 0.00120244 -0.0202758 -0.0430098 -0.00132084 0.019327 -0.0236867 0.0383872 0.127032 -0.0496113 0.1201 -0.123566 1.63771 -0.0848582 -0.487895 -0.173831 -0.611695 -0.105491 0.0670497 -0.726753 -1.36233 -0.0117669 -0.309778 -0.0930451 -0.0782594 
0.032012 0.0394585 -0.0298765 0.00231312 -0.0468341 0.00120244 -0.0202785 -0.0430042 -0.00132084 0.019327 -0.0236867 0.0383872 0.127032 -0.0496113 0.1201 -0.123566 1.63771 -0.0848584 -0.487895 -0.173831 -0.611692 -0.10549 0.0651062 -0.726738 -1.36233 -0.0117608 -0.309778 -0.0930462 -0.0783815 
0.0320036 0.0394641 -0.0298765 0.00231312 -0.0468341 0.00120244 -0.0202813 -0.0430069 -0.00132084 0.019327 -0.0236867 0.0383872 0.127032 -0.0496113 0.1201 -0.123566 1.63771 -0.0848584 -0.487895 -0.173832 -0.61169 -0.105491 0.0633831 -0.726736 -1.36233 -0.0117608 -0.309778 -0.0930462 -0.078603 
0.031987 0.0394641 -0.0298765 0.00231312 -0.0468341 0.00120244 -0.0202897 -0.0430069 -0.00132084 0.019327 -0.0236867 0.0383872 0.127031 -0.0496113 0.1201 -0.123567 1.63771 -0.0848582 -0.487895 -0.173832 -0.61169 -0.10549 0.0617287 -0.726732 -1.36233 -0.0117582 -0.309777 -0.0930462 -0.0789225 
0.0319676 0.0394696 -0.0298765 0.00231312 -0.0468341 0.00120244 -0.020298 -0.0429987 -0.00132084 0.019327 -0.0236867 0.0383872 0.127032 -0.0496113 0.1201 -0.123566 1.63771 -0.0848572 -0.487895 -0.173831 -0.611685 -0.105491 0.0598714 -0.726727 -1.36233 -0.0117582 -0.309777 -0.0930451 -0.0793844 
0.0319426 0.0394753 -0.0298765 0.00231312 -0.0468341 0.00120244 -0.020309 -0.0429987 -0.00132084 0.019327 -0.0236867 0.0383872 0.127032 -0.0496113 0.1201 -0.123566 1.63771 -0.0848582 -0.487895 -0.173831 -0.611682 -0.105494 0.0580459 -0.726725 -1.36233 -0.0117582 -0.309778 -0.0930451 -0.0798547 
0.0319233 0.0394779 -0.0298765 0.00231312 -0.0468341 0.00120244 -0.0203118 -0.0430042 -0.00131798 0.019327 -0.0236867 0.0383872 0.127032 -0.0496118 0.1201 -0.123566 1.63771 -0.0848584 -0.487895 -0.173831 -0.61168 -0.105498 0.0564113 -0.726719 -1.36233 -0.0117577 -0.309778 -0.0930462 -0.0802113 
0.0319066 0.0394837 -0.0298765 0.00231312 -0.0468354 0.00120492 -0.0203173 -0.0429987 -0.00131798 0.019327 -0.0236867 0.0383872 0.127032 -0.0496113 0.1201 -0.123567 1.63771 -0.0848584 -0.487895 -0.173831 -0.611676 -0.1055 0.0546596 -0.726705 -1.36232 -0.0117552 -0.309778 -0.0930451 -0.0804939 
0.0318954 0.0394837 -0.0298765 0.00231312 -0.0468341 0.00120244 -0.0203285 -0.0429987 -0.00131798 0.019327 -0.0236867 0.0383872 0.127032 -0.0496118 0.1201 -0.123567 1.63771 -0.0848572 -0.487895 -0.173831 -0.611673 -0.1055 0.0531213 -0.726674 -1.36232 -0.0117552 -0.309778 -0.0930451 -0.0806602 
0.0318899 0.0394837 -0.0298765 0.00231312 -0.0468354 0.00120492 -0.0203369 -0.0429987 -0.00131798 0.019327 -0.0236867 0.0383872 0.127031 -0.0496113 0.1201 -0.123566 1.63771 -0.0848582 -0.487895 -0.173831 -0.611668 -0.105499 0.0514402 -0.726614 -1.36232 -0.0117552 -0.309778 -0.0930451 -0.0808505 
0.0318871 0.039489 -0.029871 0.00231312 -0.046838 0.00120974 -0.0203478 -0.0430042 -0.00131512 0.019327 -0.0236867 0.0383872 0.127032 -0.0496118 0.1201 -0.123567 1.63771 -0.0848582 -0.487895 -0.17383 -0.611663 -0.1055 0.0500579 -0.726537 -1.36232 -0.0117565 -0.309778 -0.0930462 -0.0810431 
0.0318761 0.0394948 -0.0298765 0.00231312 -0.046838 0.00120974 -0.020359 -0.0430069 -0.00131249 0.019327 -0.0236867 0.0383872 0.127032 -0.0496113 0.1201 -0.123566 1.63771 -0.0848582 -0.487895 -0.173831 -0.611657 -0.105499 0.0487964 -0.726433 -1.36232 -0.0117552 -0.309778 -0.0930474 -0.0812669 
0.0318675 0.0395031 -0.0298765 0.00231312 -0.0468432 0.00121936 -0.0203674 -0.0429958 -0.00131249 0.019327 -0.0236867 0.0383872 0.127032 -0.0496118 0.1201 -0.123567 1.63771 -0.0848596 -0.487895 -0.173831 -0.611649 -0.105503 0.0475414 -0.726315 -1.36232 -0.0117552 -0.309778 -0.0930487 -0.0816631 
0.0318511 0.0395031 -0.0298765 0.00231312 -0.0468445 0.00121697 -0.0203812 -0.0429958 -0.00131249 0.019327 -0.0236867 0.0383872 0.127032 -0.0496113 0.120098 -0.123567 1.63771 -0.0848582 -0.487895 -0.173831 -0.61164 -0.105516 0.0465384 -0.726187 -1.36232 -0.0117552 -0.309778 -0.0930487 -0.0819778 
0.0318427 0.0395142 -0.029871 0.00231312 -0.0468445 0.00121697 -0.0203979 -0.0429847 -0.00130701 0.019327 -0.0236867 0.0383872 0.127032 -0.0496118 0.120098 -0.123566 1.63771 -0.0848582 -0.487895 -0.17383 -0.611632 -0.105529 0.0455773 -0.726061 -1.36232 -0.0117552 -0.309778 -0.0930511 -0.0822842 
0.0318315 0.0395253 -0.0298765 0.00231312 -0.0468458 0.00121457 -0.0204282 -0.0429847 -0.00130129 0.019327 -0.0236867 0.0383872 0.127031 -0.0496113 0.120098 -0.123566 1.63771 -0.0848596 -0.487895 -0.173832 -0.61161 -0.105533 0.0445614 -0.725885 -1.36232 -0.0117552 -0.309778 -0.0930511 -0.0824984 
0.0318315 0.039528 -0.029871 0.00231312 -0.0468458 0.00121457 -0.0204673 -0.0429847 -0.00130129 0.019327 -0.0236867 0.0383872 0.127031 -0.0496118 0.1201 -0.123566 1.63771 -0.0848584 -0.487895 -0.173832 -0.611551 -0.105532 0.04375 -0.725664 -1.36232 -0.0117565 -0.309778 -0.0930451 -0.0826696 
0.0318205 0.039528 -0.029871 0.00231312 -0.0468483 0.00120016 -0.0204921 -0.0429847 -0.00130129 0.0193232 -0.0236867 0.0383872 0.127031 -0.0496118 0.120098 -0.123566 1.63771 -0.0848584 -0.487895 -0.173831 -0.611459 -0.105532 0.043031 -0.725369 -1.36232 -0.0117565 -0.309778 -0.0930487 -0.0828287 
0.0318041 0.0395364 -0.029871 0.00231312 -0.0468483 0.00120016 -0.02052 -0.0429847 -0.00129867 0.0193232 -0.0236867 0.0383872 0.127031 -0.0496113 0.120098 -0.123566 1.63771 -0.0848584 -0.487895 -0.173831 -0.611418 -0.105532 0.0423243 -0.724952 -1.36232 -0.0117565 -0.309779 -0.0930462 -0.0829197 
0.0317845 0.0395364 -0.029871 0.00231312 -0.046847 0.00119295 -0.0205338 -0.0429847 -0.00129867 0.0193232 -0.0236867 0.0383872 0.127031 -0.0496125 0.120098 -0.123567 1.63771 -0.0848596 -0.487895 -0.173832 -0.611382 -0.105532 0.0418372 -0.724438 -1.36232 -0.0117565 -0.309778 -0.0930487 -0.0830094 
0.0317566 0.0395474 -0.029871 0.00231312 -0.0468445 0.00118813 -0.0205505 -0.0429847 -0.00129008 0.0193232 -0.0236867 0.0383872 0.127032 -0.0496113 0.120098 -0.123567 1.63771 -0.0848584 -0.487895 -0.173831 -0.611352 -0.105532 0.0414495 -0.723706 -1.36232 -0.0117565 -0.309779 -0.0930487 -0.0830705 
0.0317512 0.0395418 -0.029871 0.00231312 -0.0468445 0.00118813 -0.020556 -0.042982 -0.00129008 0.0193232 -0.0236867 0.0383872 0.127031 -0.0496118 0.1201 -0.123566 1.63771 -0.0848584 -0.487895 -0.173831 -0.611349 -0.105533 0.0411909 -0.723001 -1.36232 -0.0117565 -0.309779 -0.0930511 -0.0831124 
0.0317428 0.0395418 -0.0298765 0.00231312 -0.0468445 0.00118813 -0.0205669 -0.0429792 -0.00128746 0.0193232 -0.0236867 0.0383872 0.127031 -0.0496125 0.120098 -0.123566 1.63771 -0.0848584 -0.487895 -0.173831 -0.611342 -0.105535 0.0410132 -0.722302 -1.36232 -0.0117571 -0.309778 -0.0930487 -0.0831674 
0.0317261 0.0395418 -0.0298765 0.00231312 -0.0468445 0.00118813 -0.0205865 -0.042982 -0.00128174 0.0193232 -0.0236867 0.0383872 0.127031 -0.0496125 0.120098 -0.123566 1.63771 -0.0848606 -0.487895 -0.173832 -0.611327 -0.105536 0.0409236 -0.721437 -1.36232 -0.0117577 -0.309779 -0.0930511 -0.0832596 
0.0317068 0.0395502 -0.0298765 0.00231312 -0.0468431 0.00118565 -0.0206113 -0.0429765 -0.00127912 0.0193232 -0.0236867 0.0383872 0.127031 -0.0496118 0.1201 -0.123567 1.63771 -0.0848582 -0.487895 -0.173831 -0.611312 -0.105535 0.0409362 -0.720537 -1.36232 -0.0117565 -0.30978 -0.0930462 -0.0833553 
0.0316901 0.0395502 -0.0298765 0.00231312 -0.0468431 0.00117611 -0.0206418 -0.0429765 -0.00127912 0.0193232 -0.0236867 0.0383872 0.127031 -0.0496118 0.120097 -0.123567 1.63771 -0.0848584 -0.487895 -0.173831 -0.611303 -0.105536 0.0409412 -0.719588 -1.36232 -0.0117582 -0.309779 -0.0930451 -0.0834187 
0.0316792 0.0395502 -0.0298765 0.00231312 -0.0468431 0.00117611 -0.0206642 -0.0429765 -0.00127912 0.0193158 -0.0236867 0.0383872 0.127031 -0.0496125 0.120098 -0.123566 1.63771 -0.0848584 -0.487895 -0.173831 -0.611292 -0.105537 0.040946 -0.718515 -1.36232 -0.0117582 -0.309778 -0.0930511 -0.0834642 
0.0316596 0.0395558 -0.0298765 0.00231686 -0.0468406 0.0011713 -0.0206809 -0.0429765 -0.00127912 0.0193158 -0.0236867 0.0383872 0.127032 -0.0496137 0.120098 -0.123566 1.63771 -0.0848596 -0.487895 -0.173831 -0.61127 -0.105535 0.0409451 -0.717498 -1.36232 -0.0117582 -0.309778 -0.0930487 -0.0835803 
0.0316262 0.0395613 -0.0298765 0.00231312 -0.0468393 0.00116889 -0.0207169 -0.0429709 -0.00127912 0.0193158 -0.0236893 0.0383825 0.127031 -0.0496113 0.120098 -0.123567 1.63771 -0.0848584 -0.487895 -0.173831 -0.611227 -0.105536 0.040946 -0.716182 -1.36232 -0.0117577 -0.309779 -0.0930462 -0.0837933 
0.0316069 0.0395613 -0.0298765 0.00231312 -0.0468393 0.00116889 -0.0207751 -0.0429709 -0.00127649 0.0193158 -0.0236893 0.0383825 0.127031 -0.0496118 0.120098 -0.123565 1.63771 -0.0848584 -0.487895 -0.173831 -0.611191 -0.105536 0.0409443 -0.714951 -1.36232 -0.0117582 -0.309779 -0.0930462 -0.0839884 
0.0315819 0.039564 -0.0298765 0.00231312 -0.0468393 0.00116889 -0.0208168 -0.0429709 -0.00127339 0.0193158 -0.0236893 0.0383825 0.127031 -0.0496125 0.120097 -0.123566 1.63771 -0.0848584 -0.487895 -0.173831 -0.611165 -0.105542 0.0409424 -0.713725 -1.36232 -0.0117582 -0.309778 -0.0930474 -0.08412 
0.0315459 0.039578 -0.0298765 0.00231312 -0.0468393 0.00116889 -0.0208557 -0.0429654 -0.00126791 0.0193158 -0.0236893 0.0383825 0.127032 -0.0496125 0.120098 -0.123567 1.63771 -0.0848584 -0.487895 -0.173832 -0.611126 -0.105543 0.0409412 -0.712149 -1.36232 -0.0117582 -0.309779 -0.0930462 -0.0842912 
0.0315154 0.0395862 -0.0298765 0.00231312 -0.046838 0.00116649 -0.0208972 -0.0429571 -0.00126791 0.0193158 -0.0236893 0.0383825 0.127031 -0.0496125 0.120098 -0.123566 1.63771 -0.0848582 -0.487895 -0.173831 -0.611069 -0.105544 0.0409436 -0.710693 -1.36232 -0.0117582 -0.30978 -0.0930511 -0.0844432 
0.0314848 0.0395862 -0.0298765 0.00231312 -0.046838 0.00116649 -0.0209556 -0.0429571 -0.00126791 0.0193158 -0.0236893 0.0383825 0.127031 -0.0496125 0.120097 -0.123566 1.63771 -0.0848584 -0.487895 -0.173831 -0.611008 -0.105549 0.0409436 -0.709321 -1.36232 -0.0117582 -0.309778 -0.0930487 -0.0845425 
0.0314517 0.0395918 -0.0298765 0.00231312 -0.046838 0.00116649 -0.0210111 -0.0429571 -0.00126529 0.0193158 -0.0236893 0.0383825 0.127031 -0.0496118 0.120098 -0.123566 1.63771 -0.0848606 -0.487895 -0.173832 -0.610929 -0.105555 0.0409436 -0.707607 -1.36232 -0.0117582 -0.309779 -0.0930474 -0.0847412 
0.0314155 0.0396056 -0.0298765 0.00231312 -0.046838 0.00116649 -0.0210555 -0.0429432 -0.00126243 0.0193158 -0.0236893 0.0383825 0.127031 -0.0496113 0.120097 -0.123566 1.63771 -0.0848584 -0.487895 -0.173831 -0.610845 -0.105555 0.0409491 -0.706069 -1.36232 -0.0117582 -0.309779 -0.0930462 -0.0849099 
0.0313878 0.0396194 -0.0298765 0.00231312 -0.046838 0.00116649 -0.0211082 -0.0429376 -0.00126243 0.0193158 -0.0236893 0.0383825 0.127031 -0.0496125 0.120097 -0.123566 1.63771 -0.0848584 -0.487895 -0.173831 -0.610728 -0.10556 0.0409472 -0.704358 -1.36232 -0.0117582 -0.309778 -0.0930487 -0.0850452 
0.0313628 0.0396194 -0.0298765 0.00231312 -0.046838 0.00116649 -0.0211468 -0.0429293 -0.00126243 0.0193158 -0.0236893 0.0383825 0.127031 -0.0496125 0.120097 -0.123566 1.63771 -0.0848584 -0.487895 -0.173832 -0.610581 -0.105563 0.0409472 -0.702783 -1.36232 -0.0117582 -0.309778 -0.0930487 -0.0851241 
0.0313323 0.0396194 -0.0298765 0.00231312 -0.046838 0.00116649 -0.0211914 -0.0429265 -0.00125957 0.0193158 -0.0236893 0.0383825 0.127032 -0.0496125 0.120097 -0.123566 1.63771 -0.0848584 -0.487895 -0.173831 -0.610378 -0.105562 0.0409472 -0.701249 -1.36232 -0.0117595 -0.309778 -0.0930451 -0.0852247 
0.0312989 0.0396334 -0.0298765 0.00231312 -0.0468367 0.00116408 -0.0212386 -0.0429155 -0.00125957 0.0193158 -0.0236893 0.0383825 0.127031 -0.0496125 0.120097 -0.123566 1.63771 -0.0848584 -0.487895 -0.173831 -0.610043 -0.105569 0.0409491 -0.699464 -1.36232 -0.0117595 -0.309778 -0.0930451 -0.085336 
0.0312712 0.0396389 -0.0298765 0.00231312 -0.0468341 0.00115926 -0.0212913 -0.0429127 -0.00125957 0.0193158 -0.0236893 0.0383825 0.127031 -0.0496118 0.120097 -0.123566 1.63771 -0.0848606 -0.487895 -0.173831 -0.609634 -0.105569 0.0409491 -0.697914 -1.36232 -0.0117601 -0.309778 -0.0930462 -0.0853695 
0.0312545 0.0396389 -0.0298765 0.00231312 -0.0468341 0.00115926 -0.0213411 -0.0429044 -0.00125957 0.0193158 -0.0236893 0.0383825 0.127031 -0.0496125 0.120097 -0.123567 1.63771 -0.0848584 -0.487895 -0.173832 -0.609036 -0.105571 0.040952 -0.69613 -1.36232 -0.0117619 -0.309778 -0.0930462 -0.0853862 
0.0312297 0.0396389 -0.0298765 0.00231312 -0.0468341 0.00115926 -0.0213687 -0.0428933 -0.00125957 0.0193158 -0.0236893 0.0383825 0.127031 -0.0496125 0.120097 -0.123566 1.63771 -0.0848584 -0.487895 -0.173831 -0.608354 -0.105571 0.040962 -0.694573 -1.36232 -0.0117632 -0.309778 -0.0930474 -0.0853922 
0.0312212 0.0396445 -0.0298793 0.00231312 -0.0468341 0.00115926 -0.0213938 -0.0428933 -0.00125408 0.0193158 -0.0236893 0.0383825 0.127031 -0.0496137 0.120097 -0.123566 1.63771 -0.0848584 -0.487895 -0.173832 -0.607413 -0.105572 0.0409694 -0.692825 -1.36232 -0.0117638 -0.309778 -0.0930474 -0.0853946 
0.0312159 0.0396529 -0.0298765 0.00231312 -0.0468341 0.00115926 -0.0214047 -0.0428877 -0.00125408 0.0193158 -0.0236893 0.0383825 0.127031 -0.0496125 0.120095 -0.123566 1.63771 -0.0848584 -0.487895 -0.17383 -0.606424 -0.105572 0.0409727 -0.691231 -1.36232 -0.0117662 -0.309778 -0.0930474 -0.0853946 
0.0312102 0.0396529 -0.0298765 0.00231312 -0.0468341 0.00115926 -0.0214131 -0.0428877 -0.00125122 0.0193158 -0.0236893 0.0383825 0.127031 -0.0496118 0.120097 -0.123566 1.63771 -0.0848584 -0.487895 -0.173831 -0.605276 -0.105577 0.0409727 -0.689715 -1.36231 -0.0117669 -0.309778 -0.0930451 -0.0853958 
0.0312047 0.0396472 -0.0298765 0.00231312 -0.0468341 0.00115926 -0.0214217 -0.0428905 -0.00125122 0.0193158 -0.0236893 0.0383825 0.127031 -0.0496137 0.120095 -0.123566 1.63771 -0.0848584 -0.487895 -0.173831 -0.603781 -0.105599 0.0409706 -0.687953 -1.36231 -0.0117669 -0.309778 -0.0930462 -0.0854089 
0.0312047 0.0396472 -0.0298765 0.00231312 -0.0468341 0.00115926 -0.0214272 -0.0428933 -0.0012486 0.0193158 -0.0236893 0.0383825 0.127031 -0.0496118 0.120095 -0.123566 1.63771 -0.0848584 -0.487895 -0.173831 -0.602324 -0.105612 0.0409706 -0.686484 -1.36231 -0.0117669 -0.309778 -0.0930451 -0.0854329 
0.0312047 0.0396472 -0.0298765 0.00231312 -0.0468341 0.00115926 -0.0214353 -0.0428933 -0.00124025 0.0193158 -0.0236893 0.0383825 0.127031 -0.0496118 0.120097 -0.123566 1.63771 -0.0848596 -0.487895 -0.173831 -0.60049 -0.105654 0.0409667 -0.684854 -1.36231 -0.0117669 -0.309778 -0.0930451 -0.0854903 
0.0312047 0.0396334 -0.0298765 0.00231312 -0.0468341 0.00115926 -0.0214438 -0.0428988 -0.00124025 0.0193158 -0.0236893 0.0383825 0.127031 -0.0496137 0.120095 -0.123565 1.63771 -0.0848584 -0.487895 -0.173831 -0.598484 -0.10569 0.0409675 -0.683207 -1.36231 -0.0117669 -0.309778 -0.0930451 -0.0856423 
0.0312047 0.0396334 -0.029871 0.00231312 -0.0468341 0.00115926 -0.0214438 -0.0428988 -0.00123739 0.0193158 -0.0236893 0.0383825 0.127032 -0.0496125 0.120095 -0.123566 1.63771 -0.0848584 -0.487894 -0.173831 -0.596475 -0.105709 0.0409679 -0.681846 -1.36231 -0.011768 -0.309778 -0.0930451 -0.0858542 
0.0312047 0.0396334 -0.0298765 0.00231312 -0.0468341 0.00115926 -0.0214438 -0.0429044 -0.00123739 0.019312 -0.0236893 0.0383825 0.127032 -0.0496125 0.120095 -0.123566 1.63771 -0.0848584 -0.487895 -0.17383 -0.593967 -0.105735 0.0409679 -0.680344 -1.36231 -0.011768 -0.309778 -0.0930462 -0.0860828 
0.0312159 0.0396334 -0.0298765 0.00231312 -0.0468341 0.00115926 -0.0214438 -0.0429044 -0.00123739 0.019312 -0.0236893 0.0383825 0.127031 -0.0496118 0.120095 -0.123567 1.63771 -0.0848584 -0.487895 -0.173831 -0.591501 -0.105741 0.0409698 -0.679175 -1.36231 -0.0117693 -0.309778 -0.0930474 -0.0863807 
0.0312185 0.0396308 -0.0298765 0.00231312 -0.0468341 0.00115926 -0.0214438 -0.0429071 -0.00123739 0.019312 -0.0236893 0.0383825 0.127031 -0.0496125 0.120094 -0.123566 1.63771 -0.0848582 -0.487895 -0.173831 -0.588718 -0.10575 0.0409698 -0.678206 -1.36231 -0.0117693 -0.309777 -0.0930474 -0.0867182 
0.031224 0.0396308 -0.0298765 0.00231312 -0.0468341 0.00115926 -0.021441 -0.0429127 -0.00123477 0.019312 -0.0236893 0.0383825 0.127031 -0.0496118 0.120094 -0.123566 1.63771 -0.0848584 -0.487895 -0.173831 -0.585187 -0.105763 0.0409675 -0.677238 -1.36231 -0.0117693 -0.309777 -0.0930451 -0.0871958 
0.0312297 0.039625 -0.029871 0.00231312 -0.0468341 0.00115926 -0.0214353 -0.0429155 -0.00122905 0.019312 -0.0236893 0.0383825 0.127031 -0.0496125 0.120095 -0.123566 1.63771 -0.0848584 -0.487895 -0.173831 -0.581774 -0.105767 0.0409679 -0.676568 -1.36231 -0.0117717 -0.309778 -0.0930451 -0.0875775 
0.0312433 0.0396278 -0.029871 0.00231312 -0.0468341 0.00115926 -0.02143 -0.042932 -0.00122905 0.019312 -0.0236893 0.0383825 0.127031 -0.0496118 0.120095 -0.123566 1.63771 -0.0848584 -0.487895 -0.173832 -0.578088 -0.105805 0.0409675 -0.676137 -1.36231 -0.0117723 -0.309774 -0.0930474 -0.087891 
0.0312545 0.039625 -0.0298765 0.00231312 -0.0468341 0.00115926 -0.02143 -0.0429376 -0.00122905 0.019312 -0.0236893 0.0383825 0.127031 -0.0496118 0.120095 -0.123566 1.63771 -0.0848584 -0.487895 -0.173831 -0.573641 -0.105853 0.040962 -0.675853 -1.36231 -0.0117717 -0.309774 -0.0930451 -0.0883075 
0.0312545 0.0396167 -0.0298765 0.00231312 -0.0468341 0.00115926 -0.0214326 -0.0429376 -0.00122905 0.019312 -0.0236893 0.0383825 0.127032 -0.0496118 0.120094 -0.123566 1.63771 -0.0848584 -0.487895 -0.173831 -0.569503 -0.105858 0.040962 -0.675784 -1.36231 -0.0117717 -0.309774 -0.0930451 -0.0887874 
0.0312462 0.0396167 -0.029871 0.00231312 -0.0468341 0.00115926 -0.0214353 -0.042932 -0.00122643 0.019312 -0.0236893 0.0383825 0.127031 -0.0496125 0.120094 -0.123565 1.63771 -0.0848596 -0.487895 -0.173831 -0.564672 -0.105861 0.0409651 -0.675813 -1.36231 -0.0117717 -0.309774 -0.0930426 -0.0892888 
0.0312407 0.0396167 -0.0298765 0.00231312 -0.0468341 0.00115926 -0.021441 -0.0429293 -0.00122643 0.019312 -0.0236893 0.0383825 0.127031 -0.0496125 0.120094 -0.123566 1.63771 -0.0848606 -0.487895 -0.173831 -0.560225 -0.105861 0.0409646 -0.675819 -1.36231 -0.0117723 -0.309775 -0.0930451 -0.0896228 
0.0312545 0.0396167 -0.029871 0.00231312 -0.0468341 0.00115926 -0.0214217 -0.0429293 -0.00122643 0.019312 -0.0236893 0.0383825 0.127031 -0.0496113 0.120094 -0.123566 1.63771 -0.0848584 -0.487895 -0.173831 -0.555626 -0.105861 0.0409646 -0.675833 -1.36231 -0.0117736 -0.309776 -0.0930451 -0.0898681 
0.0312879 0.0396167 -0.0298765 0.00231312 -0.0468341 0.00115926 -0.0213909 -0.042932 -0.00122643 0.019312 -0.0236893 0.0383825 0.127031 -0.0496125 0.120093 -0.123566 1.63771 -0.0848582 -0.487895 -0.173831 -0.550371 -0.105863 0.0409646 -0.675836 -1.36231 -0.0117748 -0.309775 -0.0930451 -0.0901554 
0.0313461 0.0396167 -0.0298765 0.00231312 -0.0468341 0.00115926 -0.0213661 -0.0429376 -0.00122643 0.019312 -0.0236893 0.0383825 0.127031 -0.0496118 0.120094 -0.123566 1.63771 -0.0848584 -0.487895 -0.173831 -0.545574 -0.105861 0.0409667 -0.675852 -1.36231 -0.0117767 -0.309774 -0.0930426 -0.0904509 
0.0313766 0.0396056 -0.0298765 0.00231312 -0.0468341 0.00115926 -0.0213633 -0.042946 -0.00122643 0.019312 -0.0236893 0.0383825 0.127032 -0.0496118 0.120093 -0.123567 1.63771 -0.0848572 -0.487895 -0.173831 -0.54069 -0.105861 0.0409667 -0.675848 -1.36231 -0.0117767 -0.309774 -0.0930426 -0.0908411 
0.0313766 0.039578 -0.0298765 0.00231312 -0.0468341 0.00115926 -0.0213549 -0.0429571 -0.00122356 0.019312 -0.0236893 0.0383825 0.127032 -0.0496137 0.120093 -0.123566 1.63771 -0.0848584 -0.487895 -0.173831 -0.535264 -0.105868 0.0409594 -0.675849 -1.36231 -0.0117773 -0.309773 -0.0930451 -0.0912946 
0.0313849 0.0395751 -0.0298765 0.00231312 -0.0468341 0.00115926 -0.0213549 -0.0429571 -0.00121522 0.019312 -0.0236893 0.0383825 0.127031 -0.0496125 0.120093 -0.123567 1.63771 -0.0848606 -0.487895 -0.173831 -0.530463 -0.105869 0.0409498 -0.675851 -1.36231 -0.0117743 -0.309773 -0.0930451 -0.0915782 
0.0313849 0.0395724 -0.0298765 0.00231312 -0.0468341 0.00115926 -0.0213523 -0.0429571 -0.00121522 0.019312 -0.0236893 0.0383825 0.127031 -0.0496113 0.120094 -0.123565 1.63771 -0.0848606 -0.487895 -0.173831 -0.525137 -0.105871 0.0409265 -0.675878 -1.36231 -0.0117743 -0.309773 -0.0930451 -0.0918069 
0.0314043 0.0395751 -0.0298765 0.00231312 -0.0468341 0.00115926 -0.0213411 -0.0429571 -0.0012207 0.019312 -0.0236893 0.0383825 0.127031 -0.0496113 0.120094 -0.123565 1.63771 -0.0848596 -0.487895 -0.173831 -0.520468 -0.105873 0.0409303 -0.675912 -1.36231 -0.0117748 -0.309773 -0.0930426 -0.0919876 
0.0314376 0.0395807 -0.0298765 0.00231312 -0.0468341 0.00115926 -0.0213218 -0.0429571 -0.00122356 0.019312 -0.0236893 0.0383825 0.127031 -0.0496113 0.120094 -0.123565 1.63771 -0.0848596 -0.487895 -0.173832 -0.515849 -0.105873 0.0409362 -0.675954 -1.36231 -0.0117767 -0.309772 -0.0930451 -0.0921683 
0.0314708 0.0395862 -0.0298765 0.00231312 -0.0468341 0.00115926 -0.0213051 -0.0429626 -0.0012207 0.019312 -0.0236893 0.0383825 0.127031 -0.0496113 0.120094 -0.123568 1.63771 -0.0848572 -0.487895 -0.173831 -0.510703 -0.105868 0.0409498 -0.67597 -1.36231 -0.0117767 -0.30977 -0.0930451 -0.0924232 
0.0314848 0.0395669 -0.0298765 0.00231312 -0.0468354 0.00117128 -0.0212967 -0.0429654 -0.0012207 0.019312 -0.0236893 0.0383825 0.127032 -0.0496125 0.120093 -0.123567 1.63771 -0.0848565 -0.487895 -0.17383 -0.506233 -0.105868 0.040946 -0.675974 -1.36231 -0.0117754 -0.309769 -0.0930426 -0.0926338 
0.0315044 0.0395613 -0.0298765 0.00231312 -0.0468367 0.0011785 -0.0212829 -0.0429682 -0.00121522 0.019312 -0.0236893 0.0383825 0.127032 -0.0496125 0.120094 -0.123567 1.63771 -0.0848582 -0.487895 -0.173831 -0.501346 -0.105869 0.0409424 -0.675982 -1.36231 -0.0117743 -0.309768 -0.0930426 -0.0928385 
0.0315237 0.0395418 -0.0298765 0.00231312 -0.0468367 0.00118811 -0.0212717 -0.0429682 -0.00121522 0.019312 -0.0236893 0.0383825 0.127031 -0.0496113 0.120093 -0.123566 1.63771 -0.0848584 -0.487895 -0.173831 -0.497087 -0.105868 0.0409296 -0.676023 -1.36231 -0.0117748 -0.309769 -0.0930451 -0.09289 
0.0315459 0.0395391 -0.0298765 0.00231312 -0.0468341 0.0011929 -0.0212691 -0.0429765 -0.00121522 0.019312 -0.0236893 0.0383825 0.127031 -0.0496113 0.120093 -0.123566 1.63771 -0.0848596 -0.487895 -0.173831 -0.492946 -0.105871 0.0409303 -0.67613 -1.36231 -0.0117748 -0.309768 -0.0930451 -0.0929653 
0.0315819 0.0395391 -0.0298765 0.00231312 -0.0468328 0.0011953 -0.0212579 -0.0429682 -0.0012207 0.019312 -0.0236893 0.0383825 0.127031 -0.0496113 0.120094 -0.123566 1.63771 -0.0848584 -0.487895 -0.173831 -0.488342 -0.10587 0.040935 -0.676268 -1.36231 -0.0117754 -0.309768 -0.0930426 -0.0930862 
0.0316126 0.0395418 -0.0298765 0.00231312 -0.0468354 0.00120004 -0.0212524 -0.0429709 -0.0012207 0.019312 -0.0236893 0.0383825 0.127031 -0.0496113 0.120093 -0.123566 1.63771 -0.0848582 -0.487895 -0.173832 -0.484343 -0.105869 0.0409443 -0.676397 -1.36231 -0.0117784 -0.309767 -0.0930414 -0.0932119 
0.0316348 0.0395418 -0.0298765 0.00231312 -0.0468302 0.00120963 -0.0212495 -0.042982 -0.00121522 0.019312 -0.0236893 0.0383825 0.127031 -0.0496113 0.120093 -0.123566 1.63771 -0.0848584 -0.487895 -0.173831 -0.479875 -0.105868 0.0409498 -0.676536 -1.36231 -0.0117784 -0.309767 -0.0930402 -0.0933567 
0.0316401 0.0395364 -0.0298765 0.00231312 -0.0468315 0.00121212 -0.0212438 -0.042982 -0.00121522 0.0193158 -0.0236867 0.0383872 0.127031 -0.0496113 0.120094 -0.123566 1.63771 -0.0848582 -0.487895 -0.173831 -0.475981 -0.105868 0.0409436 -0.676583 -1.36231 -0.0117778 -0.309767 -0.0930402 -0.0934752 
0.0316458 0.0395169 -0.0298765 0.00231312 -0.0468315 0.00121212 -0.0212386 -0.0429847 -0.00121522 0.0193158 -0.0236867 0.0383872 0.127031 -0.0496113 0.120093 -0.123566 1.63771 -0.0848584 -0.487895 -0.173831 -0.472252 -0.105869 0.0409451 -0.676628 -1.36231 -0.0117773 -0.309767 -0.0930402 -0.0935039 
0.0316596 0.0394975 -0.0298765 0.00231312 -0.0468315 0.00121212 -0.02123 -0.0429847 -0.00121522 0.0193158 -0.0236867 0.0383872 0.127031 -0.0496113 0.120094 -0.123565 1.63771 -0.0848584 -0.487895 -0.173831 -0.468108 -0.105868 0.0409436 -0.676666 -1.36231 -0.0117778 -0.309767 -0.0930378 -0.0935039 
0.0316596 0.0394837 -0.0298765 0.00231312 -0.0468315 0.00121212 -0.0212247 -0.042982 -0.00121522 0.0193158 -0.0236867 0.0383872 0.127031 -0.0496113 0.120093 -0.123566 1.63771 -0.0848584 -0.487895 -0.173831 -0.464444 -0.105869 0.0409436 -0.676666 -1.36231 -0.0117784 -0.309767 -0.0930378 -0.0935014 
0.0316734 0.0394779 -0.0298765 0.00231312 -0.0468315 0.00121212 -0.0212107 -0.0429847 -0.00121522 0.0193158 -0.0236867 0.0383872 0.127031 -0.0496113 0.120093 -0.123566 1.63771 -0.0848584 -0.487895 -0.173831 -0.460823 -0.105869 0.040946 -0.676669 -1.36231 -0.0117784 -0.309767 -0.0930402 -0.0935014 
0.0316985 0.0394753 -0.029871 0.00231312 -0.0468315 0.00121212 -0.0211995 -0.0429847 -0.00121522 0.0193158 -0.0236867 0.0383872 0.127031 -0.0496113 0.120094 -0.123566 1.63771 -0.0848584 -0.487894 -0.173831 -0.456734 -0.105868 0.040946 -0.676688 -1.36231 -0.0117784 -0.309767 -0.0930402 -0.093511 
0.0317206 0.0394753 -0.029871 0.00231312 -0.0468315 0.00121212 -0.0211995 -0.0429847 -0.00121522 0.0193158 -0.0236867 0.0383872 0.127031 -0.0496113 0.120094 -0.123566 1.63771 -0.0848584 -0.487895 -0.173832 -0.453107 -0.105869 0.0409451 -0.676708 -1.36231 -0.0117784 -0.309767 -0.0930367 -0.0935374 
0.0317261 0.0394504 -0.029871 0.00231312 -0.0468315 0.00121212 -0.021194 -0.0429847 -0.00121522 0.0193158 -0.0236867 0.0383872 0.127031 -0.0496113 0.120093 -0.123566 1.63771 -0.0848582 -0.487895 -0.173831 -0.449429 -0.105869 0.0409451 -0.676708 -1.36231 -0.0117784 -0.309767 -0.0930378 -0.0936104 
0.0317178 0.0394504 -0.029871 0.00231312 -0.0468315 0.00121212 -0.0211914 -0.0429765 -0.00121522 0.0193158 -0.0236867 0.0383872 0.127032 -0.0496113 0.120094 -0.123566 1.63771 -0.0848584 -0.487895 -0.173831 -0.445306 -0.10587 0.0409436 -0.676708 -1.36231 -0.0117784 -0.309766 -0.0930367 -0.0936618 
0.0317152 0.0394504 -0.029871 0.00231312 -0.0468302 0.00120963 -0.0211914 -0.0429765 -0.00121522 0.0193158 -0.0236867 0.0383872 0.127032 -0.0496113 0.120093 -0.123566 1.63771 -0.0848582 -0.487895 -0.173831 -0.441714 -0.105869 0.040946 -0.676701 -1.36231 -0.0117784 -0.309766 -0.0930378 -0.093681 
0.0316985 0.0394558 -0.0298765 0.00231312 -0.0468302 0.00120963 -0.0211914 -0.0429792 -0.00121522 0.0193158 -0.0236867 0.0383872 0.127031 -0.0496113 0.120093 -0.123566 1.63771 -0.0848596 -0.487895 -0.173832 -0.437609 -0.105868 0.0409472 -0.676693 -1.36231 -0.0117784 -0.309766 -0.0930378 -0.0936953 
0.0316846 0.0394696 -0.029871 0.00231312 -0.0468302 0.00120963 -0.0211914 -0.0429792 -0.00121522 0.0193158 -0.0236867 0.0383872 0.127031 -0.0496113 0.120093 -0.123566 1.63771 -0.0848584 -0.487895 -0.173831 -0.433434 -0.105867 0.0409465 -0.676693 -1.36231 -0.0117784 -0.309766 -0.0930378 -0.0937516 
0.0316846 0.0394641 -0.029871 0.00231312 -0.0468302 0.00120963 -0.0211914 -0.0429792 -0.00121522 0.0193158 -0.0236867 0.0383872 0.127031 -0.0496113 0.120093 -0.123566 1.63771 -0.0848584 -0.487895 -0.173831 -0.429687 -0.105868 0.0409498 -0.676694 -1.36231 -0.0117784 -0.309766 -0.0930367 -0.0938318 
0.0316846 0.0394753 -0.029871 0.00231312 -0.0468315 0.00121212 -0.0211914 -0.0429709 -0.00121522 0.0193158 -0.0236867 0.0383872 0.127031 -0.0496113 0.120093 -0.123566 1.63771 -0.0848584 -0.487895 -0.173831 -0.425346 -0.105868 0.040951 -0.676692 -1.36231 -0.0117784 -0.309766 -0.0930355 -0.0939384 
0.0316763 0.0394753 -0.0298655 0.00231312 -0.0468367 0.00121213 -0.0211914 -0.0429709 -0.00121522 0.0193158 -0.0236867 0.0383872 0.127031 -0.0496113 0.120092 -0.123566 1.63771 -0.0848584 -0.487895 -0.173832 -0.421355 -0.105868 0.040952 -0.676671 -1.36231 -0.0117784 -0.309765 -0.0930355 -0.0940927 
0.0316513 0.0394753 -0.0298684 0.00231312 -0.0468393 0.00121695 -0.0211968 -0.0429847 -0.00121522 0.0193158 -0.0236867 0.0383872 0.127032 -0.0496118 0.120093 -0.123567 1.63771 -0.0848584 -0.487895 -0.173831 -0.417275 -0.105868 0.0409498 -0.676632 -1.3623 -0.0117778 -0.309764 -0.0930343 -0.0942374 
0.0316126 0.0394753 -0.0298684 0.00231312 -0.0468393 0.00121695 -0.0211995 -0.0429654 -0.00121522 0.0193158 -0.0236867 0.0383872 0.127031 -0.0496113 0.120093 -0.123566 1.63771 -0.0848584 -0.487895 -0.173831 -0.412627 -0.105869 0.0409465 -0.676635 -1.3623 -0.0117778 -0.309764 -0.0930343 -0.0943213 
0.0316014 0.0394753 -0.0298684 0.00231312 -0.0468406 0.00121455 -0.0211995 -0.0429654 -0.0012126 0.0193158 -0.0236867 0.0383872 0.127031 -0.0496118 0.120093 -0.123565 1.63771 -0.0848606 -0.487895 -0.173831 -0.408475 -0.105869 0.0409491 -0.676635 -1.36229 -0.0117778 -0.309764 -0.0930319 -0.094332 
0.0315847 0.0394864 -0.0298684 0.00231312 -0.0468406 0.00121455 -0.0212052 -0.0429765 -0.0012126 0.0193158 -0.0236867 0.0383872 0.127031 -0.0496113 0.120093 -0.123566 1.63771 -0.0848596 -0.487895 -0.173831 -0.404259 -0.105868 0.0409491 -0.67663 -1.36229 -0.0117778 -0.309764 -0.0930343 -0.0943344 
0.0315735 0.039489 -0.0298655 0.00231312 -0.0468406 0.00121455 -0.0211995 -0.0429765 -0.0012126 0.0193158 -0.0236867 0.0383872 0.127031 -0.0496113 0.120093 -0.123566 1.63771 -0.0848572 -0.487895 -0.173831 -0.399419 -0.105868 0.0409491 -0.67663 -1.36229 -0.0117778 -0.309764 -0.0930319 -0.0943344 
0.0315819 0.0394975 -0.0298655 0.00230565 -0.0468406 0.00121455 -0.0211995 -0.0429682 -0.00121522 0.0193158 -0.0236867 0.0383872 0.127032 -0.0496113 0.120093 -0.123566 1.63771 -0.0848596 -0.487895 -0.173831 -0.395045 -0.105868 0.040951 -0.676626 -1.36229 -0.0117778 -0.309764 -0.0930355 -0.0943344 
0.0315819 0.0395031 -0.0298655 0.00230565 -0.0468406 0.00121455 -0.0211995 -0.0429682 -0.00121522 0.0193158 -0.0236867 0.0383872 0.127031 -0.0496113 0.120093 -0.123566 1.63771 -0.0848584 -0.487895 -0.17383 -0.390615 -0.105868 0.040952 -0.676623 -1.36229 -0.0117784 -0.309762 -0.0930319 -0.0943488 
0.0315819 0.0395086 -0.0298655 0.00230565 -0.0468406 0.00121455 -0.0212052 -0.0429709 -0.0012126 0.0193158 -0.0236867 0.0383872 0.127031 -0.0496113 0.120093 -0.123567 1.63771 -0.0848582 -0.487895 -0.173832 -0.38548 -0.105867 0.0409565 -0.676546 -1.36228 -0.0117778 -0.309761 -0.0930319 -0.0943919 
0.0315681 0.0395086 -0.0298684 0.00230565 -0.0468406 0.00121455 -0.0212078 -0.0429765 -0.00120974 0.0193158 -0.0236867 0.0383872 0.127032 -0.0496113 0.120092 -0.123566 1.63771 -0.0848582 -0.487895 -0.173831 -0.380866 -0.105868 0.0409577 -0.676448 -1.36228 -0.0117784 -0.309761 -0.0930319 -0.0944566 
0.0315459 0.0395031 -0.0298655 0.00230565 -0.0468406 0.00121455 -0.0212107 -0.042982 -0.00120139 0.0193158 -0.0236867 0.0383872 0.127032 -0.0496125 0.120093 -0.123565 1.63771 -0.0848596 -0.487895 -0.17383 -0.375638 -0.105866 0.0409586 -0.676398 -1.36228 -0.0117767 -0.309758 -0.0930319 -0.0944601 
0.0315237 0.0395031 -0.0298684 0.00230565 -0.0468406 0.00121455 -0.0212107 -0.0429765 -0.00120139 0.0193158 -0.0236867 0.0383872 0.127032 -0.0496118 0.120093 -0.123566 1.63771 -0.0848596 -0.487895 -0.173831 -0.370908 -0.105859 0.0409606 -0.676372 -1.36227 -0.0117773 -0.309758 -0.0930319 -0.0944673 
0.0315099 0.0395031 -0.0298684 0.00230565 -0.0468406 0.00121455 -0.0212107 -0.0429709 -0.00120687 0.0193158 -0.023688 0.0383896 0.127031 -0.0496113 0.120093 -0.123566 1.63771 -0.0848596 -0.487895 -0.173831 -0.366151 -0.105856 0.0409694 -0.676382 -1.36227 -0.0117778 -0.309758 -0.0930319 -0.0944673 
0.0315154 0.0395169 -0.0298655 0.00230565 -0.0468432 0.00120975 -0.0212107 -0.0429709 -0.00120687 0.0193158 -0.023688 0.0383896 0.127031 -0.0496094 0.120093 -0.123566 1.63771 -0.0848584 -0.487895 -0.173831 -0.360753 -0.105858 0.0409851 -0.676382 -1.36227 -0.0117784 -0.309758 -0.0930319 -0.0944673 
0.0315237 0.0395364 -0.0298655 0.00230565 -0.0468432 0.00120975 -0.0212078 -0.0429709 -0.00120687 0.0193158 -0.023688 0.0383896 0.127031 -0.0496113 0.120093 -0.123566 1.63771 -0.0848584 -0.487895 -0.173832 -0.355915 -0.105858 0.0409913 -0.67637 -1.36226 -0.0117797 -0.309756 -0.0930319 -0.0944805 
0.0315237 0.039528 -0.0298684 0.00230565 -0.0468432 0.00120975 -0.0212107 -0.0429682 -0.00120687 0.0193158 -0.023688 0.0383896 0.127032 -0.0496137 0.120091 -0.123566 1.63771 -0.0848582 -0.487895 -0.173831 -0.351033 -0.105858 0.0409901 -0.676304 -1.36226 -0.0117784 -0.309756 -0.0930319 -0.0945307 
0.0315154 0.039528 -0.0298655 0.00230565 -0.0468432 0.00120975 -0.0212135 -0.0429682 -0.00120139 0.0193158 -0.023688 0.0383896 0.127034 -0.0496137 0.120093 -0.123566 1.63771 -0.0848584 -0.487895 -0.173831 -0.345478 -0.105859 0.0409894 -0.676184 -1.36226 -0.0117778 -0.309756 -0.0930319 -0.0946324 
0.0315154 0.0395253 -0.0298655 0.00230565 -0.0468432 0.00120975 -0.021219 -0.0429709 -0.00119853 0.0193158 -0.023688 0.0383896 0.127032 -0.0496137 0.120093 -0.123566 1.63771 -0.0848584 -0.487895 -0.173831 -0.340511 -0.105859 0.0409815 -0.67607 -1.36226 -0.0117773 -0.309756 -0.0930355 -0.0946348 
0.0315154 0.0395169 -0.0298655 0.00230565 -0.0468432 0.00120975 -0.0212107 -0.0429765 -0.00119853 0.0193158 -0.023688 0.0383896 0.127031 -0.0496125 0.120093 -0.123565 1.63771 -0.0848596 -0.487895 -0.173831 -0.334875 -0.105863 0.0409768 -0.67599 -1.36226 -0.0117778 -0.309756 -0.0930343 -0.0946336 
0.0315208 0.039528 -0.0298655 0.00230565 -0.0468432 0.00120975 -0.0211995 -0.0429765 -0.00119853 0.0193158 -0.023688 0.0383896 0.127031 -0.0496113 0.120093 -0.123565 1.63771 -0.0848606 -0.487894 -0.173831 -0.32986 -0.105861 0.0409815 -0.675957 -1.36226 -0.0117784 -0.309756 -0.0930319 -0.0946336 
0.0315208 0.039528 -0.0298684 0.00230565 -0.046847 0.00119775 -0.0212107 -0.0429654 -0.00120139 0.0193158 -0.023688 0.0383896 0.127031 -0.0496113 0.120093 -0.123565 1.63771 -0.0848584 -0.487895 -0.173832 -0.324862 -0.105862 0.0409949 -0.675947 -1.36226 -0.0117834 -0.309755 -0.0930319 -0.0946648 
0.031507 0.039528 -0.0298684 0.00230565 -0.0468458 0.00119535 -0.0212216 -0.0429654 -0.00120139 0.0193158 -0.023688 0.0383896 0.127031 -0.0496125 0.120092 -0.123567 1.63771 -0.0848572 -0.487895 -0.173831 -0.319164 -0.10586 0.0410137 -0.675849 -1.36225 -0.0117834 -0.309753 -0.0930307 -0.0947605 
0.0314932 0.039528 -0.0298684 0.00230565 -0.0468458 0.00119535 -0.02123 -0.0429626 -0.00119853 0.0193158 -0.023688 0.0383896 0.127031 -0.0496137 0.120091 -0.123566 1.63771 -0.0848572 -0.487895 -0.173832 -0.314133 -0.105862 0.041007 -0.675714 -1.36225 -0.0117834 -0.309752 -0.0930319 -0.0948706 
0.0314765 0.0395253 -0.0298655 0.00230565 -0.0468432 0.00119053 -0.0212386 -0.0429654 -0.00119591 0.019312 -0.023688 0.0383896 0.127032 -0.0496137 0.120093 -0.123566 1.63771 -0.0848584 -0.487895 -0.17383 -0.30913 -0.105861 0.0409982 -0.675547 -1.36225 -0.0117821 -0.309753 -0.0930307 -0.0949053 
0.0314708 0.0395253 -0.0298655 0.00230565 -0.0468445 0.00118813 -0.0212386 -0.0429654 -0.00119853 0.019312 -0.023688 0.0383896 0.127031 -0.0496125 0.120094 -0.123565 1.63771 -0.0848606 -0.487895 -0.17383 -0.303478 -0.105866 0.0409768 -0.675343 -1.36225 -0.0117821 -0.309752 -0.0930319 -0.0949041 
0.0314765 0.039528 -0.0298655 0.00230565 -0.0468445 0.00118813 -0.02123 -0.0429654 -0.00119853 0.019312 -0.023688 0.0383896 0.127031 -0.0496113 0.120092 -0.123565 1.63771 -0.0848606 -0.487895 -0.17383 -0.298489 -0.105869 0.0409851 -0.675164 -1.36225 -0.0117828 -0.309752 -0.0930319 -0.0949053 
0.0314765 0.0395391 -0.0298684 0.00230565 -0.0468445 0.00118813 -0.02123 -0.0429654 -0.00119853 0.019312 -0.023688 0.0383896 0.127031 -0.0496113 0.120092 -0.123565 1.63771 -0.0848584 -0.487895 -0.173831 -0.293548 -0.105869 0.0410011 -0.674973 -1.36225 -0.0117851 -0.309751 -0.0930319 -0.0949077 
0.0314682 0.0395502 -0.029871 0.00230565 -0.046838 0.0011761 -0.0212438 -0.0429543 -0.00119853 0.019312 -0.023688 0.0383896 0.127031 -0.0496125 0.120091 -0.123566 1.63771 -0.0848582 -0.487895 -0.173831 -0.287951 -0.105863 0.0410326 -0.674635 -1.36225 -0.0117881 -0.30975 -0.0930319 -0.094922 
0.0314627 0.0395474 -0.029871 0.00230565 -0.046838 0.0011761 -0.0212524 -0.0429626 -0.00119853 0.019312 -0.023688 0.0383896 0.127031 -0.0496137 0.120094 -0.123566 1.63771 -0.0848572 -0.487895 -0.173831 -0.283078 -0.105865 0.0410326 -0.674224 -1.36225 -0.0117881 -0.309749 -0.0930319 -0.0949424 
0.0314517 0.0395474 -0.0298684 0.00230565 -0.046838 0.0011761 -0.0212579 -0.0429626 -0.00119591 0.019312 -0.023688 0.0383896 0.127031 -0.0496125 0.120092 -0.123566 1.63771 -0.0848572 -0.487895 -0.173831 -0.278234 -0.105865 0.0410218 -0.67372 -1.36225 -0.0117871 -0.30975 -0.0930319 -0.0949413 
0.0314543 0.0395418 -0.0298684 0.00230565 -0.046838 0.0011761 -0.0212524 -0.0429626 -0.00119591 0.019312 -0.023688 0.0383896 0.127031 -0.0496118 0.120093 -0.123565 1.63771 -0.0848606 -0.487895 -0.173831 -0.272864 -0.105867 0.0410063 -0.673055 -1.36225 -0.0117865 -0.30975 -0.0930319 -0.0949376 
0.0314708 0.0395418 -0.0298684 0.00230565 -0.046838 0.0011761 -0.0212357 -0.0429626 -0.00119853 0.019312 -0.023688 0.0383896 0.127031 -0.0496113 0.120093 -0.123565 1.63771 -0.0848584 -0.487894 -0.173831 -0.268147 -0.105867 0.0410132 -0.67239 -1.36225 -0.0117871 -0.309749 -0.0930319 -0.0949376 
0.0314932 0.0395418 -0.029871 0.00230565 -0.046838 0.0011761 -0.021219 -0.0429654 -0.00119853 0.019312 -0.023688 0.0383896 0.127031 -0.0496113 0.120093 -0.123565 1.63771 -0.0848584 -0.487895 -0.173831 -0.262866 -0.105867 0.0410237 -0.671608 -1.36225 -0.0117871 -0.309748 -0.0930319 -0.094964 
0.0314932 0.0395418 -0.0298684 0.00230565 -0.046838 0.0011761 -0.0212216 -0.0429654 -0.00119591 0.019312 -0.023688 0.0383896 0.127031 -0.0496125 0.120093 -0.123566 1.63771 -0.0848584 -0.487895 -0.173831 -0.258183 -0.105858 0.0410314 -0.670839 -1.36225 -0.0117871 -0.309742 -0.0930319 -0.0950537 
0.0314903 0.0395502 -0.0298684 0.00230565 -0.046838 0.0011761 -0.0212247 -0.0429654 -0.00119591 0.019312 -0.023688 0.0383896 0.127031 -0.0496137 0.120093 -0.123566 1.63771 -0.0848582 -0.487895 -0.173831 -0.253599 -0.105861 0.0410247 -0.669949 -1.36225 -0.0117871 -0.309744 -0.0930319 -0.0951914 
0.0314903 0.0395364 -0.0298684 0.00230565 -0.046838 0.0011761 -0.02123 -0.0429654 -0.00119591 0.019312 -0.023688 0.0383896 0.127031 -0.0496118 0.120093 -0.123566 1.63771 -0.0848582 -0.487894 -0.173831 -0.248481 -0.105865 0.0410156 -0.668789 -1.36225 -0.011784 -0.309744 -0.0930319 -0.0952057 
0.0314903 0.0395364 -0.0298684 0.00230565 -0.0468406 0.00118091 -0.02123 -0.0429682 -0.00119591 0.019312 -0.023688 0.0383896 0.127031 -0.0496113 0.120093 -0.123566 1.63771 -0.0848606 -0.487895 -0.173831 -0.243975 -0.105865 0.0409875 -0.66769 -1.36225 -0.0117821 -0.309745 -0.0930319 -0.0952021 
0.0315015 0.0395364 -0.0298684 0.00230565 -0.0468406 0.00118572 -0.0212135 -0.0429709 -0.00119591 0.019312 -0.023688 0.0383896 0.127031 -0.0496113 0.120093 -0.123566 1.63771 -0.0848584 -0.487895 -0.173831 -0.23952 -0.105866 0.0409839 -0.666575 -1.36225 -0.0117821 -0.309744 -0.0930319 -0.0951985 
0.0315044 0.0395364 -0.0298684 0.00230565 -0.0468431 0.00118565 -0.0212107 -0.0429682 -0.00119853 0.019312 -0.023688 0.0383896 0.127031 -0.0496113 0.120093 -0.123565 1.63771 -0.0848584 -0.487895 -0.173831 -0.234522 -0.105865 0.0409982 -0.665136 -1.36225 -0.011784 -0.309744 -0.0930319 -0.095201 
0.0315154 0.0395364 -0.0298655 0.00230565 -0.0468419 0.00119293 -0.0212078 -0.0429765 -0.00119591 0.019312 -0.023688 0.0383896 0.127031 -0.0496113 0.120093 -0.123566 1.63771 -0.0848584 -0.487895 -0.173831 -0.230096 -0.105863 0.0410163 -0.663752 -1.36225 -0.0117851 -0.309744 -0.0930319 -0.0952033 
0.0315182 0.0395364 -0.0298684 0.00230565 -0.0468405 0.00119045 -0.0212078 -0.0429765 -0.00119591 0.019312 -0.023688 0.0383896 0.127031 -0.0496118 0.120093 -0.123565 1.63771 -0.0848584 -0.487895 -0.173831 -0.224661 -0.105866 0.0410125 -0.661867 -1.36225 -0.011784 -0.309744 -0.0930319 -0.095232 
0.0315154 0.0395364 -0.0298684 0.00230565 -0.0468405 0.00119045 -0.0212078 -0.0429765 -0.00119042 0.019312 -0.023688 0.0383896 0.127031 -0.0496125 0.120092 -0.123566 1.63771 -0.0848584 -0.487895 -0.173832 -0.220406 -0.105864 0.0410097 -0.660067 -1.36224 -0.0117834 -0.309744 -0.0930343 -0.0953302 
0.0315154 0.0395335 -0.0298655 0.00230565 -0.0468405 0.00119045 -0.0212135 -0.0429792 -0.00119042 0.019312 -0.023688 0.0383896 0.127031 -0.0496118 0.120093 -0.123565 1.63771 -0.0848582 -0.487895 -0.173831 -0.216147 -0.105863 0.0410063 -0.658118 -1.36224 -0.0117828 -0.309744 -0.0930355 -0.0954163 
0.0315154 0.0395335 -0.0298655 0.00230565 -0.0468405 0.00119045 -0.0212078 -0.042982 -0.00119042 0.019312 -0.023688 0.0383896 0.127031 -0.0496118 0.120093 -0.123565 1.63771 -0.0848596 -0.487895 -0.173831 -0.211405 -0.105865 0.0410125 -0.655679 -1.36224 -0.011784 -0.309745 -0.0930319 -0.0955587 
0.0315208 0.0395335 -0.0298684 0.00230565 -0.0468405 0.00119045 -0.0211995 -0.0429847 -0.00119591 0.019312 -0.023688 0.0383896 0.127031 -0.0496113 0.120093 -0.123565 1.63771 -0.0848584 -0.487894 -0.173831 -0.207231 -0.105863 0.0410266 -0.653431 -1.36224 -0.0117851 -0.309744 -0.0930343 -0.0956497 
0.0315237 0.0395364 -0.0298684 0.00231312 -0.0468431 0.00118565 -0.0211995 -0.0429709 -0.00119591 0.019312 -0.023688 0.0383896 0.127031 -0.0496113 0.120093 -0.123565 1.63771 -0.0848596 -0.487895 -0.173831 -0.203052 -0.105858 0.0410414 -0.651 -1.36224 -0.0117857 -0.309744 -0.0930319 -0.0958184 
0.0315292 0.0395391 -0.0298684 0.00230565 -0.0468431 0.00118565 -0.0211995 -0.0429765 -0.00119591 0.019312 -0.023688 0.0383896 0.127031 -0.0496118 0.120092 -0.123566 1.63771 -0.0848572 -0.487895 -0.173831 -0.198351 -0.105857 0.0410583 -0.64799 -1.36224 -0.0117865 -0.309742 -0.0930319 -0.0960183 
0.0315154 0.0395364 -0.0298684 0.00230565 -0.0468431 0.00118565 -0.0212107 -0.0429765 -0.00119591 0.019312 -0.023688 0.0383896 0.127031 -0.0496125 0.120092 -0.123566 1.63771 -0.0848572 -0.487895 -0.173831 -0.194231 -0.105858 0.0410516 -0.645127 -1.36224 -0.011784 -0.309742 -0.0930343 -0.0961834 
0.0315099 0.0395335 -0.0298684 0.00231312 -0.0468431 0.00118565 -0.0212135 -0.0429765 -0.00119042 0.019312 -0.023688 0.0383896 0.127031 -0.0496137 0.120093 -0.123566 1.63771 -0.0848584 -0.487895 -0.17383 -0.190197 -0.105859 0.0410469 -0.642132 -1.36224 -0.011784 -0.309742 -0.0930319 -0.0962457 
0.0315044 0.039528 -0.0298684 0.00231312 -0.0468431 0.00118565 -0.0212247 -0.0429847 -0.00119042 0.019312 -0.023688 0.0383896 0.127031 -0.0496137 0.120092 -0.123566 1.63771 -0.0848584 -0.487895 -0.173831 -0.185682 -0.10586 0.0410438 -0.638552 -1.36224 -0.0117828 -0.309744 -0.0930343 -0.0962469 
0.0314932 0.0395364 -0.0298655 0.00230565 -0.0468419 0.00118332 -0.0212247 -0.0429765 -0.00119042 0.019312 -0.023688 0.0383896 0.127031 -0.0496125 0.120093 -0.123566 1.63771 -0.0848584 -0.487895 -0.173831 -0.181652 -0.10586 0.0410473 -0.635155 -1.36225 -0.0117834 -0.309742 -0.0930343 -0.0962469 
0.031496 0.0395391 -0.0298684 0.00231312 -0.0468419 0.00118332 -0.0212216 -0.0429709 -0.00119042 0.019312 -0.023688 0.0383896 0.127031 -0.0496113 0.120093 -0.123566 1.63771 -0.0848596 -0.487894 -0.173832 -0.177163 -0.105858 0.041065 -0.631173 -1.36224 -0.0117888 -0.309744 -0.0930343 -0.0962469 
0.0315044 0.0395364 -0.029871 0.00230565 -0.0468419 0.00118332 -0.0212107 -0.0429709 -0.00119042 0.019312 -0.023688 0.0383896 0.127031 -0.0496113 0.120093 -0.123565 1.63771 -0.0848584 -0.487894 -0.173831 -0.173181 -0.105858 0.0410986 -0.62752 -1.36224 -0.0117908 -0.309742 -0.0930319 -0.0962433 
0.0315154 0.0395418 -0.0298684 0.00231312 -0.0468419 0.00118332 -0.0212078 -0.0429709 -0.00119591 0.019312 -0.023688 0.0383896 0.127031 -0.0496118 0.120093 -0.123566 1.63771 -0.0848565 -0.487895 -0.173832 -0.169258 -0.105858 0.0411079 -0.623696 -1.36224 -0.0117894 -0.309735 -0.0930343 -0.0962492 
0.0315154 0.0395391 -0.0298655 0.00231312 -0.0468419 0.00118332 -0.0212078 -0.0429709 -0.00119042 0.019312 -0.023688 0.0383896 0.127031 -0.0496125 0.120093 -0.123566 1.63771 -0.0848572 -0.487895 -0.173831 -0.164851 -0.105858 0.0411041 -0.619058 -1.36224 -0.0117888 -0.309736 -0.0930319 -0.0962936 
0.0315154 0.0395364 -0.0298655 0.00231312 -0.0468419 0.00118332 -0.0212078 -0.0429765 -0.00119042 0.019312 -0.023688 0.0383896 0.127031 -0.0496137 0.120093 -0.123566 1.63771 -0.0848582 -0.487895 -0.173831 -0.161009 -0.105858 0.0410957 -0.614689 -1.36225 -0.0117871 -0.309736 -0.0930319 -0.0963618 
0.0315154 0.039528 -0.0298655 0.00231312 -0.0468419 0.00118332 -0.0212107 -0.0429765 -0.00119042 0.019312 -0.023688 0.0383896 0.127031 -0.0496125 0.120093 -0.123566 1.63771 -0.0848584 -0.487895 -0.173831 -0.157287 -0.10586 0.0410974 -0.610154 -1.36224 -0.0117888 -0.309732 -0.0930355 -0.0963869 
0.0315154 0.039528 -0.0298684 0.00231312 -0.0468419 0.00118332 -0.0212107 -0.0429765 -0.00119042 0.019312 -0.023688 0.0383896 0.127031 -0.0496118 0.120093 -0.123566 1.63771 -0.0848584 -0.487894 -0.173831 -0.153126 -0.105858 0.0410986 -0.604854 -1.36224 -0.0117888 -0.30973 -0.0930319 -0.0963953 
0.0315099 0.039528 -0.029871 0.00231312 -0.0468419 0.00118332 -0.0212078 -0.0429709 -0.00119042 0.019312 -0.023688 0.0383896 0.127031 -0.0496125 0.120093 -0.123565 1.63771 -0.0848584 -0.487895 -0.173831 -0.149473 -0.105858 0.0411041 -0.600038 -1.36225 -0.0117908 -0.30973 -0.0930319 -0.0964085 
0.0315154 0.0395364 -0.0298684 0.00231312 -0.0468419 0.00118332 -0.0212078 -0.0429709 -0.00119042 0.019312 -0.023688 0.0383896 0.127031 -0.0496113 0.120093 -0.123566 1.63771 -0.0848582 -0.487894 -0.173832 -0.145893 -0.105859 0.0411146 -0.595194 -1.36225 -0.0117955 -0.30973 -0.0930319 -0.096424 
0.0315208 0.0395418 -0.0298684 0.00230565 -0.0468419 0.00118332 -0.0211995 -0.0429709 -0.00119042 0.019312 -0.023688 0.0383896 0.127031 -0.0496113 0.120093 -0.123566 1.63771 -0.0848584 -0.487895 -0.173831 -0.141894 -0.105859 0.0411053 -0.589602 -1.36225 -0.0117955 -0.309729 -0.0930319 -0.0964312 
0.0315347 0.0395418 -0.0298684 0.00230565 -0.0468419 0.00118332 -0.0211995 -0.0429709 -0.00119042 0.019312 -0.023688 0.0383896 0.127031 -0.0496125 0.120093 -0.123566 1.63771 -0.0848584 -0.487895 -0.17383 -0.138366 -0.105859 0.0410974 -0.584453 -1.36225 -0.0117937 -0.30972 -0.0930355 -0.096454 
0.031532 0.0395364 -0.0298684 0.00230565 -0.0468419 0.00118332 -0.0211995 -0.0429654 -0.0011847 0.019312 -0.023688 0.0383896 0.127031 -0.0496137 0.120093 -0.123566 1.63771 -0.0848596 -0.487895 -0.173831 -0.134892 -0.105861 0.0410903 -0.579119 -1.36225 -0.0117937 -0.309705 -0.0930319 -0.0965114 
0.0315375 0.0395364 -0.0298655 0.00230565 -0.0468406 0.00118572 -0.0211995 -0.0429682 -0.0011847 0.019312 -0.023688 0.0383896 0.127031 -0.0496113 0.120093 -0.123566 1.63771 -0.0848584 -0.487894 -0.17383 -0.131074 -0.105868 0.0410876 -0.57312 -1.36225 -0.0117949 -0.309705 -0.0930355 -0.0965329 
0.0315459 0.0395364 -0.0298684 0.00230565 -0.0468418 0.00118805 -0.0211995 -0.0429682 -0.0011847 0.019312 -0.023688 0.0383896 0.127031 -0.0496118 0.120093 -0.123565 1.63771 -0.0848584 -0.487895 -0.173831 -0.127866 -0.105868 0.0410876 -0.567753 -1.36225 -0.0117942 -0.309705 -0.0930319 -0.0965282 
0.0315542 0.0395364 -0.0298684 0.00230565 -0.0468418 0.00118805 -0.0211995 -0.0429709 -0.0011847 0.019312 -0.023688 0.0383896 0.127031 -0.0496113 0.120093 -0.123566 1.63771 -0.0848582 -0.487894 -0.173832 -0.124446 -0.105866 0.0410969 -0.561795 -1.36225 -0.0117974 -0.309701 -0.0930355 -0.0965233 
0.0315735 0.0395364 -0.029871 0.00230565 -0.0468418 0.00118805 -0.0211968 -0.0429765 -0.00118756 0.019312 -0.023688 0.0383896 0.127031 -0.0496118 0.120093 -0.123566 1.63771 -0.0848584 -0.487895 -0.173831 -0.121503 -0.105866 0.0410986 -0.556464 -1.36225 -0.0117979 -0.309701 -0.0930319 -0.0965221 
0.0315874 0.0395418 -0.0298684 0.00230565 -0.0468418 0.00118805 -0.021194 -0.0429765 -0.00119042 0.019312 -0.023688 0.0383896 0.127031 -0.0496113 0.120093 -0.123566 1.63771 -0.0848584 -0.487895 -0.173831 -0.118658 -0.105864 0.0411017 -0.551095 -1.36225 -0.0117974 -0.309684 -0.0930319 -0.0965473 
0.0315931 0.0395253 -0.0298684 0.00230565 -0.0468419 0.00119293 -0.0211968 -0.0429765 -0.00118756 0.019312 -0.023688 0.0383896 0.127031 -0.0496118 0.120093 -0.123565 1.63771 -0.0848584 -0.487895 -0.173831 -0.115493 -0.10586 0.0410993 -0.54499 -1.36225 -0.0117992 -0.309675 -0.0930319 -0.0966514 
0.0315931 0.0395253 -0.0298655 0.00230565 -0.0468406 0.00119533 -0.0211968 -0.0429765 -0.00118756 0.019312 -0.023688 0.0383896 0.127031 -0.0496113 0.120094 -0.123565 1.63771 -0.0848606 -0.487895 -0.173831 -0.112652 -0.10586 0.0410964 -0.539654 -1.36225 -0.0117974 -0.309672 -0.0930319 -0.0966681 
0.0315957 0.0395253 -0.0298684 0.00230565 -0.0468406 0.00119533 -0.021194 -0.0429765 -0.00118756 0.019312 -0.023688 0.0383896 0.127031 -0.0496118 0.120093 -0.123565 1.63771 -0.0848596 -0.487894 -0.173831 -0.109905 -0.105863 0.0410931 -0.534487 -1.36225 -0.0117968 -0.309673 -0.0930343 -0.0966718 
0.0316095 0.0395253 -0.0298655 0.00230565 -0.0468406 0.00119533 -0.0211914 -0.0429765 -0.00118756 0.019312 -0.023688 0.0383896 0.127031 -0.0496125 0.120094 -0.123567 1.63771 -0.0848572 -0.487895 -0.173831 -0.106897 -0.105859 0.0410998 -0.528785 -1.36225 -0.0117955 -0.309665 -0.0930319 -0.0966681 
0.0316153 0.0395335 -0.0298684 0.00230565 -0.0468406 0.00119533 -0.0211914 -0.0429792 -0.00118756 0.019312 -0.023688 0.0383896 0.127031 -0.0496125 0.120093 -0.123565 1.63771 -0.0848582 -0.487895 -0.173831 -0.104276 -0.105853 0.0411127 -0.523696 -1.36225 -0.0117968 -0.30966 -0.0930319 -0.0966753 
0.0316153 0.0395335 -0.0298684 0.00230565 -0.046838 0.00120012 -0.0211914 -0.0429682 -0.00118756 0.019312 -0.023688 0.0383896 0.127031 -0.0496125 0.120093 -0.123567 1.63771 -0.0848584 -0.487895 -0.173831 -0.101418 -0.10585 0.0411623 -0.517948 -1.36225 -0.0118005 -0.309626 -0.0930319 -0.0967137 
0.0316095 0.039528 -0.0298684 0.00231312 -0.0468419 0.00119293 -0.0211914 -0.0429709 -0.00118756 0.019312 -0.023688 0.0383896 0.127031 -0.0496113 0.120093 -0.123566 1.63771 -0.0848582 -0.487895 -0.173831 -0.0990295 -0.105851 0.0412183 -0.51285 -1.36225 -0.011804 -0.309609 -0.0930343 -0.0967448 
0.0316126 0.039528 -0.0298655 0.00231312 -0.046838 0.00120012 -0.0211968 -0.0429792 -0.00118756 0.019312 -0.023688 0.0383896 0.127031 -0.0496113 0.120093 -0.123566 1.63771 -0.0848584 -0.487894 -0.173831 -0.0967715 -0.105854 0.0412257 -0.507868 -1.36225 -0.0118066 -0.30958 -0.0930343 -0.0967448 
0.0316126 0.0395253 -0.0298655 0.00231312 -0.046838 0.00120012 -0.0211968 -0.0429792 -0.00118756 0.019312 -0.023688 0.0383896 0.127031 -0.0496113 0.120094 -0.123565 1.63771 -0.0848572 -0.487894 -0.173833 -0.0943856 -0.105861 0.0411773 -0.502332 -1.36225 -0.0118066 -0.30954 -0.0930319 -0.0967448 
0.0316153 0.0395253 -0.0298655 0.00230565 -0.046838 0.00120012 -0.021194 -0.0429792 -0.00118756 0.019312 -0.023688 0.0383896 0.127031 -0.0496118 0.120093 -0.123567 1.63771 -0.0848584 -0.487894 -0.17383 -0.0923712 -0.105875 0.0411274 -0.4975 -1.36225 -0.0118035 -0.309513 -0.0930355 -0.0967376 
0.0316262 0.039528 -0.0298655 0.00230565 -0.046838 0.00120012 -0.0211914 -0.0429765 -0.00118756 0.019312 -0.023688 0.0383896 0.127031 -0.0496113 0.120094 -0.123566 1.63771 -0.0848582 -0.487895 -0.173831 -0.0905006 -0.105893 0.0410326 -0.492825 -1.36225 -0.0117992 -0.309508 -0.0930319 -0.0967364 
0.0316596 0.0395335 -0.0298684 0.00231312 -0.0468315 0.00121212 -0.0211914 -0.0429765 -0.00118756 0.019312 -0.023688 0.0383896 0.127031 -0.0496118 0.120094 -0.123566 1.63771 -0.0848596 -0.487894 -0.17383 -0.0884798 -0.105899 0.0409706 -0.487664 -1.36225 -0.0117992 -0.30949 -0.0930343 -0.0967339 
0.0316734 0.039528 -0.0298684 0.00231312 -0.0468354 0.00120492 -0.0211856 -0.0429765 -0.00118756 0.019312 -0.023688 0.0383896 0.127031 -0.0496113 0.120093 -0.123567 1.63771 -0.0848584 -0.487895 -0.173831 -0.0866823 -0.105898 0.0410044 -0.483124 -1.36225 -0.011801 -0.309484 -0.0930319 -0.0967376 
0.0316734 0.0395169 -0.0298655 0.00231312 -0.0468354 0.00120492 -0.021183 -0.042982 -0.00118756 0.019312 -0.023688 0.0383896 0.127031 -0.0496118 0.120093 -0.123567 1.63771 -0.0848572 -0.487894 -0.173831 -0.0847075 -0.105891 0.0410516 -0.478197 -1.36225 -0.0118035 -0.309482 -0.0930355 -0.0967448 
0.0316792 0.0395142 -0.029871 0.00231312 -0.0468354 0.00120492 -0.021183 -0.0429709 -0.00118756 0.019312 -0.023688 0.0383896 0.127031 -0.0496113 0.120093 -0.123566 1.63771 -0.0848584 -0.487895 -0.173831 -0.0827773 -0.105888 0.0411072 -0.473386 -1.36225 -0.0118072 -0.309483 -0.0930367 -0.09674 
0.0316846 0.0395142 -0.0298684 0.00231312 -0.0468354 0.00120492 -0.0211804 -0.0429792 -0.00118756 0.019312 -0.023688 0.0383896 0.127031 -0.0496113 0.120093 -0.123566 1.63771 -0.0848584 -0.487895 -0.17383 -0.0811527 -0.105882 0.0411592 -0.469245 -1.36225 -0.0118072 -0.309481 -0.0930355 -0.09674 
0.0316846 0.0395169 -0.0298684 0.00231312 -0.0468367 0.00120252 -0.021183 -0.0429709 -0.00118756 0.019312 -0.023688 0.0383896 0.127031 -0.0496113 0.120093 -0.123567 1.63771 -0.0848584 -0.487895 -0.173832 -0.0795834 -0.105884 0.0411563 -0.465167 -1.36225 -0.0118072 -0.309473 -0.0930343 -0.0967591 
0.0316679 0.0395142 -0.0298684 0.00231312 -0.0468367 0.00120252 -0.021183 -0.0429765 -0.0011847 0.019312 -0.023688 0.0383896 0.127031 -0.0496113 0.120093 -0.123566 1.63771 -0.0848582 -0.487895 -0.17383 -0.077806 -0.105885 0.0411165 -0.460534 -1.36225 -0.0118059 -0.30945 -0.0930319 -0.0968668 
0.0316622 0.0395142 -0.029871 0.00231312 -0.0468367 0.00120252 -0.021183 -0.0429765 -0.0011847 0.019312 -0.023688 0.0383896 0.127031 -0.0496118 0.120094 -0.123567 1.63771 -0.0848584 -0.487895 -0.173831 -0.0763578 -0.105912 0.041048 -0.456492 -1.36225 -0.0118035 -0.309446 -0.0930319 -0.0970104 
0.0316653 0.0395224 -0.0298684 0.00231312 -0.0468367 0.00120252 -0.0211856 -0.0429792 -0.00118208 0.019312 -0.023688 0.0383896 0.127031 -0.0496118 0.120094 -0.123566 1.63771 -0.0848606 -0.487894 -0.17383 -0.0749259 -0.105976 0.0409491 -0.452206 -1.36225 -0.011801 -0.30944 -0.0930307 -0.0970343 
0.0316679 0.0395224 -0.0298684 0.00231312 -0.0468367 0.00120252 -0.0211856 -0.0429792 -0.0011847 0.019312 -0.023688 0.0383896 0.127031 -0.0496113 0.120094 -0.123566 1.63771 -0.0848582 -0.487895 -0.173831 -0.0737302 -0.106009 0.0408888 -0.448555 -1.36225 -0.0117992 -0.309435 -0.0930343 -0.0970236 
0.0316679 0.0395224 -0.0298684 0.00231312 -0.0468367 0.00120252 -0.021183 -0.0429792 -0.0011847 0.019312 -0.023688 0.0383896 0.127031 -0.0496118 0.120093 -0.123566 1.63771 -0.0848572 -0.487894 -0.173831 -0.0725996 -0.106012 0.0408926 -0.444944 -1.36225 -0.0117992 -0.309433 -0.0930319 -0.0970152 
0.0316763 0.0395142 -0.0298684 0.00230565 -0.0468367 0.00120252 -0.021183 -0.042982 -0.0011847 0.019312 -0.023688 0.0383896 0.127031 -0.0496118 0.120094 -0.123567 1.63771 -0.0848572 -0.487894 -0.173832 -0.0714273 -0.106011 0.0409465 -0.440964 -1.36225 -0.011804 -0.309435 -0.0930319 -0.0969913 
0.0316846 0.0395142 -0.0298684 0.00230565 -0.0468367 0.00120252 -0.0211804 -0.042982 -0.0011847 0.019312 -0.023688 0.0383896 0.127031 -0.0496118 0.120093 -0.123567 1.63771 -0.0848582 -0.487895 -0.173831 -0.0704672 -0.106008 0.0409949 -0.437459 -1.36225 -0.011804 -0.309434 -0.0930355 -0.0969733 
0.0316846 0.039489 -0.0298655 0.00231312 -0.0468367 0.00120252 -0.0211804 -0.0429765 -0.0011847 0.019312 -0.023688 0.0383896 0.127031 -0.0496113 0.120093 -0.123567 1.63771 -0.0848582 -0.487894 -0.173832 -0.0696003 -0.106005 0.0410171 -0.433922 -1.36225 -0.0118059 -0.30943 -0.0930355 -0.0969793 
0.0316846 0.0394864 -0.0298684 0.00231312 -0.0468367 0.00120252 -0.0211804 -0.0429765 -0.0011847 0.019312 -0.023688 0.0383896 0.127031 -0.0496118 0.120094 -0.123566 1.63771 -0.0848584 -0.487894 -0.173831 -0.0687287 -0.106004 0.0410247 -0.42978 -1.36225 -0.0118059 -0.30943 -0.0930355 -0.0970104 
0.0316846 0.0394864 -0.0298684 0.00231312 -0.0468367 0.00120252 -0.0211804 -0.0429765 -0.0011847 0.019312 -0.023688 0.0383896 0.127031 -0.0496113 0.120093 -0.123566 1.63771 -0.0848584 -0.487894 -0.173831 -0.0680065 -0.106004 0.0410156 -0.425944 -1.36225 -0.0118059 -0.30943 -0.0930343 -0.0971001 
0.0316679 0.039489 -0.029871 0.00231312 -0.0468367 0.00120252 -0.0211804 -0.0429709 -0.0011847 0.019312 -0.023688 0.0383896 0.127031 -0.0496113 0.120094 -0.123566 1.63771 -0.0848584 -0.487894 -0.17383 -0.0673337 -0.106006 0.0410097 -0.421999 -1.36225 -0.0118059 -0.30943 -0.0930343 -0.0972833 
0.0316596 0.0395031 -0.0298684 0.00231312 -0.0468367 0.00120252 -0.021183 -0.0429709 -0.00118208 0.019312 -0.023688 0.0383896 0.127031 -0.0496113 0.120094 -0.123567 1.63771 -0.0848584 -0.487895 -0.173831 -0.0666797 -0.10601 0.0409997 -0.4176 -1.36225 -0.011804 -0.309429 -0.0930343 -0.0975885 
0.0316541 0.0395086 -0.029871 0.00231312 -0.0468367 0.00120252 -0.0211856 -0.0429709 -0.00118208 0.019312 -0.023688 0.0383896 0.127031 -0.0496113 0.120095 -0.123566 1.63771 -0.0848582 -0.487895 -0.17383 -0.0661802 -0.106009 0.0409968 -0.413656 -1.36225 -0.011804 -0.309427 -0.0930319 -0.0977596 
0.0316513 0.0395142 -0.0298684 0.00231312 -0.0468367 0.00120252 -0.0211856 -0.0429654 -0.0011847 0.019312 -0.023688 0.0383896 0.127031 -0.0496113 0.120094 -0.123566 1.63771 -0.0848582 -0.487894 -0.173831 -0.0657246 -0.106008 0.0410044 -0.409613 -1.36225 -0.011804 -0.309428 -0.0930319 -0.0978816 
0.0316513 0.0395169 -0.0298684 0.00231312 -0.0468419 0.00121215 -0.0211856 -0.0429765 -0.0011847 0.019312 -0.023688 0.0383896 0.127031 -0.0496118 0.120093 -0.123566 1.63771 -0.0848584 -0.487894 -0.173831 -0.0652711 -0.106009 0.0410082 -0.404995 -1.36225 -0.0118059 -0.309427 -0.0930355 -0.0978793 
0.0316486 0.0395224 -0.0298655 0.00231312 -0.0468445 0.00121697 -0.0211856 -0.0429682 -0.0011847 0.019312 -0.023688 0.0383896 0.127031 -0.0496118 0.120094 -0.123566 1.63771 -0.0848584 -0.487895 -0.173831 -0.0649264 -0.106009 0.0410042 -0.400812 -1.36225 -0.011804 -0.309426 -0.0930319 -0.0978613 
0.0316486 0.0395224 -0.0298655 0.00231312 -0.0468406 0.00120974 -0.0211914 -0.0429654 -0.00118208 0.019312 -0.023688 0.0383896 0.127031 -0.0496118 0.120093 -0.123566 1.63771 -0.0848584 -0.487895 -0.173831 -0.0646119 -0.106012 0.0409949 -0.396472 -1.36225 -0.0118035 -0.309426 -0.0930343 -0.0978338 
0.0316401 0.0395224 -0.0298655 0.00231312 -0.0468445 0.00121697 -0.0211914 -0.0429654 -0.00118208 0.0193158 -0.023688 0.0383896 0.127031 -0.0496113 0.120094 -0.123566 1.63771 -0.0848584 -0.487894 -0.173832 -0.0642135 -0.106023 0.0409749 -0.391439 -1.36225 -0.0118029 -0.309425 -0.0930367 -0.0978338 
0.0316291 0.0395169 -0.0298655 0.00231312 -0.0468445 0.00121697 -0.0211914 -0.0429654 -0.00117636 0.0193158 -0.023688 0.0383896 0.127031 -0.0496113 0.120093 -0.123566 1.63771 -0.0848584 -0.487895 -0.173831 -0.0637813 -0.106034 0.040966 -0.386884 -1.36225 -0.0118029 -0.309425 -0.0930355 -0.0978386 
0.0316207 0.0395169 -0.0298655 0.00231312 -0.0468445 0.00121697 -0.0211914 -0.0429682 -0.00117636 0.0193158 -0.023688 0.0383896 0.127031 -0.0496113 0.120094 -0.123566 1.63771 -0.0848584 -0.487894 -0.173831 -0.0632317 -0.10604 0.0409694 -0.381656 -1.36225 -0.0118022 -0.309426 -0.0930355 -0.0978493 
0.0316262 0.0395169 -0.0298655 0.00231312 -0.0468419 0.00121215 -0.0211914 -0.0429709 -0.00117636 0.0193158 -0.023688 0.0383896 0.127031 -0.0496118 0.120094 -0.123566 1.63771 -0.0848572 -0.487894 -0.173831 -0.0627186 -0.106038 0.0409839 -0.376958 -1.36225 -0.0118035 -0.309426 -0.0930355 -0.0978518 
0.0316348 0.0395224 -0.0298655 0.00231312 -0.0468432 0.00120975 -0.0211856 -0.0429709 -0.00118208 0.0193158 -0.023688 0.0383896 0.127031 -0.0496113 0.120095 -0.123566 1.63771 -0.0848584 -0.487894 -0.173832 -0.0622075 -0.106033 0.0410109 -0.372211 -1.36225 -0.011804 -0.309425 -0.0930343 -0.0978565 
0.0316262 0.0395253 -0.0298655 0.00231312 -0.0468432 0.00120975 -0.0211856 -0.0429654 -0.00118208 0.0193158 -0.023688 0.0383896 0.127031 -0.0496113 0.120094 -0.123566 1.63771 -0.0848572 -0.487894 -0.173831 -0.0616107 -0.106031 0.0410366 -0.366648 -1.36225 -0.0118059 -0.30942 -0.0930319 -0.0978721 
0.0316207 0.0395224 -0.0298655 0.00231312 -0.0468432 0.00120975 -0.0211914 -0.0429682 -0.00118208 0.0193158 -0.023688 0.0383896 0.127031 -0.0496113 0.120095 -0.123565 1.63771 -0.0848596 -0.487895 -0.173832 -0.0610483 -0.10603 0.0410426 -0.361452 -1.36225 -0.0118059 -0.309416 -0.0930319 -0.0978781 
0.0315986 0.0395169 -0.0298655 0.00230565 -0.0468419 0.00120735 -0.021194 -0.0429709 -0.00117636 0.0193158 -0.023688 0.0383896 0.127031 -0.0496113 0.120095 -0.123566 1.63771 -0.0848596 -0.487894 -0.17383 -0.0603943 -0.10603 0.0410366 -0.356149 -1.36225 -0.011804 -0.309418 -0.0930355 -0.0978721 
0.0315957 0.0395169 -0.0298655 0.00230565 -0.0468419 0.00120735 -0.0211968 -0.0429709 -0.00117636 0.0193158 -0.023688 0.0383896 0.127031 -0.0496113 0.120094 -0.123565 1.63771 -0.0848596 -0.487894 -0.17383 -0.0595334 -0.106032 0.0410218 -0.350049 -1.36225 -0.0118035 -0.309419 -0.0930355 -0.0978565 
0.0315847 0.0395224 -0.0298655 0.00230565 -0.0468419 0.00120735 -0.0211968 -0.0429709 -0.00117636 0.0193158 -0.023688 0.0383896 0.127031 -0.0496113 0.120094 -0.123566 1.63771 -0.0848584 -0.487894 -0.173832 -0.0586848 -0.106036 0.0410063 -0.344578 -1.36225 -0.0118035 -0.30942 -0.0930355 -0.097847 
0.0315847 0.0395253 -0.0298655 0.00230565 -0.0468419 0.00120735 -0.0211968 -0.0429709 -0.00117636 0.0193158 -0.023688 0.0383896 0.127031 -0.0496113 0.120094 -0.123566 1.63771 -0.0848582 -0.487894 -0.173831 -0.0577822 -0.106036 0.0410104 -0.338956 -1.36225 -0.0118035 -0.309419 -0.0930343 -0.0978422 
0.0315874 0.0395335 -0.0298655 0.00230565 -0.0468419 0.00120735 -0.0211968 -0.0429654 -0.00117636 0.0193158 -0.023688 0.0383896 0.127031 -0.0496125 0.120094 -0.123567 1.63771 -0.0848572 -0.487894 -0.173831 -0.0566585 -0.106036 0.0410132 -0.332385 -1.36225 -0.0118022 -0.309414 -0.0930355 -0.0978506 
0.0315874 0.0395364 -0.0298655 0.00230565 -0.0468419 0.00120735 -0.0211968 -0.0429654 -0.00117636 0.0193158 -0.023688 0.0383896 0.127031 -0.0496113 0.120094 -0.123566 1.63771 -0.0848582 -0.487895 -0.173831 -0.0554986 -0.106036 0.041018 -0.326239 -1.36225 -0.0118035 -0.309407 -0.0930355 -0.0978793 
0.0315847 0.0395364 -0.0298655 0.00230565 -0.0468419 0.00120735 -0.0211968 -0.0429682 -0.00117636 0.0193158 -0.023688 0.0383896 0.127031 -0.0496113 0.120095 -0.123566 1.63771 -0.0848572 -0.487895 -0.173831 -0.0540283 -0.106036 0.0410156 -0.319105 -1.36225 -0.0118035 -0.309409 -0.0930355 -0.0978913 
0.0315931 0.039528 -0.02986 0.00230565 -0.0468419 0.00120735 -0.0211914 -0.0429765 -0.00117636 0.0193158 -0.023688 0.0383896 0.127031 -0.0496113 0.120094 -0.123565 1.63771 -0.0848596 -0.487895 -0.17383 -0.0527091 -0.106041 0.0410082 -0.312724 -1.36225 -0.0118035 -0.30941 -0.0930378 -0.0978816 
0.0316069 0.0395335 -0.0298655 0.00230565 -0.0468445 0.00120255 -0.0211914 -0.0429765 -0.00117636 0.0193158 -0.023688 0.0383896 0.127031 -0.0496113 0.120095 -0.123566 1.63771 -0.0848606 -0.487894 -0.173831 -0.0514059 -0.106047 0.0410042 -0.306332 -1.36225 -0.0118022 -0.309409 -0.0930367 -0.0978816 
0.0316069 0.0395364 -0.0298655 0.00230565 -0.0468458 0.00119535 -0.0211914 -0.0429765 -0.00117636 0.0193158 -0.023688 0.0383896 0.127031 -0.0496118 0.120094 -0.123567 1.63771 -0.0848565 -0.487894 -0.173832 -0.0498872 -0.106046 0.0410104 -0.298855 -1.36225 -0.0118022 -0.309388 -0.0930355 -0.0979116 
0.0315957 0.0395364 -0.0298655 0.00230565 -0.0468432 0.00119053 -0.0211914 -0.0429765 -0.00117636 0.0193158 -0.023688 0.0383896 0.127031 -0.0496118 0.120094 -0.123566 1.63771 -0.0848572 -0.487895 -0.17383 -0.0484302 -0.106043 0.041034 -0.291904 -1.36225 -0.011804 -0.309379 -0.0930319 -0.0980541 
0.0315847 0.039528 -0.0298655 0.00230565 -0.0468432 0.00119053 -0.0211968 -0.0429765 -0.00117636 0.0193158 -0.023688 0.0383896 0.127031 -0.0496118 0.120094 -0.123566 1.63771 -0.0848596 -0.487895 -0.173831 -0.0468922 -0.106031 0.0410676 -0.284882 -1.36225 -0.0118072 -0.309381 -0.0930355 -0.0981222 
0.0315847 0.039528 -0.02986 0.00230565 -0.0468432 0.00119053 -0.0211968 -0.0429709 -0.00117636 0.0193158 -0.023688 0.0383896 0.127031 -0.0496118 0.120094 -0.123565 1.63771 -0.0848596 -0.487894 -0.173831 -0.0452478 -0.106035 0.0410705 -0.276998 -1.36225 -0.0118066 -0.309377 -0.0930343 -0.0980827 
0.0315847 0.039528 -0.0298655 0.00230565 -0.0468432 0.00119053 -0.0211914 -0.0429765 -0.00117636 0.0193158 -0.023688 0.0383896 0.127031 -0.0496118 0.120094 -0.123566 1.63771 -0.0848596 -0.487895 -0.173832 -0.0437386 -0.106046 0.0410559 -0.269031 -1.36225 -0.011804 -0.309354 -0.0930355 -0.0980492 
0.0315819 0.0395418 -0.0298655 0.00230565 -0.0468432 0.00119053 -0.0211968 -0.0429765 -0.00117636 0.0193158 -0.023688 0.0383896 0.127031 -0.0496125 0.120093 -0.123567 1.63771 -0.0848584 -0.487895 -0.173831 -0.0423694 -0.10604 0.0410573 -0.261709 -1.36225 -0.0118035 -0.309295 -0.0930355 -0.0980611 
0.0315681 0.0395418 -0.02986 0.00230565 -0.0468432 0.00119053 -0.0211995 -0.0429709 -0.00117636 0.0193158 -0.023688 0.0383896 0.127031 -0.0496113 0.120094 -0.123567 1.63771 -0.0848582 -0.487894 -0.173831 -0.0407646 -0.106035 0.0410702 -0.253253 -1.36225 -0.0118072 -0.309283 -0.0930355 -0.098066 
0.0315681 0.0395364 -0.02986 0.00230565 -0.0468458 0.00119535 -0.0211968 -0.0429709 -0.00117636 0.0193158 -0.023688 0.0383896 0.127031 -0.0496118 0.120094 -0.123565 1.63771 -0.0848584 -0.487894 -0.17383 -0.0393798 -0.106039 0.0410702 -0.245791 -1.36225 -0.0118096 -0.30928 -0.0930402 -0.0980397 
0.0315874 0.0395364 -0.02986 0.00230565 -0.0468458 0.00120015 -0.0211914 -0.0429709 -0.00117636 0.0193158 -0.023688 0.0383896 0.127032 -0.0496137 0.120093 -0.123567 1.63771 -0.0848582 -0.487895 -0.173831 -0.0380099 -0.106052 0.0410438 -0.237445 -1.36225 -0.0118059 -0.309258 -0.0930367 -0.0979834 
0.0315957 0.0395364 -0.0298655 0.00230565 -0.0468445 0.00119774 -0.0211914 -0.0429709 -0.00117636 0.0193158 -0.023688 0.0383896 0.127031 -0.0496118 0.120094 -0.123566 1.63771 -0.0848582 -0.487894 -0.173831 -0.0368516 -0.106055 0.0410366 -0.229701 -1.36225 -0.0118035 -0.309174 -0.0930294 -0.0980217 
0.0315931 0.0395364 -0.02986 0.00230565 -0.0468419 0.00119293 -0.0211995 -0.0429765 -0.00117636 0.0193158 -0.023688 0.0383896 0.127026 -0.0496113 0.120093 -0.123565 1.63771 -0.0848584 -0.487892 -0.173831 -0.0355854 -0.106047 0.0410528 -0.221796 -1.36225 -0.0118072 -0.309144 -0.0930355 -0.098066 
0.0315931 0.039528 -0.02986 0.00230565 -0.0468432 0.00120975 -0.0211914 -0.0429709 -0.00117636 0.0193158 -0.023688 0.0383896 0.127028 -0.0496113 0.120095 -0.123565 1.63771 -0.0848606 -0.487894 -0.173831 -0.0342655 -0.10605 0.0410583 -0.212921 -1.36225 -0.0118114 -0.309144 -0.0930367 -0.0980552 
0.0316069 0.039528 -0.02986 0.00230565 -0.0468483 0.00120016 -0.021183 -0.0429709 -0.00117636 0.019312 -0.023688 0.0383896 0.127031 -0.0496118 0.120095 -0.123566 1.63771 -0.0848572 -0.487895 -0.173831 -0.0333345 -0.106075 0.0410438 -0.205101 -1.36225 -0.0118072 -0.309125 -0.0930367 -0.0980361 
0.0316069 0.039528 -0.0298655 0.00230565 -0.0468432 0.00119053 -0.0211914 -0.0429709 -0.00117636 0.019312 -0.023688 0.0383896 0.127031 -0.0496125 0.120094 -0.123567 1.63771 -0.0848582 -0.487895 -0.173831 -0.0324023 -0.106091 0.0410371 -0.197124 -1.36224 -0.0118072 -0.309035 -0.0930343 -0.098066 
0.0315874 0.0395335 -0.02986 0.00230565 -0.0468432 0.00119053 -0.0211995 -0.0429709 -0.00117636 0.0193158 -0.023688 0.0383896 0.127026 -0.0496113 0.120094 -0.123566 1.63771 -0.0848582 -0.487894 -0.173831 -0.0311286 -0.106065 0.0410528 -0.187891 -1.36224 -0.011812 -0.309003 -0.0930355 -0.0981067 
0.0316069 0.0395335 -0.02986 0.00230565 -0.0468471 0.00120256 -0.0211914 -0.0429709 -0.00117636 0.0193158 -0.023688 0.0383896 0.127028 -0.0496113 0.120095 -0.123565 1.63771 -0.0848596 -0.487894 -0.173831 -0.0300233 -0.106081 0.041064 -0.179823 -1.36224 -0.0118204 -0.309001 -0.0930426 -0.0980791 
0.0316291 0.0395335 -0.02986 0.00230565 -0.0468471 0.00120256 -0.0211804 -0.0429709 -0.00117636 0.019312 -0.023688 0.0383896 0.127031 -0.0496118 0.120094 -0.123566 1.63771 -0.0848572 -0.487895 -0.173832 -0.0291271 -0.106133 0.0410297 -0.171952 -1.36224 -0.0118157 -0.308976 -0.0930378 -0.0980528 
0.0316236 0.039528 -0.02986 0.00230565 -0.0468458 0.00119535 -0.0211856 -0.0429709 -0.00117636 0.019312 -0.023688 0.0383896 0.127028 -0.0496125 0.120094 -0.123567 1.63771 -0.0848572 -0.487895 -0.173832 -0.0280406 -0.106197 0.0409863 -0.162842 -1.36223 -0.0118127 -0.308915 -0.0930319 -0.0980768 
0.0316095 0.039528 -0.02986 0.00230565 -0.0468458 0.00119535 -0.0211995 -0.0429765 -0.00117636 0.0193232 -0.023688 0.0383896 0.127026 -0.0496113 0.120094 -0.123566 1.63771 -0.0848584 -0.487893 -0.17383 -0.0268354 -0.106185 0.0409992 -0.154589 -1.36222 -0.0118157 -0.308921 -0.0930378 -0.0980875 
0.0316207 0.0395364 -0.02986 0.00230565 -0.0468483 0.00120016 -0.0211914 -0.0429709 -0.00117636 0.0193232 -0.023688 0.0383896 0.127031 -0.0496125 0.120094 -0.123566 1.63771 -0.0848606 -0.487894 -0.173832 -0.0255232 -0.106204 0.0409992 -0.145541 -1.36222 -0.0118175 -0.308917 -0.0930451 -0.098048 
0.0316262 0.0395335 -0.02986 0.00230565 -0.0468432 0.00119053 -0.0211804 -0.0429654 -0.00117636 0.019312 -0.023688 0.0383896 0.127031 -0.0496118 0.120094 -0.123567 1.63771 -0.0848565 -0.487895 -0.173832 -0.0244756 -0.106275 0.0409808 -0.137436 -1.36221 -0.0118139 -0.308882 -0.0930355 -0.098048 
0.0316069 0.0395253 -0.02986 0.00230565 -0.0468432 0.00119053 -0.0211856 -0.0429654 -0.00117636 0.019312 -0.023688 0.0383896 0.127028 -0.0496125 0.120093 -0.123568 1.63771 -0.0848572 -0.487894 -0.173832 -0.0232933 -0.106309 0.0409851 -0.129115 -1.3622 -0.0118108 -0.308856 -0.0930319 -0.098072 
0.0315957 0.0395335 -0.02986 0.00230565 -0.0468432 0.00119053 -0.0211995 -0.0429765 -0.00117636 0.0193158 -0.023688 0.0383896 0.127028 -0.0496113 0.120094 -0.123565 1.63771 -0.084861 -0.487894 -0.17383 -0.0218606 -0.106262 0.0410151 -0.119727 -1.36219 -0.0118175 -0.308859 -0.0930378 -0.0980755 
0.0316153 0.0395335 -0.02986 0.00230565 -0.0468483 0.00120016 -0.0211914 -0.0429765 -0.00117636 0.0193158 -0.023688 0.0383896 0.127028 -0.0496113 0.120095 -0.123564 1.63771 -0.0848606 -0.487893 -0.173831 -0.0207281 -0.106279 0.0410643 -0.111431 -1.36216 -0.0118204 -0.308851 -0.0930367 -0.0980636 
0.0316153 0.0395224 -0.02986 0.00230565 -0.0468483 0.00120016 -0.021183 -0.0429709 -0.00117636 0.0193158 -0.023688 0.0383896 0.127031 -0.0496113 0.120093 -0.123567 1.63771 -0.0848582 -0.487894 -0.173831 -0.0197055 -0.106276 0.0410559 -0.1031 -1.36206 -0.011817 -0.30879 -0.0930367 -0.0980791 
0.0316014 0.0395253 -0.0298572 0.00230565 -0.0468432 0.00119053 -0.021194 -0.0429709 -0.00117636 0.0193158 -0.023688 0.0383896 0.127026 -0.0496113 0.120094 -0.123566 1.63771 -0.0848584 -0.487894 -0.173831 -0.0184634 -0.106241 0.0410528 -0.0934846 -1.36192 -0.011817 -0.308773 -0.0930367 -0.098103 
0.0316095 0.0395253 -0.02986 0.00230565 -0.0468432 0.00119053 -0.0211995 -0.0429709 -0.00117636 0.0193158 -0.023688 0.0383896 0.127028 -0.0496113 0.120095 -0.123565 1.63771 -0.0848606 -0.487894 -0.17383 -0.0173683 -0.106205 0.0410614 -0.0849209 -1.36186 -0.0118181 -0.308772 -0.0930402 -0.0980864 
0.0316095 0.039528 -0.02986 0.00230565 -0.046847 0.00119775 -0.0211856 -0.0429709 -0.00117636 0.0193158 -0.023688 0.0383896 0.127031 -0.0496118 0.120094 -0.123565 1.63771 -0.0848584 -0.487894 -0.173831 -0.0164618 -0.106246 0.0410473 -0.0763984 -1.36183 -0.011817 -0.308742 -0.0930355 -0.0980791 
0.0315931 0.039528 -0.0298572 0.00230565 -0.0468419 0.00118332 -0.0211856 -0.0429709 -0.00117636 0.019312 -0.023688 0.0383896 0.127031 -0.0496125 0.120094 -0.123568 1.63771 -0.0848572 -0.487895 -0.173832 -0.0154827 -0.106257 0.0410218 -0.0665817 -1.3618 -0.0118157 -0.308708 -0.0930319 -0.0980923 
0.0315957 0.039528 -0.02986 0.00230565 -0.0468406 0.00118091 -0.021194 -0.0429709 -0.00117636 0.019312 -0.023688 0.0383896 0.127026 -0.0496113 0.120094 -0.123566 1.63771 -0.0848596 -0.487893 -0.17383 -0.0145535 -0.106257 0.0410218 -0.0578258 -1.36178 -0.011817 -0.308712 -0.0930402 -0.0980755 
0.0316153 0.0395418 -0.02986 0.00230565 -0.046847 0.00119295 -0.021194 -0.0429682 -0.00117636 0.0193158 -0.023688 0.0383896 0.127031 -0.0496113 0.120095 -0.123565 1.63771 -0.0848606 -0.487894 -0.173831 -0.0137606 -0.106268 0.0410109 -0.0490336 -1.36175 -0.0118157 -0.3087 -0.0930402 -0.0980397 
0.0315986 0.0395418 -0.02986 0.00230565 -0.0468496 0.00119776 -0.0211914 -0.0429654 -0.00117636 0.0193158 -0.023688 0.0383896 0.127031 -0.0496113 0.120094 -0.123566 1.6377 -0.0848572 -0.487894 -0.173831 -0.0130982 -0.106301 0.0409706 -0.038975 -1.36168 -0.0118139 -0.308631 -0.0930259 -0.0980564 
0.0315847 0.039528 -0.0298572 0.00230565 -0.046847 0.00119295 -0.0211914 -0.0429654 -0.00117087 0.0193158 -0.023688 0.0383896 0.127028 -0.0496118 0.120093 -0.12357 1.63771 -0.0848556 -0.487891 -0.173832 -0.0125217 -0.106286 0.0409706 -0.0299571 -1.36162 -0.0118144 -0.308619 -0.0930355 -0.0980564 
0.0316069 0.0395418 -0.02986 0.00230565 -0.046847 0.00119295 -0.0211968 -0.0429654 -0.00117087 0.0193158 -0.023688 0.0383896 0.127028 -0.0496113 0.120094 -0.123564 1.63771 -0.0848606 -0.487894 -0.17383 -0.0119562 -0.106284 0.0409722 -0.019839 -1.36155 -0.0118151 -0.308614 -0.0930451 -0.0980097 
0.0316095 0.0395391 -0.02986 0.00230565 -0.0468483 0.00119535 -0.0211914 -0.0429654 -0.00117636 0.0193158 -0.023688 0.0383896 0.127031 -0.0496118 0.120094 -0.123565 1.63771 -0.084861 -0.487894 -0.173831 -0.0116315 -0.106329 0.0409694 -0.0107453 -1.36149 -0.0118144 -0.30855 -0.0930234 -0.0979702 
0.0315874 0.039528 -0.0298572 0.00230565 -0.0468483 0.00119535 -0.0211914 -0.0429654 -0.00117373 0.0193158 -0.023688 0.0383896 0.127028 -0.0496118 0.120093 -0.123566 1.63771 -0.0848556 -0.487894 -0.173832 -0.0113044 -0.106362 0.0409679 -0.00145841 -1.36144 -0.0118139 -0.308485 -0.0930188 -0.098042 
0.0315957 0.0395253 -0.0298572 0.00230565 -0.046847 0.00119775 -0.0211995 -0.0429682 -0.00117087 0.0193158 -0.023688 0.0383896 0.127026 -0.0496113 0.120094 -0.123566 1.63771 -0.0848606 -0.487891 -0.173831 -0.0109189 -0.106323 0.0409727 0.00907493 -1.3614 -0.0118151 -0.308485 -0.0930511 -0.0980301 
0.0316126 0.0395418 -0.02986 0.00230565 -0.0468483 0.00119535 -0.0211914 -0.0429626 -0.00117636 0.0193158 -0.023688 0.0383896 0.127031 -0.0496118 0.120095 -0.123565 1.63771 -0.0848606 -0.487894 -0.173831 -0.0107596 -0.106364 0.0409727 0.0184345 -1.36134 -0.0118151 -0.308445 -0.0930343 -0.0980085 
0.0315931 0.0395364 -0.0298655 0.00231312 -0.046847 0.00119295 -0.0211914 -0.0429626 -0.00117373 0.0193158 -0.023688 0.0383896 0.127031 -0.0496118 0.120093 -0.123566 1.6377 -0.0848584 -0.487895 -0.173831 -0.010679 -0.106384 0.0409749 0.0281079 -1.36127 -0.0118157 -0.308352 -0.0930055 -0.0980468 
0.0315764 0.039528 -0.02986 0.00230565 -0.0468431 0.00118565 -0.0211995 -0.0429654 -0.00117087 0.0193158 -0.023688 0.0383896 0.127028 -0.0496125 0.120093 -0.123567 1.63772 -0.0848565 -0.487893 -0.173831 -0.01057 -0.106315 0.0409808 0.0390606 -1.36114 -0.0118181 -0.308335 -0.0930414 -0.0980361 
0.0316069 0.0395391 -0.02986 0.00230565 -0.0468445 0.00118813 -0.021194 -0.0429682 -0.00117373 0.0193158 -0.023688 0.0383896 0.127031 -0.0496113 0.120094 -0.123565 1.63771 -0.0848596 -0.487894 -0.173832 -0.0105815 -0.106322 0.040978 0.0486634 -1.36096 -0.0118175 -0.308303 -0.0930511 -0.0979571 
0.0315957 0.0395418 -0.0298655 0.00230565 -0.0468445 0.00118813 -0.0211914 -0.0429654 -0.00117636 0.0193158 -0.023688 0.0383896 0.127031 -0.0496118 0.120095 -0.123566 1.6377 -0.0848584 -0.487894 -0.173832 -0.01057 -0.106379 0.0409768 0.0596888 -1.36064 -0.0118175 -0.308165 -0.0930055 -0.0979475 
0.0315931 0.0395335 -0.02986 0.00230565 -0.0468445 0.00118813 -0.021194 -0.0429709 -0.00117636 0.0193158 -0.023688 0.0383896 0.127026 -0.0496113 0.120094 -0.123567 1.63772 -0.0848582 -0.487891 -0.173831 -0.0105729 -0.106335 0.0409782 0.0694993 -1.36022 -0.0118204 -0.308147 -0.0930378 -0.0979379 
0.0316348 0.0395364 -0.02986 0.00230565 -0.046847 0.00119295 -0.0211914 -0.0429709 -0.00117636 0.0193158 -0.023688 0.0383896 0.127028 -0.0496118 0.120094 -0.123566 1.63772 -0.0848596 -0.487893 -0.173831 -0.0105782 -0.10633 0.0409706 0.0790262 -1.35968 -0.0118175 -0.30812 -0.0930678 -0.0978026 
0.0316262 0.0395474 -0.02986 0.00230565 -0.0468496 0.00118815 -0.0211914 -0.0429654 -0.0011847 0.0193158 -0.023688 0.0383896 0.127031 -0.0496118 0.120093 -0.123566 1.6377 -0.0848584 -0.487895 -0.173831 -0.0105684 -0.106379 0.0409698 0.0899453 -1.359 -0.0118194 -0.307967 -0.0930055 -0.0977991 
0.0316069 0.0395364 -0.0298572 0.00230565 -0.046847 0.00118334 -0.0211968 -0.0429709 -0.00117373 0.0193158 -0.023688 0.0383896 0.127028 -0.0496118 0.120094 -0.123568 1.63772 -0.0848565 -0.487891 -0.173831 -0.0105629 -0.106349 0.0409894 0.0997281 -1.35841 -0.0118241 -0.307932 -0.0930378 -0.0977955 
0.0316236 0.0395364 -0.0298655 0.00230565 -0.0468445 0.00118813 -0.0211914 -0.0429765 -0.00117636 0.0193158 -0.023688 0.0383896 0.127031 -0.0496125 0.120094 -0.123566 1.63772 -0.0848584 -0.487894 -0.173831 -0.01057 -0.106314 0.0409722 0.109264 -1.35782 -0.0118309 -0.307919 -0.0930929 -0.0977512 
0.0316069 0.0395724 -0.0298684 0.00230565 -0.046847 0.00118334 -0.0211914 -0.0429626 -0.0011847 0.0193158 -0.023688 0.0383896 0.127031 -0.0496113 0.120093 -0.123566 1.6377 -0.0848584 -0.487895 -0.173831 -0.0105646 -0.106389 0.0409706 0.121354 -1.35701 -0.0118297 -0.307777 -0.0930188 -0.0977464 
0.0315709 0.0395502 -0.0298655 0.00230565 -0.0468431 0.00117611 -0.0211995 -0.0429765 -0.00117636 0.0193158 -0.023688 0.0383896 0.127028 -0.0496125 0.120094 -0.123567 1.63772 -0.0848572 -0.487891 -0.173832 -0.010566 -0.106347 0.0409815 0.131177 -1.35631 -0.0118346 -0.307747 -0.0930367 -0.0977572 
0.0315957 0.0395364 -0.0298655 0.00230565 -0.046847 0.00118334 -0.0211968 -0.0429709 -0.00118208 0.0193158 -0.023688 0.0383896 0.127028 -0.0496113 0.120094 -0.123566 1.63773 -0.0848596 -0.487891 -0.173831 -0.0105824 -0.106269 0.0409749 0.140699 -1.35554 -0.0118339 -0.307729 -0.093087 -0.0976603 
0.0315986 0.0395669 -0.0298655 0.00230565 -0.046847 0.00118334 -0.0211914 -0.0429626 -0.00119042 0.0193158 -0.023688 0.0383896 0.127031 -0.0496118 0.120093 -0.123565 1.6377 -0.0848606 -0.487895 -0.173831 -0.0105762 -0.106297 0.040978 0.151445 -1.35463 -0.0118395 -0.307645 -0.0930139 -0.0974963 
0.0315847 0.0395391 -0.0298655 0.00230565 -0.0468431 0.00117611 -0.0211995 -0.0429654 -0.0011847 0.0193158 -0.023688 0.0383896 0.127028 -0.0496113 0.120095 -0.123567 1.63772 -0.0848565 -0.48789 -0.173831 -0.0105693 -0.10632 0.0409997 0.161061 -1.3539 -0.0118474 -0.307632 -0.0930188 -0.0974927 
0.0316014 0.0395391 -0.0298655 0.00230565 -0.046847 0.00118334 -0.0211968 -0.0429709 -0.0011847 0.0193158 -0.023688 0.0383896 0.127028 -0.0496113 0.120094 -0.123566 1.63773 -0.0848584 -0.487891 -0.173832 -0.0105777 -0.106219 0.040978 0.170469 -1.35314 -0.0118437 -0.30762 -0.0930737 -0.0973539 
0.0315957 0.039564 -0.029871 0.00230565 -0.046847 0.00118334 -0.0211914 -0.0429515 -0.00118756 0.0193158 -0.023688 0.0383896 0.127031 -0.0496118 0.120094 -0.123566 1.6377 -0.0848584 -0.487894 -0.173831 -0.0105748 -0.106198 0.040962 0.181134 -1.35211 -0.0118474 -0.307522 -0.0930128 -0.0972521 
0.0315819 0.0395474 -0.029871 0.00230565 -0.0468431 0.00117611 -0.0211995 -0.0429654 -0.00117636 0.0193158 -0.023688 0.0383896 0.127031 -0.0496125 0.120093 -0.123567 1.63772 -0.0848582 -0.48789 -0.173832 -0.0105762 -0.106217 0.0409968 0.19066 -1.35108 -0.0118597 -0.307472 -0.0930128 -0.0972498 
0.0316069 0.0395418 -0.029871 0.00230565 -0.046847 0.00118334 -0.0211914 -0.0429682 -0.00118208 0.0193158 -0.023688 0.0383896 0.127031 -0.0496113 0.120094 -0.123565 1.63773 -0.0848584 -0.48789 -0.173831 -0.0105898 -0.106125 0.040978 0.200991 -1.34961 -0.0118712 -0.307469 -0.0930606 -0.0971229 
0.0316291 0.0395558 -0.029871 0.00230565 -0.046847 0.00118334 -0.0211914 -0.0429626 -0.00119042 0.0193158 -0.023688 0.0383896 0.127031 -0.0496118 0.120094 -0.123565 1.63771 -0.0848584 -0.487892 -0.173831 -0.0105925 -0.106157 0.0409632 0.210023 -1.3479 -0.0118699 -0.307375 -0.0930128 -0.097008 
0.0316153 0.0395418 -0.0298684 0.00230565 -0.046847 0.00118334 -0.0211914 -0.0429654 -0.00118756 0.0193158 -0.023688 0.0383896 0.127026 -0.0496118 0.120093 -0.123566 1.63772 -0.0848572 -0.48789 -0.173831 -0.0105808 -0.106187 0.0409768 0.219119 -1.34583 -0.0118742 -0.307284 -0.0929911 -0.09705 
0.0316262 0.0395391 -0.0298684 0.00230565 -0.0468445 0.00118813 -0.0211914 -0.0429709 -0.00118756 0.0193158 -0.023688 0.0383896 0.127026 -0.0496118 0.120094 -0.123566 1.63773 -0.0848596 -0.487889 -0.173831 -0.0105884 -0.106123 0.0409694 0.229222 -1.34319 -0.0118901 -0.307287 -0.0930547 -0.0970248 
0.0316458 0.0395613 -0.029871 0.00230565 -0.046847 0.00118334 -0.0211914 -0.0429626 -0.00118756 0.0193158 -0.023688 0.0383896 0.127031 -0.0496125 0.120095 -0.123566 1.63771 -0.0848606 -0.487891 -0.173831 -0.0105915 -0.106165 0.0409491 0.23796 -1.3408 -0.0118901 -0.307245 -0.0930283 -0.0969733 
0.0316207 0.0395558 -0.0298684 0.00230565 -0.046847 0.00118334 -0.0211914 -0.0429571 -0.0011847 0.0193158 -0.023688 0.0383896 0.127031 -0.0496137 0.120094 -0.123567 1.63771 -0.0848565 -0.487891 -0.173832 -0.0105808 -0.106243 0.0409303 0.246773 -1.33847 -0.0118914 -0.307179 -0.0929887 -0.097008 
0.0316095 0.0395418 -0.0298684 0.00230565 -0.0468445 0.00118813 -0.021194 -0.0429682 -0.00117636 0.0193158 -0.023688 0.0383896 0.127028 -0.0496118 0.120094 -0.123567 1.63773 -0.0848584 -0.487889 -0.173831 -0.0105832 -0.106226 0.0409265 0.256671 -1.33569 -0.0118914 -0.307179 -0.0930378 -0.097002 
0.0316458 0.039564 -0.029871 0.00230565 -0.046847 0.00119295 -0.0211914 -0.0429682 -0.00118208 0.0193158 -0.023688 0.0383896 0.127031 -0.0496113 0.120095 -0.123565 1.63772 -0.084861 -0.48789 -0.173831 -0.0105968 -0.106199 0.0408978 0.265305 -1.33286 -0.0118914 -0.307168 -0.0930294 -0.0969517 
0.0316401 0.0395502 -0.029871 0.00230565 -0.0468509 0.00119056 -0.0211914 -0.0429571 -0.0011847 0.0193158 -0.023688 0.0383896 0.127031 -0.0496113 0.120093 -0.123566 1.63772 -0.0848582 -0.48789 -0.173832 -0.0105929 -0.106241 0.0409033 0.274916 -1.32939 -0.0118964 -0.307115 -0.0929971 -0.0969841 
0.0316348 0.039528 -0.02986 0.00230565 -0.0468458 0.00120015 -0.0211914 -0.0429626 -0.00118208 0.0193158 -0.023688 0.0383896 0.127028 -0.0496113 0.120093 -0.123568 1.63772 -0.0848572 -0.487889 -0.173832 -0.0105915 -0.10619 0.0409069 0.283315 -1.32625 -0.0119048 -0.307113 -0.0930188 -0.0970129 
0.0316653 0.0395335 -0.0298655 0.00230565 -0.0468509 0.00119056 -0.0211856 -0.0429626 -0.00118208 0.0193158 -0.023688 0.0383896 0.127026 -0.0496113 0.120094 -0.123565 1.63772 -0.084861 -0.48789 -0.17383 -0.0105956 -0.106128 0.0409088 0.291527 -1.32292 -0.0119163 -0.30711 -0.0930294 -0.0969901 
0.0316792 0.0395474 -0.0298655 0.00230565 -0.0468509 0.00119056 -0.021183 -0.0429626 -0.0011847 0.0193158 -0.023688 0.0383896 0.127031 -0.0496113 0.120094 -0.123565 1.63772 -0.0848582 -0.487891 -0.173831 -0.0105915 -0.106171 0.0409048 0.300736 -1.31886 -0.0119244 -0.307068 -0.0930091 -0.0970008 
0.0316596 0.039528 -0.0298655 0.00230565 -0.046847 0.00119295 -0.0211856 -0.0429626 -0.00118208 0.0193158 -0.023688 0.0383896 0.127026 -0.0496113 0.120092 -0.123567 1.63772 -0.0848572 -0.48789 -0.173831 -0.0105846 -0.106168 0.0408974 0.308992 -1.31504 -0.0119244 -0.307036 -0.0930115 -0.0970966 
0.0316513 0.0395224 -0.0298655 0.00231312 -0.046847 0.00119295 -0.0211914 -0.0429682 -0.00117636 0.0193158 -0.023688 0.0383896 0.127026 -0.0496118 0.120093 -0.123567 1.63772 -0.0848584 -0.48789 -0.173831 -0.0105863 -0.106165 0.0409021 0.31718 -1.31118 -0.0119365 -0.307033 -0.0930283 -0.0971421 
0.0316734 0.0395558 -0.0298765 0.00231312 -0.0468496 0.00118815 -0.0211856 -0.0429709 -0.0011847 0.0193158 -0.023688 0.0383896 0.127031 -0.0496118 0.120095 -0.123565 1.63772 -0.0848584 -0.48789 -0.17383 -0.0105977 -0.106174 0.0409424 0.326327 -1.30667 -0.0122179 -0.307002 -0.0930259 -0.0971169 
0.0316622 0.0395474 -0.0298765 0.00231312 -0.0468496 0.00118815 -0.021183 -0.0429682 -0.00119042 0.0193158 -0.023688 0.0383896 0.127031 -0.0496137 0.120092 -0.123566 1.63771 -0.0848572 -0.48789 -0.173832 -0.0105956 -0.106165 0.0410614 0.334435 -1.30277 -0.0129155 -0.306884 -0.0930139 -0.0971588 
0.0316513 0.039528 -0.029871 0.00231312 -0.046847 0.00119295 -0.021183 -0.0429709 -0.00119042 0.0193158 -0.023688 0.0383896 0.127026 -0.0496125 0.120092 -0.123566 1.63772 -0.0848572 -0.48789 -0.173832 -0.0105929 -0.105963 0.0413415 0.343428 -1.29865 -0.0141637 -0.306772 -0.0930188 -0.0972785 
0.0316596 0.039528 -0.029871 0.00231312 -0.046847 0.00119295 -0.0211914 -0.0429654 -0.00119042 0.0193158 -0.023688 0.0383896 0.12702 -0.0496099 0.120093 -0.123563 1.63772 -0.084862 -0.487889 -0.17383 -0.0105929 -0.105469 0.0416503 0.35131 -1.2948 -0.0155326 -0.306756 -0.0930234 -0.0972749 
0.0316653 0.039528 -0.0298684 0.00231312 -0.0468496 0.00119776 -0.0211914 -0.0429682 -0.00119042 0.0193158 -0.023688 0.0383896 0.12702 -0.0496113 0.120092 -0.123562 1.63772 -0.084862 -0.487889 -0.173832 -0.0105929 -0.104918 0.0418823 0.359232 -1.29074 -0.0170817 -0.306752 -0.0930234 -0.0972593 
0.0316348 0.0395169 -0.0298655 0.00230565 -0.0468496 0.00119776 -0.021194 -0.0429709 -0.00119042 0.0193158 -0.023688 0.0383896 0.127023 -0.0496094 0.120091 -0.123566 1.63772 -0.0848584 -0.48789 -0.173831 -0.0105798 -0.104577 0.0418231 0.368184 -1.2861 -0.0186054 -0.306716 -0.0930198 -0.0972582 
0.0315986 0.0395418 -0.029871 0.00230565 -0.0468445 0.00118813 -0.0211995 -0.0429709 -0.00118208 0.0193158 -0.023688 0.0383896 0.127023 -0.0496113 0.120093 -0.123566 1.63772 -0.0848565 -0.48789 -0.173832 -0.0105722 -0.104468 0.0415931 0.37627 -1.28159 -0.0194609 -0.30672 -0.0930198 -0.0972582 
0.0315957 0.0395558 -0.029871 0.00230565 -0.0468406 0.00118091 -0.0211995 -0.0429626 -0.0011847 0.0193158 -0.023688 0.0383896 0.127024 -0.0496137 0.120094 -0.123566 1.63772 -0.0848584 -0.48789 -0.173831 -0.0105815 -0.104442 0.041455 0.384284 -1.27688 -0.0200348 -0.306717 -0.0930188 -0.0972246 
0.0316126 0.0395558 -0.0298793 0.00230565 -0.0468445 0.00118813 -0.0211856 -0.0429626 -0.00118756 0.0193158 -0.023688 0.0383896 0.127026 -0.0496125 0.120092 -0.123566 1.63771 -0.0848584 -0.48789 -0.173832 -0.0105915 -0.104467 0.0414119 0.39314 -1.27162 -0.0203404 -0.306706 -0.0930139 -0.0972127 
0.0316153 0.0395391 -0.0298655 0.00230565 -0.0468445 0.00118813 -0.0211914 -0.0429626 -0.00118756 0.0193158 -0.023688 0.0383896 0.12702 -0.0496099 0.120093 -0.123566 1.63772 -0.0848584 -0.487889 -0.173831 -0.0105824 -0.104528 0.0413313 0.401111 -1.26677 -0.0203247 -0.306699 -0.0930115 -0.0972426 
0.0316262 0.0395253 -0.0298655 0.00230565 -0.0468432 0.00119053 -0.0211914 -0.0429654 -0.00118756 0.0193158 -0.023688 0.0383896 0.127001 -0.049608 0.120094 -0.123565 1.63772 -0.0848606 -0.487889 -0.17383 -0.0105832 -0.104566 0.0411732 0.409112 -1.2618 -0.0203221 -0.306701 -0.0930234 -0.097239 
0.0316458 0.039528 -0.0298655 0.00230565 -0.0468483 0.00120016 -0.0211914 -0.0429654 -0.00118756 0.0193158 -0.023688 0.0383896 0.127001 -0.049608 0.120094 -0.123563 1.63772 -0.0848606 -0.487889 -0.17383 -0.0105956 -0.10457 0.0409389 0.417989 -1.25598 -0.020324 -0.3067 -0.093021 -0.09719 
0.0316541 0.0395364 -0.0298655 0.00230565 -0.0468496 0.00119776 -0.021183 -0.0429626 -0.00118756 0.0193158 -0.023688 0.0383896 0.127009 -0.0496113 0.120093 -0.123568 1.63772 -0.0848551 -0.48789 -0.173831 -0.0106015 -0.104617 0.0407219 0.425847 -1.25056 -0.0203149 -0.306689 -0.093021 -0.0971528 
0.0316458 0.0395474 -0.0298655 0.00230565 -0.0468483 0.00119535 -0.021183 -0.0429626 -0.0011847 0.0193158 -0.023688 0.0383896 0.127009 -0.0496113 0.120092 -0.123571 1.63772 -0.0848541 -0.487891 -0.173832 -0.0105925 -0.104658 0.0404992 0.43363 -1.24505 -0.0203081 -0.306688 -0.093021 -0.0971828 
0.0316458 0.0395474 -0.0298684 0.00230565 -0.0468483 0.00119535 -0.021194 -0.0429709 -0.0011847 0.0193158 -0.023688 0.0383896 0.127005 -0.0496113 0.120094 -0.123566 1.63772 -0.084861 -0.487889 -0.173831 -0.0105908 -0.104668 0.0403082 0.442451 -1.23873 -0.0203179 -0.306691 -0.093021 -0.0971959 
0.0316513 0.0395474 -0.029871 0.00230565 -0.0468483 0.00119535 -0.0211914 -0.0429654 -0.0011847 0.0193158 -0.023688 0.0383896 0.127005 -0.0496113 0.120093 -0.123564 1.63772 -0.0848596 -0.48789 -0.173831 -0.0105984 -0.104669 0.0402277 0.450199 -1.23314 -0.0203136 -0.306691 -0.0930234 -0.0971935 
0.0316458 0.0395418 -0.0298655 0.00230565 -0.0468483 0.00119535 -0.0211856 -0.0429654 -0.0011847 0.0193158 -0.023688 0.0383896 0.127009 -0.0496113 0.120093 -0.123567 1.63772 -0.0848572 -0.48789 -0.173832 -0.0105963 -0.104713 0.0401514 0.45889 -1.22666 -0.0203081 -0.306683 -0.0930198 -0.0972294 
0.0316458 0.0395418 -0.0298684 0.00230565 -0.0468483 0.00119535 -0.0211914 -0.0429709 -0.00118208 0.0193158 -0.0236906 0.0383849 0.127005 -0.0496113 0.120093 -0.123567 1.63772 -0.0848584 -0.48789 -0.173831 -0.0105863 -0.104824 0.0400879 0.46663 -1.22095 -0.0203179 -0.306686 -0.093021 -0.0972474 
0.0316401 0.0395474 -0.0298684 0.00230565 -0.046847 0.00119295 -0.0211995 -0.0429626 -0.0011847 0.0193158 -0.0236906 0.0383849 0.127004 -0.0496113 0.120094 -0.123565 1.63772 -0.084861 -0.487889 -0.17383 -0.0105879 -0.104958 0.0400786 0.474389 -1.21532 -0.0203154 -0.306685 -0.093021 -0.0972378 
0.0316348 0.0395558 -0.029871 0.00230565 -0.046847 0.00119295 -0.0211968 -0.0429626 -0.0011847 0.0193158 -0.0236906 0.0383849 0.127009 -0.0496113 0.120093 -0.123566 1.63772 -0.0848572 -0.48789 -0.173831 -0.010603 -0.104974 0.040072 0.484127 -1.2085 -0.0203118 -0.306683 -0.0930198 -0.0972294 
0.0316262 0.0395418 -0.0298684 0.00230565 -0.046847 0.00119295 -0.021183 -0.0429543 -0.0011847 0.019312 -0.0236906 0.0383849 0.127009 -0.0496113 0.120092 -0.123569 1.63772 -0.0848551 -0.48789 -0.173831 -0.010601 -0.104997 0.0400708 0.491869 -1.20307 -0.0203118 -0.306683 -0.093021 -0.0972318 
0.0316291 0.0395418 -0.0298684 0.00230565 -0.046847 0.00119295 -0.0211914 -0.0429626 -0.00118756 0.019312 -0.0236906 0.0383849 0.127002 -0.0496113 0.120093 -0.123567 1.63772 -0.0848572 -0.487889 -0.173831 -0.0106001 -0.104983 0.0400734 0.499501 -1.19762 -0.0203118 -0.306684 -0.0930234 -0.097233 
0.0316458 0.0395418 -0.0298655 0.00230565 -0.0468496 0.00119776 -0.0211968 -0.0429654 -0.00118756 0.0193158 -0.0236906 0.0383849 0.127001 -0.0496094 0.120094 -0.123561 1.63772 -0.0848637 -0.487889 -0.17383 -0.0106015 -0.104958 0.0400908 0.508022 -1.1913 -0.0203338 -0.306683 -0.0930198 -0.0972031 
0.0316541 0.0395364 -0.0298655 0.00230565 -0.0468522 0.00120258 -0.0211856 -0.0429654 -0.00118756 0.0193158 -0.0236906 0.0383849 0.127004 -0.0496094 0.120092 -0.123565 1.63772 -0.0848606 -0.487889 -0.17383 -0.0106039 -0.104959 0.0400903 0.515459 -1.18561 -0.0203295 -0.306681 -0.093021 -0.0971828 
0.0316486 0.039528 -0.0298655 0.00230565 -0.0468496 0.00119776 -0.021183 -0.0429765 -0.00118756 0.0193158 -0.0236906 0.0383849 0.127002 -0.0496099 0.120091 -0.123568 1.63772 -0.0848556 -0.48789 -0.173832 -0.0106001 -0.104959 0.0400813 0.522802 -1.1798 -0.0203166 -0.306676 -0.0930188 -0.0972019 
0.0316513 0.039528 -0.029871 0.00230565 -0.0468445 0.00118813 -0.0211914 -0.0429654 -0.00118756 0.0193158 -0.0236906 0.0383849 0.127002 -0.0496113 0.120093 -0.123567 1.63772 -0.0848584 -0.48789 -0.173831 -0.0105977 -0.104956 0.0400856 0.531101 -1.17316 -0.0203203 -0.306674 -0.0930188 -0.0972294 
0.0316596 0.039528 -0.029871 0.00230565 -0.0468445 0.00118813 -0.021194 -0.0429654 -0.00118756 0.0193158 -0.0236906 0.0383849 0.127002 -0.0496099 0.120093 -0.123561 1.63772 -0.084861 -0.487889 -0.173829 -0.0106049 -0.104943 0.0400903 0.538429 -1.16713 -0.0203301 -0.306676 -0.0930198 -0.0972294 
0.0316596 0.039528 -0.029871 0.00230565 -0.0468445 0.00118813 -0.021183 -0.0429654 -0.00119042 0.0193158 -0.0236906 0.0383849 0.127009 -0.0496099 0.120093 -0.123565 1.63772 -0.0848596 -0.487889 -0.173831 -0.0106351 -0.104947 0.0400879 0.545514 -1.16108 -0.0203295 -0.306676 -0.0930188 -0.0972246 
0.0316596 0.039528 -0.0298655 0.00230565 -0.046847 0.00119295 -0.0211804 -0.0429682 -0.00119042 0.0193158 -0.0236906 0.0383849 0.127005 -0.0496099 0.120091 -0.12357 1.63772 -0.0848541 -0.48789 -0.173831 -0.0106413 -0.104964 0.0400734 0.553379 -1.15414 -0.0203221 -0.306674 -0.0930188 -0.0972642 
0.0316653 0.039528 -0.0298684 0.00231312 -0.046847 0.00119295 -0.0211914 -0.0429709 -0.00118756 0.0193158 -0.0236906 0.0383849 0.126998 -0.0496099 0.120094 -0.123565 1.63772 -0.0848606 -0.487889 -0.17383 -0.0106328 -0.104965 0.0400782 0.56038 -1.14802 -0.0203234 -0.306669 -0.0930188 -0.0973228 
0.0316622 0.0395335 -0.0298684 0.00230565 -0.046847 0.00119295 -0.0211995 -0.0429709 -0.00118756 0.0193232 -0.0236906 0.0383849 0.127001 -0.0496094 0.120094 -0.123562 1.63772 -0.084862 -0.487889 -0.173829 -0.0106366 -0.104954 0.0400848 0.568254 -1.14117 -0.0203295 -0.306674 -0.0930198 -0.0973407 
0.0316596 0.0395364 -0.0298684 0.00230565 -0.0468496 0.00119776 -0.0211914 -0.0429654 -0.00118756 0.0193158 -0.0236906 0.0383849 0.127009 -0.0496113 0.120093 -0.123567 1.63772 -0.0848572 -0.487889 -0.173831 -0.0106432 -0.104952 0.0400867 0.575126 -1.13515 -0.0203319 -0.306671 -0.0930198 -0.0973167 
0.0316541 0.0395364 -0.0298684 0.00230565 -0.0468445 0.00118813 -0.021183 -0.0429654 -0.00118756 0.019312 -0.0236906 0.0383849 0.127009 -0.0496113 0.120091 -0.12357 1.63771 -0.0848541 -0.487891 -0.173833 -0.0106421 -0.104953 0.040082 0.581974 -1.12903 -0.0203252 -0.306669 -0.0930188 -0.097312 
0.0316541 0.0395391 -0.0298684 0.00230565 -0.0468445 0.00118813 -0.0211914 -0.0429654 -0.00118756 0.0193158 -0.0236906 0.0383849 0.127005 -0.0496113 0.120092 -0.123565 1.63772 -0.0848606 -0.48789 -0.17383 -0.0106328 -0.104952 0.0400836 0.58969 -1.12211 -0.0203247 -0.306667 -0.093021 -0.0973156 
0.0316486 0.039528 -0.029871 0.00230565 -0.0468445 0.00118813 -0.0211995 -0.0429654 -0.00118756 0.0193158 -0.0236906 0.0383849 0.127002 -0.0496094 0.120093 -0.123561 1.63772 -0.084862 -0.487889 -0.17383 -0.0106301 -0.104948 0.0400848 0.596592 -1.11595 -0.0203277 -0.30667 -0.0930198 -0.0973156 
0.0316401 0.039528 -0.0298684 0.00230565 -0.0468496 0.00119776 -0.0211968 -0.0429709 -0.00118756 0.0193158 -0.0236906 0.0383849 0.127005 -0.0496094 0.120093 -0.123563 1.63772 -0.0848584 -0.487889 -0.173831 -0.010638 -0.104946 0.0400848 0.603533 -1.10986 -0.0203288 -0.306671 -0.0930188 -0.0973156 
0.0316348 0.0395253 -0.0298684 0.00230565 -0.0468496 0.00119776 -0.021183 -0.0429709 -0.00118756 0.019312 -0.0236906 0.0383849 0.127009 -0.0496099 0.120091 -0.12357 1.63772 -0.0848556 -0.48789 -0.173833 -0.0106421 -0.104955 0.0400734 0.611221 -1.10298 -0.0203179 -0.306667 -0.0930198 -0.0973144 
0.0316458 0.0395335 -0.0298684 0.00230565 -0.0468445 0.00118813 -0.0211856 -0.0429682 -0.00118756 0.019312 -0.0236906 0.0383849 0.127004 -0.0496099 0.120091 -0.123567 1.63772 -0.0848596 -0.487891 -0.173831 -0.0106366 -0.10496 0.0400672 0.618075 -1.09674 -0.0203191 -0.306669 -0.0930151 -0.0973479 
0.0316458 0.0395335 -0.0298684 0.00230565 -0.0468445 0.00118813 -0.0211968 -0.0429792 -0.00118756 0.0193158 -0.0236906 0.0383849 0.127002 -0.0496094 0.120095 -0.123562 1.63772 -0.084861 -0.487889 -0.17383 -0.0106332 -0.104953 0.0400696 0.625746 -1.0896 -0.0203203 -0.30667 -0.0930139 -0.0973611 
0.0316458 0.039528 -0.0298684 0.00230565 -0.0468483 0.00119535 -0.0211914 -0.0429709 -0.00119042 0.0193158 -0.0236906 0.0383849 0.127004 -0.049608 0.120092 -0.123563 1.63772 -0.0848584 -0.487889 -0.17383 -0.010638 -0.104945 0.040072 0.632611 -1.08331 -0.0203247 -0.306671 -0.0930151 -0.0973515 
0.0316486 0.039528 -0.0298684 0.00230565 -0.0468445 0.00118813 -0.0211804 -0.0429709 -0.00118756 0.0193158 -0.0236906 0.0383849 0.127009 -0.0496094 0.120091 -0.123571 1.63772 -0.0848565 -0.48789 -0.173832 -0.0106397 -0.104946 0.0400739 0.639398 -1.07694 -0.0203247 -0.306669 -0.0930151 -0.0973263 
0.0316596 0.039528 -0.0298684 0.00230565 -0.0468445 0.00118813 -0.021183 -0.0429709 -0.00118756 0.0193158 -0.0236906 0.0383849 0.127009 -0.0496113 0.120091 -0.12357 1.63771 -0.0848572 -0.487891 -0.173832 -0.0106342 -0.104946 0.0400708 0.646933 -1.06971 -0.0203234 -0.306669 -0.0930139 -0.0973263 
0.0316622 0.039528 -0.0298684 0.00230565 -0.0468432 0.00119053 -0.0211914 -0.0429709 -0.00118756 0.0193158 -0.0236906 0.0383849 0.127002 -0.0496094 0.120091 -0.123561 1.63772 -0.084861 -0.487889 -0.17383 -0.0106282 -0.10493 0.0400836 0.653729 -1.06302 -0.0203234 -0.306669 -0.0930151 -0.0973336 
0.0316596 0.0395224 -0.0298684 0.00230565 -0.0468419 0.00119293 -0.021194 -0.0429709 -0.0011847 0.0193158 -0.0236906 0.0383849 0.127002 -0.049608 0.120093 -0.123562 1.63772 -0.0848627 -0.487889 -0.17383 -0.0106249 -0.104849 0.0400896 0.660552 -1.05618 -0.0203393 -0.306673 -0.0930151 -0.0973347 
0.0316596 0.0395169 -0.0298655 0.00230565 -0.0468445 0.00119774 -0.0211856 -0.0429709 -0.0011847 0.0193158 -0.0236906 0.0383849 0.127009 -0.0496099 0.120091 -0.12357 1.63772 -0.0848551 -0.487889 -0.173832 -0.0106342 -0.104726 0.0400841 0.668229 -1.0484 -0.0203441 -0.306674 -0.0930188 -0.0973336 
0.0316622 0.0395253 -0.0298655 0.00230565 -0.0468445 0.00119774 -0.021183 -0.0429709 -0.00118756 0.019312 -0.0236906 0.0383849 0.127009 -0.0496099 0.12009 -0.12357 1.63772 -0.0848541 -0.48789 -0.173832 -0.0106359 -0.104711 0.0400786 0.674986 -1.04144 -0.0203393 -0.306669 -0.0930188 -0.0973443 
0.0316734 0.039528 -0.0298655 0.00230565 -0.0468458 0.00119535 -0.0211856 -0.0429654 -0.00118756 0.019312 -0.0236906 0.0383849 0.127002 -0.0496094 0.120091 -0.123565 1.63772 -0.084862 -0.487889 -0.17383 -0.0106328 -0.104715 0.0400786 0.681614 -1.03426 -0.0203404 -0.30667 -0.0930139 -0.0974185 
0.0316763 0.0395142 -0.0298655 0.00230565 -0.0468458 0.00119535 -0.0211914 -0.0429654 -0.00119042 0.0193158 -0.0236906 0.0383849 0.127001 -0.049608 0.120093 -0.123563 1.63772 -0.084861 -0.487889 -0.173829 -0.0106294 -0.104714 0.0400782 0.689068 -1.0259 -0.0203441 -0.306673 -0.0930151 -0.0975358 
0.0316763 0.0395142 -0.0298655 0.00230565 -0.0468458 0.00119535 -0.0211856 -0.0429682 -0.00118756 0.0193158 -0.0236906 0.0383849 0.127002 -0.049608 0.120091 -0.123565 1.63772 -0.0848565 -0.487889 -0.173831 -0.0106332 -0.104715 0.0400767 0.695652 -1.01841 -0.0203465 -0.306674 -0.0930175 -0.0975346 
0.0316792 0.0395169 -0.0298684 0.00230565 -0.0468432 0.00119053 -0.0211804 -0.0429765 -0.00119042 0.0193158 -0.0236906 0.0383849 0.127005 -0.0496099 0.120091 -0.123571 1.63772 -0.0848556 -0.487891 -0.173832 -0.0106351 -0.104732 0.0400665 0.702115 -1.01089 -0.0203422 -0.306669 -0.0930151 -0.0975286 
0.0316792 0.039528 -0.0298684 0.00230565 -0.0468432 0.00119053 -0.0211804 -0.0429765 -0.00118756 0.0193158 -0.0236906 0.0383849 0.127004 -0.0496099 0.120091 -0.123567 1.63772 -0.0848584 -0.48789 -0.17383 -0.0106311 -0.104741 0.0400379 0.709352 -1.0021 -0.0203385 -0.306671 -0.0930151 -0.0975238 
0.0316763 0.0395169 -0.029871 0.00230565 -0.0468406 0.00119533 -0.0211914 -0.0429847 -0.00118756 0.0193158 -0.0236906 0.0383849 0.127002 -0.0496099 0.120092 -0.123562 1.63772 -0.084861 -0.487889 -0.17383 -0.0106282 -0.104739 0.0400209 0.715772 -0.994093 -0.0203393 -0.30667 -0.0930151 -0.0975227 
0.0316734 0.0395169 -0.029871 0.00230565 -0.046838 0.00120012 -0.0211914 -0.0429682 -0.00118756 0.0193158 -0.0236906 0.0383849 0.127002 -0.049608 0.120091 -0.123563 1.63772 -0.0848606 -0.487889 -0.173831 -0.0106294 -0.104728 0.0400231 0.723099 -0.984982 -0.0203472 -0.306673 -0.0930151 -0.0975155 
0.0316734 0.0395142 -0.0298684 0.00230565 -0.046838 0.00120012 -0.0211856 -0.0429682 -0.00118756 0.0193158 -0.0236906 0.0383849 0.127004 -0.0496094 0.12009 -0.12357 1.63772 -0.0848541 -0.487889 -0.173832 -0.0106387 -0.104728 0.0400195 0.729588 -0.976603 -0.0203502 -0.306671 -0.0930188 -0.0974951 
0.0316792 0.0395169 -0.0298684 0.00230565 -0.046838 0.00120012 -0.0211804 -0.0429682 -0.00118756 0.0193158 -0.0236906 0.0383849 0.127004 -0.0496094 0.120091 -0.123568 1.63772 -0.0848565 -0.48789 -0.173831 -0.0106468 -0.104737 0.0400093 0.735902 -0.968049 -0.0203496 -0.306671 -0.0930175 -0.0974951 
0.0316846 0.0395142 -0.0298684 0.00230565 -0.0468406 0.00120494 -0.021183 -0.0429709 -0.00118756 0.0193158 -0.0236906 0.0383849 0.127001 -0.0496094 0.120091 -0.123563 1.63772 -0.084862 -0.487889 -0.17383 -0.0106413 -0.104747 0.0399463 0.742896 -0.958165 -0.0203472 -0.306671 -0.0930151 -0.0975118 
0.0316846 0.0395113 -0.0298655 0.00230565 -0.046838 0.00120012 -0.0211914 -0.0429765 -0.00118756 0.0193158 -0.0236906 0.0383849 0.126996 -0.049608 0.120091 -0.123564 1.63772 -0.084861 -0.487889 -0.17383 -0.010637 -0.104748 0.0398293 0.749066 -0.949185 -0.0203465 -0.306673 -0.0930151 -0.0975263 
0.0316846 0.0395142 -0.0298655 0.00230565 -0.0468406 0.00119533 -0.0211856 -0.0429765 -0.00118756 0.0193158 -0.0236906 0.0383849 0.126998 -0.049608 0.120091 -0.123565 1.63772 -0.0848582 -0.487888 -0.17383 -0.0106397 -0.104746 0.0396752 0.755179 -0.940035 -0.020352 -0.306675 -0.0930151 -0.0975202 
0.0316792 0.0395224 -0.029871 0.00230565 -0.0468445 0.00118813 -0.0211804 -0.0429792 -0.00118756 0.0193158 -0.0236906 0.0383849 0.127004 -0.0496113 0.120091 -0.12357 1.63772 -0.0848556 -0.48789 -0.173832 -0.0106432 -0.104745 0.0394759 0.761998 -0.929492 -0.0203526 -0.306674 -0.0930139 -0.0975071 
0.0316792 0.0395224 -0.029871 0.00230565 -0.0468445 0.00118813 -0.0211804 -0.0429682 -0.00118756 0.0193158 -0.0236906 0.0383849 0.127004 -0.0496125 0.120091 -0.123566 1.63771 -0.0848582 -0.48789 -0.17383 -0.0106413 -0.104746 0.0392535 0.767951 -0.919972 -0.0203509 -0.306673 -0.0930139 -0.0975011 
0.0316846 0.0395169 -0.029871 0.00230565 -0.0468445 0.00118813 -0.0211856 -0.0429654 -0.00118756 0.0193158 -0.0236906 0.0383849 0.127001 -0.0496113 0.120091 -0.123565 1.63772 -0.0848606 -0.48789 -0.17383 -0.0106342 -0.104743 0.0389686 0.773846 -0.910325 -0.020352 -0.306671 -0.0930151 -0.0975095 
0.0316763 0.0395113 -0.0298655 0.00230565 -0.0468432 0.00119053 -0.0211914 -0.0429765 -0.0011847 0.0193158 -0.0236906 0.0383849 0.126998 -0.0496113 0.120091 -0.123564 1.63772 -0.0848606 -0.487889 -0.173831 -0.0106239 -0.104723 0.0385463 0.780601 -0.899231 -0.020352 -0.306673 -0.0930151 -0.0975083 
0.0316541 0.0395113 -0.0298655 0.00230565 -0.0468432 0.00119053 -0.021194 -0.0429682 -0.00118208 0.0193158 -0.0236906 0.0383849 0.127001 -0.0496113 0.120091 -0.123566 1.63772 -0.0848582 -0.487889 -0.173831 -0.0106301 -0.104707 0.0380518 0.78749 -0.888046 -0.0203838 -0.306671 -0.0930188 -0.0974892 
0.0316401 0.0395169 -0.029871 0.00230565 -0.0468432 0.00119053 -0.0211914 -0.0429654 -0.0011847 0.0193158 -0.0236906 0.0383849 0.127002 -0.0496118 0.120091 -0.123567 1.63771 -0.0848572 -0.48789 -0.173831 -0.0106387 -0.104704 0.0375597 0.793612 -0.877951 -0.0204253 -0.306673 -0.0930139 -0.0974724 
0.0316458 0.0395253 -0.029871 0.00230565 -0.0468432 0.00119053 -0.0211914 -0.0429654 -0.00118756 0.0193158 -0.0236906 0.0383849 0.127001 -0.0496113 0.12009 -0.123566 1.63771 -0.0848606 -0.487889 -0.173831 -0.0106366 -0.104715 0.0369489 0.800338 -0.866438 -0.0204558 -0.306672 -0.0930151 -0.0974688 
0.0316458 0.0395086 -0.0298655 0.00230565 -0.0468432 0.00119053 -0.021194 -0.0429709 -0.00118756 0.0193158 -0.0236906 0.0383849 0.126993 -0.049608 0.120091 -0.123565 1.63772 -0.0848606 -0.487889 -0.173831 -0.0106289 -0.10473 0.0363379 0.806318 -0.856115 -0.0204558 -0.306671 -0.0930151 -0.0974724 
0.0316458 0.0395086 -0.02986 0.00230565 -0.046847 0.00119775 -0.0211995 -0.0429709 -0.00118756 0.0193158 -0.0236906 0.0383849 0.126986 -0.049608 0.120091 -0.123565 1.63772 -0.0848606 -0.487888 -0.173831 -0.0106249 -0.104746 0.035537 0.813061 -0.84421 -0.0204558 -0.306674 -0.0930139 -0.0974699 
0.0316401 0.0395169 -0.0298655 0.00230565 -0.046847 0.00119775 -0.0211968 -0.0429709 -0.00118756 0.0193158 -0.0236906 0.0383849 0.126993 -0.0496094 0.120091 -0.123565 1.63772 -0.0848606 -0.487889 -0.173831 -0.0106289 -0.104752 0.0346973 0.81916 -0.833492 -0.0204711 -0.306674 -0.0930139 -0.0974532 
0.0316401 0.0395253 -0.029871 0.00230565 -0.046847 0.00119295 -0.0211914 -0.0429654 -0.0011847 0.0193158 -0.0236906 0.0383849 0.127001 -0.0496113 0.120091 -0.123567 1.63772 -0.0848584 -0.487889 -0.173831 -0.0106359 -0.104753 0.0336976 0.825152 -0.822593 -0.0204852 -0.306673 -0.0930151 -0.0974137 
0.0316513 0.0395253 -0.029871 0.00230565 -0.046847 0.00119295 -0.0211856 -0.0429654 -0.00118756 0.0193158 -0.0236906 0.0383849 0.126998 -0.0496118 0.120091 -0.123567 1.63771 -0.0848584 -0.487889 -0.173831 -0.0106351 -0.104753 0.0324397 0.831767 -0.810143 -0.0204973 -0.306671 -0.0930128 -0.0973934 
0.0316679 0.0395169 -0.0298684 0.00230565 -0.046847 0.00119295 -0.0211856 -0.0429709 -0.00118756 0.0193158 -0.0236906 0.0383849 0.126993 -0.0496099 0.12009 -0.123565 1.63772 -0.0848606 -0.487889 -0.173831 -0.0106311 -0.104745 0.0312586 0.837578 -0.799058 -0.0204985 -0.306669 -0.0930128 -0.0973958 
0.0316679 0.0395031 -0.0298655 0.00230565 -0.0468445 0.00119774 -0.0211914 -0.0429792 -0.0011847 0.0193158 -0.0236906 0.0383849 0.12699 -0.0496094 0.120091 -0.123565 1.63772 -0.0848584 -0.487888 -0.173831 -0.0106294 -0.104735 0.0300257 0.843389 -0.787924 -0.0205016 -0.306669 -0.0930128 -0.0974005 
0.0316541 0.0395031 -0.0298684 0.00230565 -0.046847 0.00119295 -0.0211914 -0.0429765 -0.0011847 0.0193158 -0.0236906 0.0383849 0.126993 -0.0496099 0.12009 -0.123565 1.63772 -0.0848584 -0.487888 -0.17383 -0.0106342 -0.104716 0.0285876 0.85001 -0.775259 -0.0205749 -0.306671 -0.0930139 -0.0973958 
0.0316458 0.0395224 -0.029871 0.00230565 -0.046847 0.00119295 -0.0211914 -0.0429682 -0.0011847 0.0193158 -0.0236906 0.0383849 0.126996 -0.0496118 0.120091 -0.123566 1.63772 -0.0848582 -0.48789 -0.173831 -0.0106366 -0.104718 0.0273058 0.85586 -0.763982 -0.0206951 -0.306671 -0.0930128 -0.0973909 
0.0316513 0.0395224 -0.029871 0.00230565 -0.046847 0.00119295 -0.0211914 -0.0429682 -0.00118756 0.019312 -0.0236906 0.0383849 0.126994 -0.0496113 0.120091 -0.123566 1.63772 -0.0848572 -0.487889 -0.173831 -0.0106342 -0.104725 0.0258362 0.862281 -0.751233 -0.0208275 -0.306669 -0.0930115 -0.0973958 
0.0316596 0.0395169 -0.0298655 0.00230192 -0.046847 0.00119295 -0.0211914 -0.0429765 -0.0011847 0.019312 -0.0236906 0.0383849 0.12699 -0.0496094 0.120091 -0.123566 1.63772 -0.0848584 -0.487889 -0.173831 -0.0106289 -0.104734 0.0244946 0.867916 -0.739883 -0.020858 -0.306669 -0.0930115 -0.0974269 
0.0316486 0.0395169 -0.02986 0.00230192 -0.046847 0.00119295 -0.0211968 -0.0429765 -0.0011847 0.019312 -0.0236906 0.0383849 0.126988 -0.0496094 0.120091 -0.123565 1.63772 -0.0848584 -0.487889 -0.173831 -0.0106239 -0.104743 0.0231078 0.873635 -0.728403 -0.0208588 -0.306669 -0.0930091 -0.0974364 
0.0316374 0.0395253 -0.0298655 0.00230192 -0.046847 0.00119295 -0.0211968 -0.0429709 -0.0011847 0.019312 -0.0236906 0.0383849 0.126993 -0.0496113 0.120091 -0.123565 1.63772 -0.0848584 -0.487889 -0.17383 -0.0106282 -0.104755 0.021414 0.880143 -0.715436 -0.0208989 -0.306669 -0.0930115 -0.0974353 
0.0316374 0.0395253 -0.0298655 0.00230192 -0.046847 0.00119295 -0.0211914 -0.0429709 -0.0011847 0.019312 -0.0236906 0.0383849 0.126996 -0.0496113 0.120091 -0.123566 1.63772 -0.0848582 -0.487889 -0.173832 -0.0106332 -0.10476 0.0197802 0.885954 -0.703848 -0.0209843 -0.30667 -0.0930115 -0.0974113 
0.0316458 0.0395253 -0.0298684 0.00230192 -0.046847 0.00119295 -0.0211856 -0.0429682 -0.0011847 0.019312 -0.0236906 0.0383849 0.126993 -0.0496113 0.120091 -0.123566 1.63772 -0.0848582 -0.48789 -0.173832 -0.0106332 -0.10477 0.0180628 0.891643 -0.692294 -0.0210899 -0.306669 -0.0930115 -0.0973909 
0.0316622 0.0395086 -0.0298655 0.00230192 -0.0468406 0.00120494 -0.0211856 -0.0429709 -0.00118756 0.019312 -0.0236906 0.0383849 0.126988 -0.0496094 0.12009 -0.123565 1.63772 -0.0848606 -0.487889 -0.17383 -0.0106282 -0.104785 0.0161078 0.897899 -0.679432 -0.0211461 -0.306669 -0.0930115 -0.097385 
0.0316596 0.0395031 -0.02986 0.00230192 -0.0468406 0.00120494 -0.0211914 -0.0429709 -0.0011847 0.0193158 -0.0236906 0.0383849 0.126985 -0.049608 0.12009 -0.123565 1.63772 -0.0848606 -0.487888 -0.173831 -0.010623 -0.104785 0.0143664 0.903538 -0.668058 -0.0211558 -0.306667 -0.0930091 -0.0973886 
0.0316513 0.0395031 -0.0298655 0.00230192 -0.0468393 0.00120734 -0.0211914 -0.0429709 -0.0011847 0.0193158 -0.0236906 0.0383849 0.126986 -0.0496099 0.120091 -0.123565 1.63772 -0.0848584 -0.487889 -0.173831 -0.0106225 -0.104777 0.0123558 0.909993 -0.655339 -0.0211908 -0.306667 -0.0930091 -0.0973874 
0.0316458 0.0395142 -0.0298655 0.00230192 -0.0468393 0.00120734 -0.0211914 -0.0429765 -0.0011847 0.0193158 -0.0236906 0.0383849 0.126993 -0.0496113 0.120091 -0.123567 1.63772 -0.0848572 -0.487889 -0.173832 -0.0106289 -0.104763 0.0105677 0.915733 -0.644143 -0.0213165 -0.306664 -0.0930115 -0.0973909 
0.0316486 0.0395142 -0.0298655 0.00230565 -0.0468393 0.00120734 -0.021183 -0.0429709 -0.0011847 0.0193158 -0.0236906 0.0383849 0.126993 -0.0496113 0.120091 -0.123566 1.63772 -0.0848572 -0.48789 -0.173831 -0.0106282 -0.104757 0.0087347 0.921441 -0.632911 -0.0215106 -0.306663 -0.0930091 -0.0974005 
0.0316679 0.0395031 -0.02986 0.00230565 -0.0468393 0.00120734 -0.021183 -0.042982 -0.0011847 0.0193158 -0.0236906 0.0383849 0.126988 -0.0496094 0.120091 -0.123566 1.63772 -0.084861 -0.487889 -0.173831 -0.0106249 -0.10476 0.0066905 0.927752 -0.62027 -0.0216986 -0.30666 -0.0930091 -0.0974413 
0.0316792 0.0394837 -0.02986 0.00230565 -0.0468367 0.00121213 -0.021183 -0.042982 -0.0011847 0.0193158 -0.0236906 0.0383849 0.126985 -0.0496094 0.120091 -0.123563 1.63772 -0.0848606 -0.487888 -0.173831 -0.0106211 -0.104763 0.00483656 0.933328 -0.609175 -0.0218419 -0.306661 -0.0930091 -0.0974699 
0.0316763 0.0394864 -0.0298655 0.00230565 -0.0468367 0.00121213 -0.021183 -0.042982 -0.0011847 0.0193158 -0.0236906 0.0383849 0.126986 -0.049608 0.120091 -0.123565 1.63772 -0.0848606 -0.487888 -0.173831 -0.0106211 -0.104773 0.00297785 0.938944 -0.59813 -0.0220085 -0.306661 -0.0930091 -0.0974724 
0.0316734 0.0394975 -0.0298684 0.00230565 -0.0468367 0.00121213 -0.021183 -0.0429792 -0.0011847 0.0193158 -0.0236906 0.0383849 0.126993 -0.0496113 0.120091 -0.123566 1.63772 -0.0848572 -0.487889 -0.173831 -0.0106289 -0.104777 0.000886202 0.945306 -0.585942 -0.0224541 -0.306663 -0.0930091 -0.0974556 
0.0316763 0.0395001 -0.029871 0.00230565 -0.0468367 0.00121213 -0.0211804 -0.0429792 -0.0011847 0.019312 -0.0236906 0.0383849 0.126993 -0.0496118 0.12009 -0.123567 1.63771 -0.0848572 -0.48789 -0.17383 -0.0106289 -0.104779 -0.00090456 0.950759 -0.575498 -0.0231109 -0.306663 -0.0930091 -0.0974497 
0.0316901 0.0395031 -0.0298684 0.00230565 -0.0468367 0.00121213 -0.0211804 -0.042982 -0.0011847 0.019312 -0.0236906 0.0383849 0.12699 -0.0496113 0.120091 -0.123567 1.63772 -0.0848582 -0.487889 -0.173831 -0.0106266 -0.1048 -0.00292897 0.956724 -0.563985 -0.0240692 -0.306661 -0.0930115 -0.0974437 
0.0316985 0.0394864 -0.0298655 0.00230565 -0.0468367 0.00121213 -0.0211804 -0.0429792 -0.0011847 0.0193158 -0.0236906 0.0383849 0.126986 -0.0496094 0.120091 -0.123565 1.63772 -0.0848606 -0.487889 -0.17383 -0.0106201 -0.104808 -0.00469184 0.961911 -0.553994 -0.0250298 -0.306661 -0.0930079 -0.097446 
0.031693 0.0394837 -0.0298655 0.00230192 -0.0468367 0.00121213 -0.0211804 -0.0429765 -0.00118208 0.0193158 -0.0236906 0.0383849 0.126986 -0.0496094 0.120091 -0.123565 1.63772 -0.0848596 -0.487888 -0.173831 -0.0106142 -0.104809 -0.00641918 0.967096 -0.544364 -0.0261053 -0.30666 -0.0930091 -0.097446 
0.0316763 0.039489 -0.0298684 0.00230565 -0.0468367 0.00121213 -0.0211856 -0.0429792 -0.00118208 0.0193158 -0.0236906 0.0383849 0.12699 -0.0496113 0.120091 -0.123565 1.63772 -0.0848584 -0.487889 -0.173831 -0.0106151 -0.104808 -0.00825095 0.97296 -0.533623 -0.0275781 -0.306662 -0.0930091 -0.0974353 
0.0316734 0.0395031 -0.029871 0.00230192 -0.046838 0.00120974 -0.021183 -0.0429792 -0.00118208 0.0193158 -0.0236906 0.0383849 0.126993 -0.0496137 0.120091 -0.123567 1.63772 -0.0848565 -0.487889 -0.173831 -0.0106211 -0.104808 -0.00986075 0.978081 -0.524199 -0.0292675 -0.30666 -0.0930079 -0.097397 
0.0316763 0.0395031 -0.029871 0.00230192 -0.046838 0.00120974 -0.021183 -0.0429765 -0.0011847 0.0193158 -0.0236906 0.0383849 0.12699 -0.0496113 0.120089 -0.123565 1.63772 -0.0848596 -0.48789 -0.173831 -0.0106211 -0.104809 -0.0114434 0.983091 -0.51502 -0.0313859 -0.306659 -0.0930091 -0.0973958 
0.0316846 0.0394753 -0.0298655 0.00230565 -0.046838 0.00120974 -0.021183 -0.042982 -0.0011847 0.0193158 -0.0236906 0.0383849 0.126985 -0.0496094 0.120091 -0.123566 1.63772 -0.0848606 -0.487889 -0.17383 -0.0106163 -0.104825 -0.0131958 0.988571 -0.504868 -0.034044 -0.306656 -0.0930091 -0.097397 
0.0316846 0.0394696 -0.02986 0.00230565 -0.046838 0.00120974 -0.021183 -0.0429792 -0.0011847 0.0193158 -0.0236906 0.0383849 0.126982 -0.049607 0.120091 -0.123564 1.63772 -0.0848606 -0.487889 -0.173831 -0.0106115 -0.104854 -0.0147498 0.993467 -0.49592 -0.0365233 -0.306654 -0.0930091 -0.0974053 
0.0316763 0.0394753 -0.0298655 0.00231312 -0.046838 0.00120974 -0.0211914 -0.0429847 -0.0011847 0.0193158 -0.0236906 0.0383849 0.126986 -0.0496094 0.120091 -0.123565 1.63772 -0.0848596 -0.487888 -0.17383 -0.0106094 -0.104877 -0.016202 0.998311 -0.487174 -0.0389165 -0.306644 -0.0930091 -0.0974101 
0.0316622 0.039489 -0.0298684 0.00230565 -0.046838 0.00120974 -0.0211914 -0.0429847 -0.00118208 0.0193158 -0.0236906 0.0383849 0.126988 -0.0496113 0.120091 -0.123565 1.63772 -0.0848582 -0.487889 -0.173832 -0.0106108 -0.104884 -0.0178258 1.00391 -0.477494 -0.0418304 -0.306639 -0.0930079 -0.0974005 
0.0316622 0.0394948 -0.029871 0.00230565 -0.046838 0.00120974 -0.0211856 -0.0429847 -0.00118208 0.019312 -0.0236906 0.0383849 0.12699 -0.0496113 0.12009 -0.123567 1.63772 -0.0848572 -0.487889 -0.173831 -0.0106125 -0.104887 -0.0192835 1.0089 -0.468851 -0.0447881 -0.306619 -0.0930091 -0.0973958 
0.0316763 0.0394948 -0.0298684 0.00230565 -0.046838 0.00120974 -0.021183 -0.0429847 -0.00118208 0.019312 -0.0236906 0.0383849 0.126986 -0.0496113 0.120091 -0.123567 1.63772 -0.0848572 -0.487889 -0.173831 -0.0106125 -0.104901 -0.0207298 1.01381 -0.460364 -0.0480168 -0.306586 -0.0930091 -0.097397 
0.0316846 0.0394837 -0.0298655 0.00230565 -0.046838 0.00120974 -0.021183 -0.0429847 -0.0011847 0.019312 -0.0236906 0.0383849 0.126986 -0.0496094 0.120091 -0.123565 1.63772 -0.084861 -0.487888 -0.17383 -0.0106049 -0.104956 -0.0223832 1.01935 -0.450941 -0.0516734 -0.306509 -0.0930091 -0.0974041 
0.0316792 0.0394837 -0.02986 0.00230565 -0.0468393 0.00121214 -0.0211856 -0.0429847 -0.00118208 0.0193158 -0.0236906 0.0383849 0.126985 -0.0496094 0.120091 -0.123565 1.63772 -0.0848596 -0.487889 -0.17383 -0.010566 -0.105014 -0.0238013 1.02435 -0.442617 -0.0548505 -0.306401 -0.0930115 -0.0974281 
0.0316679 0.0394837 -0.0298655 0.00230565 -0.0468393 0.00121214 -0.0211914 -0.0429792 -0.00118208 0.0193158 -0.0236906 0.0383849 0.126986 -0.0496113 0.120091 -0.123565 1.63772 -0.0848606 -0.487889 -0.17383 -0.010515 -0.105037 -0.0255482 1.03078 -0.432285 -0.0588799 -0.306195 -0.0930079 -0.0974269 
0.0316458 0.0394948 -0.029871 0.00230565 -0.0468393 0.00121214 -0.0211914 -0.0429765 -0.00117636 0.0193158 -0.0236906 0.0383849 0.12699 -0.0496118 0.120091 -0.123566 1.63772 -0.0848572 -0.487889 -0.173832 -0.0105057 -0.105042 -0.0268884 1.03607 -0.424329 -0.0621245 -0.306003 -0.0930091 -0.0974173 
0.0316458 0.0394948 -0.029871 0.00230565 -0.046838 0.00120974 -0.0211914 -0.0429765 -0.00117636 0.0193158 -0.0236906 0.0383849 0.12699 -0.0496125 0.120091 -0.123567 1.63772 -0.0848582 -0.487889 -0.173831 -0.0105095 -0.105051 -0.028156 1.04145 -0.416605 -0.0654497 -0.305798 -0.0930128 -0.0974101 
0.0316596 0.0394948 -0.0298684 0.00230565 -0.046838 0.00120974 -0.0211856 -0.042982 -0.00117636 0.0193158 -0.0236906 0.0383849 0.126986 -0.0496113 0.120091 -0.123565 1.63772 -0.0848584 -0.487888 -0.173832 -0.0105095 -0.105107 -0.0295539 1.04743 -0.408064 -0.0695904 -0.305539 -0.0930115 -0.0974078 
0.0316734 0.0394641 -0.0298655 0.00230565 -0.046838 0.00120974 -0.021183 -0.0429847 -0.00117636 0.0193158 -0.0236906 0.0383849 0.12698 -0.0496094 0.120091 -0.123565 1.63772 -0.0848606 -0.487888 -0.17383 -0.0105047 -0.105218 -0.030725 1.05271 -0.400716 -0.0735388 -0.30522 -0.0930091 -0.0974329 
0.0316734 0.0394696 -0.02986 0.00230565 -0.046838 0.00120974 -0.0211856 -0.0429847 -0.00117636 0.0193158 -0.0236906 0.0383849 0.126978 -0.0496094 0.120091 -0.123565 1.63772 -0.0848606 -0.487888 -0.173831 -0.0104902 -0.105362 -0.0318189 1.05808 -0.393703 -0.0775738 -0.304793 -0.0930115 -0.097452 
0.0316622 0.0394696 -0.0298655 0.00230565 -0.046838 0.00120974 -0.0211914 -0.042982 -0.00117636 0.0193158 -0.0236906 0.0383849 0.126985 -0.0496113 0.120091 -0.123565 1.63772 -0.0848606 -0.487889 -0.173831 -0.0104721 -0.105484 -0.0329993 1.06429 -0.38606 -0.0822735 -0.304191 -0.0930139 -0.0974497 
0.0316596 0.0394837 -0.029871 0.00230565 -0.046838 0.00120974 -0.0211914 -0.042982 -0.00117636 0.0193158 -0.0236906 0.0383849 0.126988 -0.0496113 0.120091 -0.123566 1.63772 -0.0848582 -0.487889 -0.173831 -0.010473 -0.105535 -0.0339687 1.0699 -0.379572 -0.0866594 -0.303585 -0.0930128 -0.0974437 
0.0316622 0.0394837 -0.029871 0.00230565 -0.046838 0.00120974 -0.021183 -0.042982 -0.00117636 0.0193158 -0.0236906 0.0383849 0.12699 -0.0496118 0.12009 -0.123567 1.63772 -0.0848572 -0.487889 -0.173831 -0.010473 -0.10559 -0.0348487 1.07556 -0.373246 -0.0911682 -0.30288 -0.0930128 -0.0974353 
0.0316846 0.0394753 -0.0298655 0.00230565 -0.046838 0.00120974 -0.0211804 -0.0429847 -0.00117636 0.0193158 -0.0236906 0.0383849 0.126986 -0.0496099 0.120091 -0.123566 1.63772 -0.0848584 -0.487889 -0.17383 -0.0104709 -0.105724 -0.0357277 1.08186 -0.366644 -0.0964787 -0.301995 -0.0930115 -0.0974353 
0.0316875 0.0394696 -0.02986 0.00230565 -0.046838 0.00120974 -0.0211804 -0.0429847 -0.00117636 0.0193158 -0.0236906 0.0383849 0.126978 -0.049608 0.120091 -0.123565 1.63772 -0.0848606 -0.487888 -0.17383 -0.0104535 -0.105919 -0.0364463 1.08745 -0.361026 -0.101387 -0.30114 -0.0930115 -0.097458 
0.0316875 0.0394641 -0.0298655 0.00230565 -0.046838 0.00120974 -0.021183 -0.0429847 -0.00117636 0.0193158 -0.0236906 0.0383849 0.126978 -0.049608 0.120091 -0.123565 1.63772 -0.0848606 -0.487888 -0.173831 -0.0103831 -0.10613 -0.0371544 1.09387 -0.354989 -0.107096 -0.300056 -0.0930115 -0.097476 
0.0316846 0.0394726 -0.0298655 0.00230565 -0.046838 0.00120974 -0.021183 -0.0429847 -0.00117636 0.0193158 -0.0236906 0.0383849 0.126985 -0.0496113 0.120091 -0.123566 1.63772 -0.0848584 -0.487889 -0.173831 -0.0103242 -0.106268 -0.0376837 1.0997 -0.349612 -0.112496 -0.298879 -0.0930115 -0.0974783 
0.0316846 0.0394837 -0.0298684 0.00230565 -0.046838 0.00120974 -0.0211804 -0.0429847 -0.00117636 0.0193158 -0.0236906 0.0383849 0.126986 -0.0496118 0.120091 -0.123567 1.63772 -0.0848582 -0.487889 -0.173831 -0.0103273 -0.106431 -0.0381191 1.1055 -0.344402 -0.118005 -0.297495 -0.0930115 -0.0974688 
0.0316875 0.0394837 -0.0298684 0.00230565 -0.046838 0.00120974 -0.0211804 -0.0429847 -0.00117636 0.0193158 -0.0236906 0.0383849 0.126986 -0.0496113 0.120091 -0.123566 1.63772 -0.0848584 -0.487889 -0.173831 -0.0103264 -0.106676 -0.0385087 1.11198 -0.338593 -0.124352 -0.29572 -0.0930115 -0.0974664 
0.0316985 0.0394726 -0.0298655 0.00230565 -0.046838 0.00120974 -0.0211804 -0.0429792 -0.00117636 0.0193158 -0.0236906 0.0383849 0.126978 -0.0496094 0.120089 -0.123565 1.63772 -0.084861 -0.487888 -0.17383 -0.0103204 -0.106942 -0.0387926 1.1177 -0.333574 -0.129965 -0.294006 -0.0930115 -0.0974688 
0.0317013 0.0394504 -0.0298655 0.00230565 -0.046838 0.00120974 -0.0211804 -0.0429903 -0.00117636 0.0193158 -0.0236906 0.0383849 0.126978 -0.049608 0.120091 -0.123565 1.63772 -0.0848606 -0.487887 -0.173831 -0.0103111 -0.107186 -0.0390308 1.12338 -0.328777 -0.135662 -0.292274 -0.0930091 -0.0974688 
0.0316985 0.0394558 -0.0298655 0.00230565 -0.046838 0.00120974 -0.0211804 -0.0429765 -0.00117636 0.0193158 -0.0236906 0.0383849 0.12698 -0.0496094 0.120091 -0.123565 1.63772 -0.0848596 -0.487889 -0.173831 -0.0102909 -0.107395 -0.0392444 1.12986 -0.32344 -0.142225 -0.290304 -0.0930091 -0.0974688 
0.0316985 0.0394585 -0.0298684 0.00230565 -0.046838 0.00120974 -0.0211804 -0.0429792 -0.00117636 0.0193158 -0.0236906 0.0383849 0.126986 -0.0496113 0.120091 -0.123567 1.63772 -0.0848572 -0.487889 -0.173831 -0.0102925 -0.107546 -0.0393798 1.13566 -0.318948 -0.148337 -0.28862 -0.0930128 -0.0974628 
0.0316985 0.0394753 -0.0298684 0.00230565 -0.046838 0.00120974 -0.0211804 -0.0429792 -0.00117636 0.0193158 -0.0236906 0.0383849 0.126986 -0.0496113 0.120091 -0.123566 1.63771 -0.0848582 -0.48789 -0.173831 -0.0102909 -0.107744 -0.0394659 1.1414 -0.314652 -0.154502 -0.286932 -0.0930115 -0.097458 
0.0316985 0.0394696 -0.0298684 0.00230565 -0.046838 0.00120974 -0.0211804 -0.0429792 -0.00117636 0.0193158 -0.0236906 0.0383849 0.12698 -0.0496113 0.120091 -0.123567 1.63772 -0.0848572 -0.487889 -0.173831 -0.010277 -0.108092 -0.0394995 1.14776 -0.310093 -0.161541 -0.28481 -0.0930055 -0.0974616 
0.031693 0.0394753 -0.0298655 0.00230565 -0.046838 0.00120974 -0.021183 -0.0429765 -0.00117636 0.0193158 -0.0236906 0.0383849 0.12698 -0.0496094 0.120091 -0.123565 1.63772 -0.0848596 -0.487888 -0.17383 -0.0102041 -0.108479 -0.0394959 1.15355 -0.306376 -0.167723 -0.282699 -0.0930091 -0.0974664 
0.0316846 0.0394615 -0.0298655 0.00230192 -0.046838 0.00120974 -0.0211856 -0.0429765 -0.00117636 0.0193158 -0.0236906 0.0383849 0.126982 -0.0496113 0.120091 -0.123566 1.63772 -0.0848584 -0.487888 -0.173831 -0.0100777 -0.108905 -0.0394921 1.1594 -0.302809 -0.173967 -0.280424 -0.0930091 -0.0974628 
0.0316734 0.0394753 -0.0298655 0.00230192 -0.046838 0.00120974 -0.0211856 -0.0429765 -0.00117636 0.0193158 -0.0236906 0.0383849 0.126986 -0.0496113 0.120091 -0.123566 1.63772 -0.0848582 -0.487889 -0.173831 -0.00998402 -0.109352 -0.0394921 1.16607 -0.298908 -0.181039 -0.277686 -0.0930079 -0.0974569 
0.0316763 0.0394641 -0.0298655 0.00230192 -0.046838 0.00120974 -0.0211856 -0.0429847 -0.00117636 0.0193158 -0.0236906 0.0383849 0.126985 -0.0496113 0.120089 -0.123566 1.63772 -0.0848596 -0.487889 -0.173831 -0.00998473 -0.109709 -0.0394886 1.17195 -0.295736 -0.187345 -0.275129 -0.0930091 -0.0974364 
0.0316792 0.0394641 -0.0298655 0.00230192 -0.046838 0.00120974 -0.021183 -0.0429765 -0.00117636 0.0193158 -0.0236906 0.0383849 0.126978 -0.0496099 0.120091 -0.123565 1.63772 -0.0848596 -0.487888 -0.173831 -0.00995469 -0.110154 -0.0394902 1.17851 -0.292501 -0.194296 -0.271979 -0.0930055 -0.0974353 
0.0316792 0.0394615 -0.0298655 0.00230192 -0.046838 0.00120974 -0.0211856 -0.0429765 -0.00117636 0.0193158 -0.0236906 0.0383849 0.126978 -0.0496094 0.120091 -0.123565 1.63772 -0.084861 -0.487888 -0.173831 -0.00987172 -0.110601 -0.0394909 1.18434 -0.28971 -0.200519 -0.268945 -0.0930079 -0.0974437 
0.0316763 0.0394696 -0.0298684 0.00230192 -0.046838 0.00120974 -0.0211856 -0.0429765 -0.00117636 0.0193158 -0.0236906 0.0383849 0.126978 -0.0496094 0.120091 -0.123566 1.63772 -0.0848596 -0.487889 -0.17383 -0.00972295 -0.11108 -0.0394902 1.19027 -0.286983 -0.20672 -0.265793 -0.0930066 -0.0974389 
0.0316763 0.0394753 -0.029871 0.00230192 -0.046838 0.00120974 -0.021183 -0.0429709 -0.00117373 0.0193158 -0.0236906 0.0383849 0.126986 -0.0496113 0.120091 -0.123568 1.63772 -0.0848572 -0.487889 -0.173831 -0.00960302 -0.11161 -0.0394976 1.19689 -0.284164 -0.2139 -0.26232 -0.0930066 -0.0974413 
0.0316875 0.0394864 -0.0298684 0.00229818 -0.046838 0.00120974 -0.0211804 -0.0429765 -0.00117636 0.0193158 -0.0236906 0.0383849 0.126985 -0.0496113 0.120091 -0.123567 1.63772 -0.0848572 -0.487889 -0.173831 -0.00960302 -0.112129 -0.0395007 1.20257 -0.281804 -0.220304 -0.259228 -0.0930055 -0.0974413 
0.0317068 0.0394726 -0.0298684 0.00229818 -0.046838 0.00120974 -0.0211804 -0.0429847 -0.00117636 0.0193158 -0.0236906 0.0383849 0.12698 -0.0496099 0.12009 -0.123567 1.63772 -0.0848606 -0.487889 -0.173832 -0.00959468 -0.112781 -0.0395143 1.20817 -0.279325 -0.226652 -0.256168 -0.0930066 -0.0974437 
0.0317152 0.0394641 -0.0298655 0.00229818 -0.046838 0.00120974 -0.0211804 -0.0429903 -0.00117636 0.0193158 -0.0236906 0.0383849 0.126978 -0.049608 0.120091 -0.123565 1.63772 -0.0848606 -0.487888 -0.17383 -0.00952697 -0.113653 -0.0395124 1.21442 -0.276399 -0.233722 -0.252875 -0.0930066 -0.0974497 
0.0317123 0.0394504 -0.0298655 0.00229818 -0.046838 0.00120974 -0.0211804 -0.0429847 -0.00117636 0.0193158 -0.0236906 0.0383849 0.12698 -0.0496099 0.120091 -0.123565 1.63772 -0.0848584 -0.487888 -0.173831 -0.00939965 -0.114406 -0.0395091 1.21996 -0.273827 -0.239999 -0.250056 -0.0930066 -0.0974508 
0.0317013 0.0394641 -0.0298684 0.00229818 -0.0468354 0.00120492 -0.0211804 -0.0429847 -0.00117373 0.0193158 -0.0236906 0.0383849 0.126985 -0.0496113 0.12009 -0.123565 1.63772 -0.0848582 -0.487889 -0.17383 -0.00924706 -0.115035 -0.0395091 1.22624 -0.271147 -0.24696 -0.246825 -0.0930066 -0.0974448 
0.0317068 0.0394641 -0.0298684 0.00229818 -0.0468354 0.00120492 -0.0211773 -0.0429792 -0.00117373 0.0193158 -0.0236906 0.0383849 0.126986 -0.0496118 0.120091 -0.123566 1.63772 -0.0848582 -0.487889 -0.173831 -0.0092268 -0.115491 -0.039525 1.23168 -0.268882 -0.253116 -0.243819 -0.0930055 -0.0974497 
0.0317123 0.0394641 -0.0298655 0.00229818 -0.0468354 0.00120492 -0.0211773 -0.0429765 -0.00117373 0.0193158 -0.0236906 0.0383849 0.126982 -0.0496113 0.120091 -0.123565 1.63772 -0.0848606 -0.487889 -0.173831 -0.00922251 -0.1161 -0.039541 1.23702 -0.266469 -0.25919 -0.240806 -0.0930066 -0.097458 
0.031729 0.0394585 -0.0298684 0.00229818 -0.0468354 0.00120492 -0.0211804 -0.0429765 -0.00117373 0.0193158 -0.0236906 0.0383849 0.126978 -0.049608 0.120091 -0.123565 1.63772 -0.0848596 -0.487888 -0.173831 -0.0091908 -0.117108 -0.0395601 1.24292 -0.263577 -0.265965 -0.237554 -0.0930055 -0.0974724 
0.0317261 0.0394696 -0.0298684 0.00229818 -0.0468354 0.00120492 -0.0211773 -0.0429765 -0.00117373 0.0193158 -0.0236906 0.0383849 0.126978 -0.0496094 0.120091 -0.123565 1.63772 -0.0848582 -0.487888 -0.173831 -0.00910091 -0.118144 -0.0395551 1.24811 -0.260951 -0.27199 -0.234707 -0.0930055 -0.0974831 
0.0317178 0.0394585 -0.0298684 0.00229818 -0.0468354 0.00120492 -0.0211804 -0.0429765 -0.00117373 0.0193158 -0.0236906 0.0383849 0.126985 -0.0496113 0.120091 -0.123568 1.63772 -0.0848572 -0.487889 -0.173832 -0.0089767 -0.118927 -0.0395494 1.25337 -0.258401 -0.277874 -0.231758 -0.0930055 -0.0974831 
0.0317123 0.0394585 -0.0298655 0.00229818 -0.0468354 0.00120492 -0.0211773 -0.042982 -0.00117087 0.0193158 -0.0236906 0.0383849 0.126985 -0.0496125 0.120091 -0.123567 1.63772 -0.0848582 -0.487889 -0.173831 -0.00884295 -0.119416 -0.0395551 1.25918 -0.255597 -0.284598 -0.228517 -0.0930055 -0.0974699 
0.0317123 0.0394558 -0.0298684 0.00229818 -0.0468354 0.00120492 -0.0211773 -0.042982 -0.00117087 0.0193158 -0.0236906 0.0383849 0.126982 -0.0496113 0.120091 -0.123564 1.63772 -0.084862 -0.487889 -0.17383 -0.00878763 -0.119801 -0.039577 1.26433 -0.25297 -0.290477 -0.225898 -0.0930091 -0.097446 
0.0317178 0.0394558 -0.0298684 0.00229818 -0.0468354 0.00120492 -0.0211773 -0.0429765 -0.00117087 0.0193158 -0.0236906 0.0383849 0.126978 -0.0496113 0.120092 -0.123563 1.63772 -0.084861 -0.487888 -0.17383 -0.00871801 -0.120403 -0.0395951 1.26937 -0.250186 -0.296368 -0.223558 -0.0930055 -0.0974353 
0.0317178 0.0394504 -0.0298655 0.00229818 -0.0468354 0.00120492 -0.0211804 -0.0429765 -0.00116825 0.0193158 -0.0236906 0.0383849 0.126985 -0.0496094 0.120091 -0.123565 1.63772 -0.0848606 -0.487888 -0.173831 -0.00854588 -0.121303 -0.039607 1.27507 -0.247102 -0.3028 -0.221072 -0.093002 -0.0974437 
0.0317068 0.0394696 -0.0298655 0.00229818 -0.0468354 0.00120492 -0.0211914 -0.0429709 -0.0011487 0.0193158 -0.023688 0.0383896 0.127026 -0.0496113 0.120089 -0.123567 1.63772 -0.0848572 -0.487888 -0.173832 -0.00832748 -0.122103 -0.0396037 1.28072 -0.244182 -0.308949 -0.218718 -0.0930055 -0.0974699 
0.0316846 0.0394696 -0.0298655 0.00229818 -0.0468354 0.00120492 -0.0211995 -0.0429709 -0.00105715 0.0193158 -0.0236867 0.0383919 0.127158 -0.0496144 0.12009 -0.123565 1.63771 -0.0848584 -0.487889 -0.173831 -0.00829673 -0.122527 -0.0396166 1.2861 -0.240992 -0.314648 -0.216507 -0.0930055 -0.0974903 
0.0316792 0.0394641 -0.0298655 0.00229071 -0.0468354 0.00120492 -0.0211995 -0.0429709 -0.000965595 0.019312 -0.0236841 0.038392 0.127311 -0.049618 0.120091 -0.123565 1.63771 -0.0848606 -0.487888 -0.173831 -0.0083158 -0.122718 -0.0396612 1.29059 -0.237678 -0.319405 -0.214695 -0.0930032 -0.0974892 
0.0316846 0.0394585 -0.0298655 0.00228318 -0.0468354 0.00120492 -0.0212052 -0.0429847 -0.000874043 0.019312 -0.0236829 0.0383942 0.127421 -0.0496154 0.120091 -0.123563 1.63771 -0.084861 -0.487889 -0.17383 -0.00831532 -0.122965 -0.0397925 1.29474 -0.233998 -0.324063 -0.213048 -0.0930055 -0.0974724 
0.0316985 0.0394585 -0.02986 0.00228318 -0.0468354 0.00120492 -0.0212107 -0.0429792 -0.000801802 0.019312 -0.0236804 0.038399 0.127516 -0.0496137 0.120091 -0.123565 1.63771 -0.0848606 -0.487888 -0.17383 -0.00831366 -0.123342 -0.0400493 1.29898 -0.229522 -0.32893 -0.211315 -0.0930055 -0.0974604 
0.0316985 0.0394641 -0.02986 0.00228318 -0.0468354 0.00120492 -0.02123 -0.0429792 -0.000737906 0.019312 -0.0236778 0.0384037 0.127676 -0.0496137 0.120091 -0.123565 1.63771 -0.0848596 -0.487888 -0.173831 -0.0083127 -0.123639 -0.0403631 1.3024 -0.225031 -0.332887 -0.20973 -0.0930055 -0.0974628 
0.0316875 0.0394641 -0.0298655 0.00228318 -0.0468354 0.00120492 -0.0212691 -0.0429765 -0.000627041 0.019312 -0.02367 0.0384083 0.128001 -0.0496137 0.120091 -0.123565 1.63771 -0.0848606 -0.487888 -0.173832 -0.0083127 -0.123812 -0.0407567 1.30554 -0.220175 -0.336448 -0.208 -0.0930055 -0.0974736 
0.0316875 0.0394696 -0.02986 0.00228318 -0.0468393 0.00121214 -0.0213301 -0.0429765 -0.000457764 0.019312 -0.023657 0.0384032 0.128532 -0.0496166 0.120091 -0.123564 1.63771 -0.0848606 -0.487889 -0.17383 -0.00831437 -0.123912 -0.0413258 1.30871 -0.21468 -0.339837 -0.20595 -0.093002 -0.0974748 
0.0317123 0.0394726 -0.02986 0.00227945 -0.0468393 0.00121214 -0.0214131 -0.0429709 -0.000266314 0.019312 -0.0236479 0.0383913 0.128979 -0.0496166 0.120091 -0.123564 1.63771 -0.084861 -0.487889 -0.173831 -0.00831532 -0.124012 -0.0419285 1.31117 -0.209628 -0.34232 -0.204151 -0.0930055 -0.0974688 
0.0317402 0.0394726 -0.02986 0.00227945 -0.0468393 0.00121214 -0.0214686 -0.0429709 -8.32081e-05 0.0193083 -0.0236296 0.0383719 0.129345 -0.0496154 0.120093 -0.123563 1.63771 -0.084861 -0.487889 -0.173831 -0.00831532 -0.124157 -0.0426135 1.31337 -0.20453 -0.344451 -0.202387 -0.0930055 -0.0974628 
0.0317926 0.0394696 -0.0298655 0.00227945 -0.0468393 0.00121214 -0.0214744 -0.042982 3.86238e-05 0.0193083 -0.023627 0.0383671 0.129667 -0.0496137 0.120091 -0.123564 1.63771 -0.0848606 -0.487888 -0.17383 -0.00831532 -0.124363 -0.0434387 1.3156 -0.198768 -0.346644 -0.200423 -0.0930055 -0.097458 
0.0318179 0.0394753 -0.0298655 0.00227945 -0.0468354 0.00120492 -0.0214744 -0.0429847 4.69685e-05 0.0193083 -0.0236193 0.0383764 0.129864 -0.0496113 0.120092 -0.123565 1.63771 -0.0848606 -0.487888 -0.173831 -0.00831366 -0.124578 -0.0441711 1.31736 -0.193819 -0.348357 -0.198637 -0.0930032 -0.0974676 
0.0318179 0.0394753 -0.0298655 0.00229071 -0.0468354 0.00120492 -0.0214605 -0.0429847 6.36578e-05 0.0193083 -0.023618 0.0383789 0.130032 -0.0496125 0.120093 -0.123564 1.63771 -0.0848606 -0.487888 -0.173831 -0.00831366 -0.124825 -0.0449791 1.31931 -0.188348 -0.3498 -0.196417 -0.093002 -0.0974796 
0.0318205 0.0394753 -0.0298765 0.00229818 -0.0468354 0.00120492 -0.0214522 -0.0429847 7.20024e-05 0.0193083 -0.023618 0.0383788 0.13013 -0.0496137 0.120093 -0.123564 1.63771 -0.0848606 -0.487888 -0.173831 -0.00831366 -0.125052 -0.0455906 1.32093 -0.183749 -0.350693 -0.194386 -0.0930055 -0.0974892 
0.0318289 0.0394779 -0.0298765 0.00229071 -0.0468354 0.00120492 -0.0214188 -0.0429847 8.03471e-05 0.0193083 -0.023618 0.0383788 0.130141 -0.0496137 0.120093 -0.123564 1.63771 -0.0848606 -0.487889 -0.17383 -0.00831175 -0.125331 -0.0460467 1.32256 -0.179631 -0.351227 -0.192411 -0.0930032 -0.0974892 
0.0318205 0.0394948 -0.0298765 0.00229071 -0.0468354 0.00120492 -0.0214131 -0.042982 8.58307e-05 0.0193083 -0.023618 0.0383788 0.130148 -0.0496137 0.120092 -0.123565 1.63771 -0.0848584 -0.487888 -0.173831 -0.00831032 -0.125751 -0.0463526 1.32425 -0.175414 -0.351518 -0.190386 -0.093002 -0.0974892 
0.0317984 0.0394948 -0.0298765 0.00229071 -0.0468367 0.00120252 -0.0214047 -0.0429765 8.58307e-05 0.0193083 -0.023618 0.0383788 0.130144 -0.0496137 0.120093 -0.123565 1.63771 -0.0848596 -0.487889 -0.173831 -0.00830889 -0.12618 -0.0464509 1.32568 -0.172056 -0.35155 -0.188791 -0.0930032 -0.0974867 
0.0317845 0.0394948 -0.029871 0.00228698 -0.0468367 0.00120252 -0.0214047 -0.0429847 8.58307e-05 0.0193083 -0.023618 0.0383788 0.130144 -0.0496137 0.120093 -0.123565 1.63771 -0.0848596 -0.487888 -0.173831 -0.00830817 -0.126602 -0.0464375 1.32712 -0.169147 -0.35155 -0.187379 -0.093002 -0.0974831 
0.0317788 0.0394948 -0.029871 0.00228698 -0.0468367 0.00120252 -0.0214047 -0.0429792 8.58307e-05 0.0193083 -0.023618 0.0383788 0.130136 -0.0496137 0.120093 -0.123565 1.63771 -0.084861 -0.487888 -0.173831 -0.00830269 -0.127065 -0.0464447 1.32873 -0.166059 -0.351551 -0.185869 -0.0930032 -0.0974844 
0.0317817 0.0395001 -0.029871 0.00228698 -0.0468367 0.00120252 -0.0214078 -0.0429903 8.58307e-05 0.019312 -0.023618 0.0383788 0.130136 -0.0496137 0.120094 -0.123565 1.63771 -0.0848584 -0.487888 -0.173831 -0.00829792 -0.12753 -0.0464489 1.33023 -0.163211 -0.35155 -0.184407 -0.0930055 -0.0974855 
0.0317817 0.0394948 -0.0298765 0.00228698 -0.0468367 0.00120252 -0.0214131 -0.0429847 8.29697e-05 0.019312 -0.023618 0.0383788 0.130136 -0.0496125 0.120093 -0.123565 1.63771 -0.0848584 -0.487888 -0.173831 -0.00829673 -0.128121 -0.046453 1.33175 -0.16025 -0.351548 -0.182916 -0.0930007 -0.0974855 
0.0317845 0.0395142 -0.029871 0.00228698 -0.0468367 0.00120252 -0.0214131 -0.0429765 7.77245e-05 0.019312 -0.023618 0.0383788 0.13014 -0.0496137 0.120092 -0.123565 1.63771 -0.0848584 -0.487888 -0.173831 -0.00829792 -0.128913 -0.0464537 1.3334 -0.157041 -0.351548 -0.181384 -0.093002 -0.0974844 
0.03179 0.0395031 -0.029871 0.00228698 -0.0468367 0.00120252 -0.0214078 -0.0429847 6.65188e-05 0.019312 -0.023618 0.0383788 0.130133 -0.0496125 0.120093 -0.123565 1.63771 -0.0848596 -0.487889 -0.173832 -0.00829792 -0.129539 -0.0464489 1.33484 -0.154271 -0.351551 -0.180152 -0.0930032 -0.097476 
0.0318093 0.0394864 -0.029871 0.00228698 -0.0468367 0.00120252 -0.0213938 -0.0429792 5.55515e-05 0.019312 -0.023618 0.0383788 0.13011 -0.0496113 0.120093 -0.123566 1.63771 -0.0848606 -0.487889 -0.173831 -0.00829864 -0.129967 -0.0464489 1.33635 -0.151175 -0.35155 -0.178863 -0.0929984 -0.0974796 
0.0318179 0.0394753 -0.0298684 0.00228698 -0.0468367 0.00120252 -0.0213687 -0.0429847 3.86238e-05 0.019312 -0.023618 0.0383788 0.130054 -0.0496113 0.120093 -0.123565 1.63771 -0.0848606 -0.487888 -0.173831 -0.00829792 -0.130158 -0.0464516 1.33768 -0.148448 -0.35155 -0.177843 -0.0929984 -0.0974831 
0.0318232 0.0394641 -0.0298684 0.00228698 -0.0468367 0.00120252 -0.0213494 -0.0429847 1.93119e-05 0.019312 -0.0236193 0.0383811 0.12998 -0.0496099 0.120093 -0.123565 1.63772 -0.0848606 -0.487889 -0.173831 -0.00829792 -0.130273 -0.046459 1.33904 -0.145812 -0.351551 -0.177026 -0.0930007 -0.0974831 
0.0318484 0.0394753 -0.029871 0.00228698 -0.0468367 0.00120252 -0.0213218 -0.042982 -1.95503e-05 0.019312 -0.0236206 0.0383836 0.129894 -0.0496099 0.120093 -0.123565 1.63772 -0.0848606 -0.487888 -0.173831 -0.00829697 -0.130309 -0.0464575 1.34044 -0.142866 -0.351553 -0.176354 -0.0929984 -0.0974831 
0.0318675 0.0394864 -0.029871 0.00228698 -0.0468367 0.00120252 -0.0212913 -0.042982 -5.29289e-05 0.019312 -0.0236219 0.0383859 0.129802 -0.049608 0.120091 -0.123566 1.63772 -0.0848572 -0.487889 -0.173832 -0.00829506 -0.13026 -0.0464544 1.34179 -0.140176 -0.351567 -0.175976 -0.0930007 -0.0974808 
0.0318594 0.039489 -0.029871 0.00228698 -0.0468367 0.00120252 -0.0212913 -0.0429847 -8.63075e-05 0.019312 -0.0236245 0.0383908 0.129712 -0.049608 0.120091 -0.123567 1.63772 -0.0848556 -0.487887 -0.173831 -0.00829577 -0.130083 -0.0464404 1.34322 -0.137486 -0.351619 -0.175746 -0.0929984 -0.0974892 
0.0318427 0.0394837 -0.0298684 0.00228698 -0.0468367 0.00120252 -0.0212913 -0.0429765 -0.000122309 0.019312 -0.0236272 0.0383956 0.129675 -0.049608 0.120091 -0.123567 1.63772 -0.0848572 -0.487889 -0.173831 -0.00829673 -0.129656 -0.0464234 1.34481 -0.134755 -0.351688 -0.175522 -0.0929984 -0.0974892 
0.0318453 0.0394696 -0.029871 0.00228698 -0.0468367 0.00120252 -0.0212884 -0.0429765 -0.000136137 0.019312 -0.0236362 0.0383933 0.129666 -0.049607 0.12009 -0.123567 1.63772 -0.0848584 -0.487888 -0.173831 -0.00829697 -0.129182 -0.0464201 1.34624 -0.132764 -0.351765 -0.175256 -0.0929984 -0.0974892 
0.0318484 0.0394641 -0.0298684 0.00228698 -0.0468367 0.00120252 -0.0212855 -0.042982 -0.000136137 0.019312 -0.0236415 0.038403 0.12964 -0.049608 0.120092 -0.123566 1.63772 -0.0848606 -0.487888 -0.17383 -0.00829792 -0.128702 -0.0464134 1.34755 -0.131091 -0.351893 -0.174841 -0.093002 -0.0974831 
0.0318427 0.0394615 -0.0298684 0.00228698 -0.0468367 0.00120252 -0.0212855 -0.0429847 -0.000152826 0.019312 -0.0236479 0.0383912 0.129591 -0.049608 0.12009 -0.123566 1.63772 -0.0848596 -0.487889 -0.173831 -0.00829506 -0.128196 -0.0464001 1.34895 -0.129432 -0.352068 -0.17412 -0.0929984 -0.0974831 
0.0318344 0.0394726 -0.029871 0.00228698 -0.0468367 0.00120252 -0.0212855 -0.0429903 -0.00015831 0.019312 -0.0236492 0.0383936 0.129517 -0.0496094 0.120091 -0.123567 1.63772 -0.0848582 -0.487888 -0.173831 -0.00827837 -0.127795 -0.0463903 1.3503 -0.128151 -0.352341 -0.173153 -0.0929984 -0.0974831 
0.0318151 0.039489 -0.029871 0.00228698 -0.0468367 0.00120252 -0.0212884 -0.0429847 -0.000174999 0.019312 -0.0236492 0.0383936 0.12945 -0.049608 0.120091 -0.123566 1.63772 -0.0848572 -0.487888 -0.173831 -0.00819802 -0.12745 -0.0463862 1.3519 -0.126945 -0.352785 -0.171685 -0.0929984 -0.0974796 
0.0317984 0.039489 -0.029871 0.00228698 -0.0468367 0.00120252 -0.0212913 -0.0429847 -0.000194311 0.019312 -0.0236479 0.0383912 0.129428 -0.0496099 0.120091 -0.123567 1.63772 -0.0848582 -0.487888 -0.173831 -0.00803781 -0.12731 -0.0463829 1.35345 -0.126127 -0.353327 -0.170125 -0.092996 -0.0974664 
0.0317984 0.039489 -0.029871 0.00228698 -0.0468367 0.00120252 -0.0212913 -0.0429847 -0.000208139 0.019312 -0.0236479 0.0383912 0.129406 -0.0496099 0.120092 -0.123566 1.63772 -0.0848572 -0.487888 -0.173832 -0.00779033 -0.127347 -0.046361 1.355 -0.125593 -0.354299 -0.168452 -0.0929971 -0.0974221 
0.0318093 0.0394753 -0.0298684 0.00228698 -0.0468367 0.00120252 -0.0212884 -0.0429903 -0.000219345 0.019312 -0.0236452 0.0383864 0.129369 -0.049608 0.120093 -0.123566 1.63772 -0.0848584 -0.487889 -0.17383 -0.00730777 -0.127529 -0.0463123 1.35664 -0.125373 -0.356195 -0.166523 -0.0929924 -0.0973036 
0.0318067 0.0394504 -0.029871 0.00228698 -0.0468367 0.00120252 -0.0212884 -0.0429931 -0.000233173 0.019312 -0.0236413 0.038384 0.129282 -0.049608 0.120093 -0.123566 1.63772 -0.0848572 -0.487888 -0.173831 -0.00666094 -0.127802 -0.0463459 1.35826 -0.125261 -0.358279 -0.165037 -0.0929924 -0.0969757 
0.0318067 0.0394309 -0.0298655 0.00228698 -0.0468367 0.00120252 -0.0212829 -0.0429847 -0.000249863 0.019312 -0.0236413 0.038384 0.129203 -0.049607 0.120091 -0.123567 1.63772 -0.0848572 -0.487888 -0.173831 -0.00586891 -0.128128 -0.0463514 1.35999 -0.125119 -0.360537 -0.163816 -0.0929924 -0.0968704 
0.0318344 0.0393976 -0.0298655 0.00228698 -0.0468354 0.00120492 -0.0212829 -0.0429847 -0.000272036 0.019312 -0.0236413 0.038384 0.129154 -0.0496051 0.120091 -0.123566 1.63772 -0.0848572 -0.487889 -0.17383 -0.00499845 -0.128306 -0.046344 1.36198 -0.124956 -0.363106 -0.162572 -0.0929911 -0.0966825 
0.0318675 0.0393643 -0.0298655 0.00228698 -0.0468315 0.00121212 -0.0212746 -0.0429847 -0.000296831 0.019312 -0.0236413 0.038384 0.129084 -0.0495996 0.120091 -0.123566 1.63772 -0.0848596 -0.487887 -0.173831 -0.00415468 -0.128242 -0.04635 1.36384 -0.124846 -0.365679 -0.161241 -0.0929924 -0.0966753 
0.0318983 0.0393422 -0.0298655 0.00228698 -0.0468315 0.00121212 -0.0212691 -0.0429847 -0.000322104 0.019312 -0.0236413 0.038384 0.128974 -0.0495942 0.120091 -0.123565 1.63772 -0.0848606 -0.487888 -0.17383 -0.00340152 -0.12823 -0.0463481 1.36542 -0.124763 -0.367831 -0.159859 -0.0929924 -0.0967137 
0.031951 0.0393422 -0.0298655 0.00228698 -0.0468315 0.00121212 -0.0212607 -0.0429903 -0.000360727 0.019312 -0.023644 0.0383888 0.12886 -0.0495918 0.120091 -0.123566 1.63773 -0.0848582 -0.487887 -0.173832 -0.00250602 -0.128231 -0.0463481 1.36722 -0.124725 -0.370232 -0.158039 -0.0929924 -0.0967699 
0.0319619 0.039356 -0.0298655 0.00229071 -0.046838 0.00120012 -0.0212524 -0.0429903 -0.000396967 0.019312 -0.0236466 0.0383936 0.128827 -0.0495937 0.120091 -0.123567 1.63773 -0.0848572 -0.487887 -0.173831 -0.00158858 -0.128236 -0.0463507 1.36885 -0.124703 -0.3722 -0.15625 -0.09299 -0.09688 
0.0319426 0.0393698 -0.0298655 0.00229071 -0.046838 0.00120012 -0.0212469 -0.042982 -0.000413418 0.019312 -0.0236479 0.038396 0.128825 -0.0495996 0.120091 -0.123567 1.63772 -0.0848584 -0.487888 -0.173831 -0.000523806 -0.128246 -0.0463507 1.3705 -0.12468 -0.373962 -0.154383 -0.0929924 -0.0971433 
0.0319343 0.039392 -0.0298684 0.00229071 -0.046838 0.00120012 -0.0212386 -0.0429847 -0.00041914 0.019312 -0.0236492 0.0383984 0.128824 -0.0496051 0.120091 -0.123566 1.63772 -0.0848584 -0.487889 -0.17383 0.00077343 -0.128281 -0.0463507 1.37217 -0.124678 -0.375767 -0.152143 -0.0929924 -0.0971959 
0.0319343 0.0393949 -0.0298655 0.00229071 -0.046838 0.00120012 -0.0212386 -0.0429847 -0.00041914 0.019312 -0.0236594 0.0383842 0.128824 -0.0496058 0.120091 -0.123566 1.63772 -0.0848596 -0.487889 -0.17383 0.00193572 -0.128314 -0.0463507 1.37353 -0.124676 -0.377391 -0.150049 -0.0929924 -0.0972186 
0.0319343 0.0393949 -0.0298655 0.00229071 -0.046838 0.00120012 -0.0212386 -0.0429847 -0.00041914 0.019312 -0.0236621 0.0383892 0.128822 -0.0496058 0.120091 -0.123567 1.63772 -0.0848584 -0.487887 -0.173831 0.00330567 -0.128359 -0.0463514 1.37486 -0.124669 -0.379356 -0.147446 -0.0929924 -0.0971863 
0.0319343 0.0393949 -0.0298684 0.00229071 -0.046838 0.00120012 -0.0212386 -0.0429847 -0.000424623 0.019312 -0.0236634 0.0383915 0.128811 -0.0496051 0.120091 -0.123566 1.63772 -0.0848582 -0.487888 -0.173831 0.00466132 -0.128399 -0.0463514 1.37582 -0.124661 -0.381457 -0.144862 -0.0929924 -0.0971469 
0.0319259 0.0393949 -0.0298684 0.00229071 -0.046838 0.00120012 -0.0212328 -0.0429847 -0.000424623 0.019312 -0.0236634 0.0383915 0.128805 -0.0496051 0.120091 -0.123566 1.63772 -0.0848584 -0.487888 -0.173831 0.00608563 -0.128436 -0.0463536 1.37665 -0.12465 -0.384052 -0.142152 -0.0929924 -0.0970714 
0.0319233 0.0393976 -0.0298655 0.00229071 -0.046838 0.00120012 -0.0212328 -0.0429847 -0.000424623 0.019312 -0.0236634 0.0383915 0.128802 -0.0496058 0.120091 -0.123566 1.63772 -0.0848582 -0.487888 -0.173831 0.00782132 -0.128503 -0.0463622 1.3774 -0.124637 -0.387477 -0.139178 -0.0929924 -0.0969913 
0.0319259 0.039392 -0.0298655 0.00229071 -0.046838 0.00120012 -0.02123 -0.0429847 -0.000424623 0.019312 -0.0236634 0.0383915 0.128802 -0.0496051 0.120091 -0.123566 1.63772 -0.0848584 -0.487888 -0.17383 0.0094595 -0.128619 -0.0463629 1.37782 -0.124629 -0.390724 -0.13671 -0.0929911 -0.096929 
0.0319343 0.0393865 -0.0298655 0.00229071 -0.046838 0.00120012 -0.0212247 -0.0429847 -0.000427246 0.019312 -0.0236634 0.0383915 0.128797 -0.0496051 0.120091 -0.123566 1.63772 -0.0848584 -0.487888 -0.173831 0.0113671 -0.128801 -0.0463743 1.37799 -0.124593 -0.394391 -0.134033 -0.0929924 -0.0968441 
0.0319288 0.0393671 -0.0298655 0.00229071 -0.046838 0.00120012 -0.0212216 -0.0429847 -0.000430107 0.019312 -0.0236634 0.0383915 0.128786 -0.0496051 0.120091 -0.123565 1.63772 -0.0848584 -0.487888 -0.17383 0.013088 -0.128993 -0.0463855 1.37797 -0.124537 -0.397562 -0.13161 -0.0929911 -0.0968261 
0.0319343 0.0393587 -0.0298655 0.00229071 -0.046838 0.00120012 -0.0212135 -0.0429958 -0.000432968 0.019312 -0.0236621 0.0383938 0.128772 -0.0496032 0.120091 -0.123565 1.63772 -0.0848596 -0.487888 -0.173831 0.0148339 -0.129164 -0.0463884 1.37797 -0.124427 -0.400525 -0.129194 -0.0929887 -0.0968238 
0.0319397 0.039356 -0.0298655 0.00229071 -0.0468354 0.00120492 -0.0211995 -0.0429847 -0.000438452 0.019312 -0.0236621 0.0383938 0.128751 -0.0496032 0.120091 -0.123565 1.63772 -0.0848596 -0.487888 -0.173831 0.0167594 -0.129281 -0.0463879 1.37797 -0.124258 -0.403471 -0.126473 -0.09299 -0.0968261 
0.031951 0.039356 -0.0298655 0.00229071 -0.0468315 0.00121212 -0.0211804 -0.0429847 -0.000443935 0.019312 -0.0236621 0.0383938 0.128733 -0.0496025 0.120091 -0.123565 1.63772 -0.0848596 -0.487887 -0.173831 0.0183799 -0.129324 -0.0463946 1.37797 -0.124063 -0.405914 -0.124007 -0.0929887 -0.0968309 
0.031976 0.0393533 -0.0298655 0.00229071 -0.0468315 0.00121212 -0.0211525 -0.0429847 -0.000449657 0.019312 -0.0236621 0.0383938 0.128722 -0.0496025 0.120091 -0.123566 1.63772 -0.0848606 -0.487888 -0.173831 0.0201466 -0.129367 -0.0464134 1.37797 -0.123722 -0.408629 -0.121003 -0.0929924 -0.0968404 
0.0319982 0.0393587 -0.0298655 0.00229071 -0.0468315 0.00121212 -0.0211275 -0.0429847 -0.000449657 0.019312 -0.0236621 0.0383938 0.128718 -0.0496025 0.120091 -0.123566 1.63772 -0.0848596 -0.487888 -0.173831 0.0216696 -0.129422 -0.0464146 1.37797 -0.123358 -0.41108 -0.118105 -0.0929924 -0.0968668 
0.0320063 0.0393587 -0.0298655 0.00229071 -0.0468315 0.00121212 -0.0211024 -0.0429847 -0.000449657 0.019312 -0.0236621 0.0383938 0.128718 -0.0496032 0.120091 -0.123565 1.63772 -0.0848582 -0.487888 -0.173831 0.0231657 -0.129495 -0.0464215 1.37797 -0.122917 -0.413413 -0.115166 -0.0929924 -0.0969171 
0.0320036 0.0393587 -0.0298655 0.00229071 -0.0468315 0.00121212 -0.0210803 -0.0429847 -0.000449657 0.019312 -0.0236621 0.0383938 0.128719 -0.0496032 0.120091 -0.123567 1.63772 -0.0848572 -0.487889 -0.173831 0.0247929 -0.129596 -0.0464258 1.37797 -0.122285 -0.41579 -0.111875 -0.0929924 -0.09705 
0.0320036 0.0393587 -0.0298655 0.00229071 -0.0468302 0.00120963 -0.0210638 -0.0429847 -0.000449657 0.019312 -0.0236621 0.0383938 0.128718 -0.0496032 0.120091 -0.123567 1.63772 -0.0848584 -0.487888 -0.173831 0.0261321 -0.129689 -0.046432 1.37797 -0.121621 -0.417743 -0.108906 -0.0929911 -0.0971984 
0.0320036 0.0393533 -0.0298655 0.00229071 -0.0468289 0.0012073 -0.0210497 -0.0429847 -0.000449657 0.019312 -0.0236621 0.0383938 0.128718 -0.0496032 0.120091 -0.123566 1.63772 -0.0848584 -0.487888 -0.17383 0.0275066 -0.129766 -0.046452 1.37797 -0.120717 -0.419697 -0.105512 -0.0929947 -0.0972378 
0.0320008 0.0393533 -0.0298684 0.00229818 -0.0468276 0.0012049 -0.0210471 -0.0429847 -0.000449657 0.019312 -0.0236621 0.0383938 0.128714 -0.0496032 0.120091 -0.123566 1.63772 -0.0848572 -0.487888 -0.173831 0.0286403 -0.129785 -0.0464745 1.37797 -0.119619 -0.421298 -0.102559 -0.0929924 -0.0973012 
0.0320008 0.039356 -0.0298655 0.00229818 -0.0468276 0.0012049 -0.0210471 -0.0429847 -0.000449657 0.019312 -0.0236621 0.0383938 0.128718 -0.0496032 0.120091 -0.123566 1.63772 -0.0848582 -0.487888 -0.173831 0.0296586 -0.129783 -0.0464966 1.37797 -0.118119 -0.42271 -0.0997767 -0.0929924 -0.0973048 
0.0319982 0.0393587 -0.0298655 0.00229818 -0.0468328 0.0011953 -0.0210471 -0.0429847 -0.000449657 0.019312 -0.0236621 0.0383938 0.128718 -0.0496032 0.120091 -0.123567 1.63772 -0.0848582 -0.487888 -0.173831 0.0307138 -0.129765 -0.046504 1.37797 -0.115935 -0.424047 -0.0967369 -0.0929924 -0.0973084 
0.0319924 0.0393587 -0.0298655 0.00229818 -0.0468341 0.0011929 -0.0210416 -0.0429847 -0.00045228 0.019312 -0.0236621 0.0383938 0.128718 -0.0496025 0.120091 -0.123567 1.63772 -0.0848584 -0.487888 -0.17383 0.0315702 -0.129736 -0.0465026 1.37797 -0.113563 -0.425 -0.0938733 -0.0929911 -0.0973048 
0.0319924 0.039356 -0.0298655 0.00229818 -0.0468341 0.0011929 -0.0210416 -0.0429847 -0.00045228 0.019312 -0.0236621 0.0383938 0.128714 -0.0496025 0.120091 -0.123566 1.63772 -0.0848584 -0.487888 -0.173831 0.0323148 -0.129703 -0.0465026 1.37796 -0.110944 -0.425828 -0.0909294 -0.0929924 -0.0972857 
0.0319924 0.0393533 -0.0298655 0.00229818 -0.0468328 0.0011953 -0.0210416 -0.0429847 -0.00045228 0.019312 -0.0236621 0.0383938 0.128711 -0.0496025 0.120091 -0.123565 1.63772 -0.0848606 -0.487888 -0.173831 0.0330069 -0.129664 -0.046504 1.37795 -0.107906 -0.426692 -0.0875139 -0.0929924 -0.0972558 
0.0319924 0.0393533 -0.0298655 0.00229818 -0.0468315 0.0011977 -0.0210416 -0.0429847 -0.00045228 0.019312 -0.0236621 0.0383938 0.12871 -0.0496025 0.120091 -0.123566 1.63772 -0.0848596 -0.487888 -0.173831 0.0334909 -0.129642 -0.046504 1.37795 -0.10506 -0.427433 -0.0844036 -0.0929924 -0.0972294 
0.0319924 0.0393533 -0.0298655 0.00229818 -0.0468302 0.0012001 -0.0210385 -0.0429847 -0.00045228 0.019312 -0.0236621 0.0383938 0.128706 -0.0496032 0.12009 -0.123566 1.63772 -0.0848596 -0.487888 -0.17383 0.0339172 -0.129635 -0.0465076 1.37795 -0.101387 -0.428141 -0.0808098 -0.0929924 -0.0972186 
0.0319982 0.0393533 -0.0298655 0.00229818 -0.0468302 0.0012001 -0.0210385 -0.0429847 -0.00045228 0.019312 -0.0236621 0.0383938 0.12871 -0.0496032 0.12009 -0.123566 1.63772 -0.0848584 -0.487889 -0.173831 0.0342393 -0.129633 -0.0465124 1.37795 -0.0976961 -0.428633 -0.077636 -0.0929924 -0.0972151 
0.0319982 0.0393533 -0.0298655 0.00229818 -0.0468302 0.0012001 -0.0210359 -0.0429847 -0.00045228 0.019312 -0.0236621 0.0383938 0.12871 -0.0496025 0.120089 -0.123566 1.63772 -0.0848584 -0.487888 -0.173831 0.0345299 -0.129634 -0.0465198 1.37795 -0.0938928 -0.429025 -0.074638 -0.0929924 -0.0972246 
0.0319982 0.0393533 -0.0298684 0.00229818 -0.0468302 0.0012001 -0.0210304 -0.0429847 -0.00045228 0.019312 -0.0236621 0.0383938 0.128705 -0.0496025 0.120089 -0.123566 1.63772 -0.0848584 -0.487889 -0.173831 0.034817 -0.129634 -0.0465257 1.37795 -0.0893307 -0.429384 -0.0713789 -0.0929911 -0.0972378 
0.0319982 0.0393504 -0.0298655 0.00229818 -0.0468276 0.0012049 -0.0210304 -0.0429792 -0.00045228 0.019312 -0.0236634 0.0383962 0.128703 -0.0496025 0.120091 -0.123566 1.63772 -0.0848584 -0.487888 -0.173831 0.0350344 -0.129634 -0.0465264 1.37795 -0.0850403 -0.429592 -0.0684344 -0.0929924 -0.0972474 
0.0319982 0.0393504 -0.0298655 0.00229818 -0.0468276 0.0012049 -0.0210304 -0.042982 -0.00045228 0.019312 -0.0236634 0.0383962 0.128703 -0.0496025 0.120089 -0.123565 1.63772 -0.0848584 -0.487887 -0.173831 0.0352445 -0.129633 -0.0465264 1.37796 -0.0807083 -0.429684 -0.0655172 -0.0929924 -0.0972534 
0.0319924 0.0393504 -0.0298684 0.00229818 -0.0468276 0.0012049 -0.0210304 -0.0429847 -0.00045228 0.019312 -0.0236648 0.0383986 0.128703 -0.0496025 0.120089 -0.123566 1.63772 -0.0848582 -0.487888 -0.173831 0.0354776 -0.129611 -0.0465257 1.37796 -0.0757763 -0.429717 -0.0622108 -0.0929924 -0.0972521 
0.0319924 0.0393504 -0.0298655 0.00229818 -0.0468276 0.0012049 -0.0210304 -0.0429847 -0.00045228 0.019312 -0.0236648 0.0383986 0.128703 -0.0496025 0.120091 -0.123565 1.63772 -0.0848606 -0.487888 -0.173831 0.0356767 -0.129557 -0.046524 1.37796 -0.0713997 -0.429758 -0.0591077 -0.0929924 -0.0972546 
0.031987 0.0393504 -0.0298655 0.00229818 -0.0468276 0.0012049 -0.0210304 -0.0429847 -0.000449657 0.019312 -0.0236648 0.0383986 0.128703 -0.0496032 0.120089 -0.123566 1.63772 -0.0848596 -0.487888 -0.173831 0.0358567 -0.129492 -0.0465236 1.37796 -0.0671062 -0.429828 -0.0557733 -0.0929924 -0.0972498 
0.031987 0.0393504 -0.0298655 0.00229818 -0.0468276 0.0012049 -0.0210304 -0.0429847 -0.00045228 0.019312 -0.0236648 0.0383986 0.128703 -0.0496032 0.120089 -0.123566 1.63772 -0.0848584 -0.487888 -0.173831 0.0360279 -0.129448 -0.046524 1.37796 -0.0623255 -0.429944 -0.051868 -0.0929924 -0.0972474 
0.031987 0.0393504 -0.0298655 0.00229818 -0.0468276 0.0012049 -0.0210304 -0.0429847 -0.00045228 0.019312 -0.0236648 0.0383986 0.128703 -0.0496025 0.120089 -0.123566 1.63772 -0.0848584 -0.487888 -0.173831 0.036165 -0.129444 -0.0465236 1.37797 -0.0582526 -0.43003 -0.0483642 -0.0929924 -0.0972498 
0.0319815 0.0393533 -0.0298655 0.00229818 -0.0468276 0.0012049 -0.0210359 -0.0429847 -0.000449657 0.019312 -0.0236648 0.0383986 0.128703 -0.0496025 0.120089 -0.123565 1.63772 -0.0848584 -0.487889 -0.17383 0.0363216 -0.129443 -0.0465221 1.37797 -0.0539753 -0.43007 -0.0443456 -0.0929911 -0.0972486 
0.0319731 0.0393533 -0.0298655 0.00229818 -0.0468276 0.0012049 -0.0210385 -0.0429847 -0.000449657 0.019312 -0.0236648 0.0383986 0.128703 -0.0496032 0.120089 -0.123567 1.63772 -0.0848582 -0.487889 -0.173831 0.0364797 -0.129443 -0.0465181 1.37797 -0.0502753 -0.430093 -0.040706 -0.0929924 -0.0972474 
0.0319648 0.0393533 -0.0298655 0.00229818 -0.0468276 0.0012049 -0.0210385 -0.0429847 -0.00045228 0.019312 -0.0236648 0.0383986 0.128703 -0.0496032 0.120089 -0.123566 1.63772 -0.0848584 -0.487888 -0.173832 0.036695 -0.129443 -0.0465147 1.37797 -0.046391 -0.430137 -0.0366861 -0.0929924 -0.0972474 
0.0319619 0.0393533 -0.0298655 0.00229818 -0.0468276 0.0012049 -0.0210385 -0.042982 -0.000449657 0.019312 -0.0236648 0.0383986 0.1287 -0.0496032 0.120089 -0.123566 1.63772 -0.0848584 -0.487888 -0.173831 0.0369391 -0.129443 -0.0465147 1.37797 -0.0429711 -0.430173 -0.0326296 -0.0929924 -0.097239 
0.0319619 0.0393533 -0.0298655 0.00229818 -0.0468276 0.0012049 -0.0210385 -0.0429847 -0.00045228 0.019312 -0.0236648 0.0383986 0.128699 -0.0496025 0.120089 -0.123567 1.63772 -0.0848584 -0.487888 -0.173831 0.0371776 -0.129443 -0.0465147 1.37797 -0.0400665 -0.430177 -0.0288545 -0.0929924 -0.0972426 
0.0319619 0.0393533 -0.0298655 0.00229818 -0.0468276 0.0012049 -0.0210385 -0.0429792 -0.00045228 0.019312 -0.0236648 0.0383986 0.128695 -0.0496025 0.120089 -0.123566 1.63772 -0.0848584 -0.487888 -0.173831 0.0374551 -0.129443 -0.0465147 1.37798 -0.0372393 -0.430179 -0.024922 -0.0929911 -0.0972438 
0.0319619 0.0393533 -0.0298655 0.00229818 -0.0468276 0.0012049 -0.0210385 -0.0429765 -0.00045228 0.019312 -0.0236648 0.0383986 0.128692 -0.0496025 0.120089 -0.123565 1.63772 -0.0848584 -0.487888 -0.173831 0.0378404 -0.129441 -0.0465136 1.37798 -0.0342333 -0.430183 -0.020349 -0.0929911 -0.0972378 
0.0319619 0.0393533 -0.0298655 0.00229818 -0.0468276 0.0012049 -0.0210385 -0.042982 -0.00045228 0.019312 -0.0236648 0.0383986 0.128692 -0.0496025 0.120089 -0.123566 1.63772 -0.0848606 -0.487888 -0.173832 0.038255 -0.129428 -0.0465147 1.37798 -0.0319166 -0.430194 -0.0161065 -0.0929924 -0.0972414 
0.0319593 0.0393504 -0.0298655 0.00229818 -0.0468302 0.0012001 -0.0210385 -0.0429765 -0.00045228 0.019312 -0.0236648 0.0383986 0.128692 -0.0496032 0.120089 -0.123566 1.63772 -0.0848584 -0.487888 -0.173832 0.0387237 -0.129408 -0.0465114 1.37798 -0.0298352 -0.430218 -0.0118465 -0.0929924 -0.0972378 
0.0319593 0.0393533 -0.0298655 0.00229818 -0.0468315 0.0011977 -0.0210385 -0.0429765 -0.00045228 0.019312 -0.0236648 0.0383986 0.128692 -0.0496032 0.120089 -0.123566 1.63772 -0.0848596 -0.487889 -0.173831 0.0393274 -0.129396 -0.0465076 1.37798 -0.0276384 -0.430248 -0.00718415 -0.0929911 -0.0972414 
0.0319619 0.0393504 -0.0298655 0.00229818 -0.0468328 0.0011953 -0.0210385 -0.0429792 -0.00045228 0.019312 -0.0236648 0.0383986 0.128691 -0.0496032 0.120089 -0.123566 1.63772 -0.0848584 -0.487888 -0.173831 0.0399225 -0.129384 -0.0465062 1.37798 -0.0258656 -0.430272 -0.00311148 -0.09299 -0.097239 
0.0319593 0.0393533 -0.0298655 0.00229818 -0.0468328 0.0011953 -0.0210385 -0.042982 -0.00045228 0.019312 -0.0236648 0.0383986 0.128691 -0.0496032 0.120089 -0.123566 1.63772 -0.0848596 -0.487888 -0.17383 0.0406809 -0.129384 -0.0465007 1.37799 -0.0241082 -0.430315 0.00123632 -0.0929924 -0.0972438 
0.0319536 0.0393533 -0.0298655 0.00229818 -0.0468328 0.0011953 -0.0210385 -0.042982 -0.00045228 0.019312 -0.0236648 0.0383986 0.128692 -0.0496032 0.120089 -0.123565 1.63772 -0.0848582 -0.487888 -0.173831 0.0414698 -0.129384 -0.0465007 1.37799 -0.0228822 -0.430378 0.00498664 -0.0929924 -0.0972426 
0.031951 0.0393533 -0.0298655 0.00229818 -0.0468341 0.0011929 -0.0210385 -0.0429847 -0.000449657 0.019312 -0.0236648 0.0383986 0.128691 -0.0496032 0.120089 -0.123565 1.63772 -0.0848584 -0.487888 -0.17383 0.0423501 -0.129391 -0.0464995 1.37799 -0.0219789 -0.430503 0.00878274 -0.0929924 -0.0972462 
0.031951 0.0393587 -0.0298655 0.00229818 -0.0468341 0.0011929 -0.0210385 -0.0429765 -0.00045228 0.019312 -0.0236648 0.0383986 0.128691 -0.0496032 0.120089 -0.123565 1.63772 -0.0848584 -0.487888 -0.173831 0.0434356 -0.129403 -0.0465007 1.37799 -0.0213635 -0.430718 0.0129739 -0.092996 -0.097239 
0.0319536 0.0393643 -0.0298655 0.00229818 -0.0468341 0.0011929 -0.0210385 -0.042982 -0.00045228 0.019312 -0.0236648 0.0383986 0.128689 -0.0496032 0.120089 -0.123565 1.63772 -0.0848584 -0.487888 -0.173831 0.0443993 -0.129403 -0.0465007 1.37799 -0.0210853 -0.430964 0.0166575 -0.0929924 -0.0972462 
0.0319536 0.0393587 -0.0298655 0.00229818 -0.0468341 0.0011929 -0.0210385 -0.042982 -0.00045228 0.019312 -0.0236648 0.0383986 0.128681 -0.0496025 0.120089 -0.123566 1.63772 -0.0848584 -0.487889 -0.17383 0.0453978 -0.129403 -0.0465002 1.37799 -0.0210035 -0.431263 0.0202893 -0.0929924 -0.0972474 
0.031951 0.0393587 -0.0298655 0.00229818 -0.0468341 0.0011929 -0.0210385 -0.0429792 -0.00045228 0.019312 -0.0236648 0.0383986 0.128673 -0.0496025 0.120089 -0.123566 1.63772 -0.0848582 -0.487888 -0.173831 0.0466359 -0.129401 -0.0464973 1.37799 -0.0210004 -0.431697 0.0240558 -0.0929911 -0.0972426 
0.031951 0.0393587 -0.0298655 0.00229818 -0.0468341 0.0011929 -0.0210385 -0.0429765 -0.00045228 0.019312 -0.0236648 0.0383986 0.128676 -0.0496025 0.120089 -0.123566 1.63772 -0.0848584 -0.487889 -0.173831 0.0478003 -0.129395 -0.0464921 1.37799 -0.0210011 -0.432198 0.0270655 -0.0929924 -0.0972366 
0.0319536 0.0393587 -0.0298655 0.00229071 -0.0468328 0.0011953 -0.0210385 -0.0429847 -0.000455141 0.019312 -0.0236648 0.0383986 0.128675 -0.0496032 0.120089 -0.123566 1.63772 -0.0848584 -0.487888 -0.173831 0.0490355 -0.129395 -0.0464861 1.37799 -0.0210016 -0.43295 0.0301619 -0.0929947 -0.097227 
0.0319593 0.039356 -0.0298655 0.00229071 -0.0468328 0.0011953 -0.0210359 -0.042982 -0.000455141 0.019312 -0.0236648 0.0383986 0.12867 -0.0496025 0.120089 -0.123565 1.63772 -0.0848606 -0.487888 -0.17383 0.0500691 -0.129396 -0.0464861 1.37799 -0.0210023 -0.433693 0.0326051 -0.0929924 -0.0972211 
0.0319619 0.0393449 -0.0298655 0.00229071 -0.0468328 0.0011953 -0.0210359 -0.042982 -0.000455141 0.019312 -0.0236648 0.0383986 0.128662 -0.0496025 0.120089 -0.123565 1.63772 -0.0848596 -0.487888 -0.173831 0.0510874 -0.129401 -0.0464833 1.37799 -0.0210044 -0.434402 0.0346949 -0.0929947 -0.0972198 
0.0319619 0.0393504 -0.0298655 0.00229071 -0.0468328 0.0011953 -0.0210304 -0.042982 -0.000455141 0.019312 -0.0236648 0.0383986 0.128659 -0.0496025 0.120089 -0.123566 1.63772 -0.0848584 -0.487888 -0.173831 0.052165 -0.129408 -0.0464833 1.37797 -0.0210035 -0.435275 0.0366096 -0.0929924 -0.0972354 
0.0319731 0.0393504 -0.0298655 0.00229071 -0.0468328 0.0011953 -0.0210276 -0.042982 -0.000457764 0.019312 -0.0236648 0.0383986 0.128659 -0.0496025 0.120089 -0.123565 1.63772 -0.0848572 -0.487888 -0.173831 0.0529189 -0.129412 -0.0464833 1.37797 -0.0210042 -0.436122 0.0379012 -0.0929924 -0.0972354 
0.031987 0.0393533 -0.0298655 0.00229071 -0.0468328 0.0011953 -0.0210276 -0.0429847 -0.000457764 0.019312 -0.0236648 0.0383986 0.128659 -0.0496032 0.120089 -0.123566 1.63772 -0.0848584 -0.487888 -0.17383 0.0534565 -0.129417 -0.0464838 1.37797 -0.0210042 -0.436932 0.0388682 -0.0929924 -0.0972426 
0.0320008 0.0393533 -0.0298655 0.00229071 -0.0468328 0.0011953 -0.0210164 -0.042982 -0.000457764 0.019312 -0.0236648 0.0383986 0.128657 -0.0496025 0.12009 -0.123565 1.63772 -0.0848584 -0.487888 -0.17383 0.0539017 -0.129419 -0.0464833 1.37797 -0.0210044 -0.437663 0.0396888 -0.0929911 -0.0972546 
0.0320008 0.0393533 -0.0298684 0.00229071 -0.0468328 0.0011953 -0.0210164 -0.042982 -0.000457764 0.019312 -0.0236648 0.0383986 0.128654 -0.0496025 0.120089 -0.123566 1.63772 -0.0848582 -0.487888 -0.173831 0.0542109 -0.129418 -0.0464833 1.37797 -0.0210042 -0.438055 0.040308 -0.0929924 -0.0972605 
0.0319982 0.0393533 -0.0298684 0.00229071 -0.0468328 0.0011953 -0.0210111 -0.0429792 -0.000457764 0.019312 -0.0236648 0.0383986 0.128657 -0.0496025 0.120089 -0.123566 1.63772 -0.0848572 -0.487888 -0.173831 0.0544121 -0.129409 -0.0464799 1.37797 -0.0210044 -0.438204 0.040862 -0.0929924 -0.0972582 
0.0319982 0.0393533 -0.0298684 0.00229818 -0.0468328 0.0011953 -0.0210111 -0.0429792 -0.000457764 0.019312 -0.0236648 0.0383986 0.128657 -0.0496032 0.120089 -0.123566 1.63772 -0.0848584 -0.487888 -0.17383 0.0544736 -0.129395 -0.0464723 1.37797 -0.0210071 -0.438208 0.0413669 -0.0929947 -0.0972582 
0.0319924 0.0393504 -0.0298684 0.00229818 -0.0468328 0.0011953 -0.0210111 -0.0429792 -0.000457764 0.019312 -0.0236648 0.0383986 0.128657 -0.0496025 0.120089 -0.123566 1.63772 -0.0848606 -0.487888 -0.17383 0.0544665 -0.129365 -0.0464649 1.37797 -0.0210071 -0.438206 0.0416785 -0.0929924 -0.0972558 
0.0319815 0.0393422 -0.0298655 0.00229818 -0.0468328 0.0011953 -0.0210111 -0.0429792 -0.000463486 0.019312 -0.0236674 0.0384034 0.128653 -0.0496025 0.120089 -0.123566 1.63772 -0.0848584 -0.487888 -0.17383 0.0544655 -0.129262 -0.0464623 1.37797 -0.0210071 -0.438206 0.0418179 -0.0929924 -0.0972558 
0.031976 0.0393449 -0.0298655 0.00229818 -0.0468328 0.0011953 -0.0210137 -0.0429792 -0.000466108 0.019312 -0.0236674 0.0384034 0.128651 -0.0496025 0.120089 -0.123565 1.63772 -0.0848596 -0.487888 -0.173831 0.0544639 -0.129119 -0.0464637 1.37797 -0.0210071 -0.438207 0.0418165 -0.0929924 -0.0972521 
0.0319731 0.0393587 -0.0298655 0.00229818 -0.0468328 0.0011953 -0.0210137 -0.0429847 -0.000468969 0.019312 -0.0236674 0.0384034 0.128651 -0.0496025 0.120089 -0.123566 1.63772 -0.0848584 -0.487888 -0.173831 0.0544596 -0.128986 -0.0464623 1.37797 -0.0210071 -0.43821 0.0418165 -0.0929947 -0.0972438 
0.0319731 0.0393671 -0.0298655 0.00229818 -0.0468328 0.0011953 -0.0210137 -0.0429654 -0.000468969 0.019312 -0.0236674 0.0384034 0.128651 -0.0496032 0.120089 -0.123566 1.63772 -0.0848584 -0.487888 -0.173831 0.0544534 -0.128898 -0.0464623 1.37796 -0.0210071 -0.438218 0.0418165 -0.0929924 -0.0972426 
0.0319731 0.0393698 -0.0298655 0.00229818 -0.0468328 0.0011953 -0.0210137 -0.0429765 -0.000468969 0.019312 -0.0236674 0.0384034 0.128651 -0.0496025 0.120089 -0.123566 1.63772 -0.0848584 -0.487888 -0.173831 0.0544479 -0.128876 -0.0464623 1.37795 -0.0210071 -0.438225 0.0418165 -0.0929924 -0.0972426 
0.0319731 0.0393726 -0.0298655 0.00229818 -0.0468328 0.0011953 -0.0210137 -0.0429709 -0.000468969 0.019312 -0.0236674 0.0384034 0.128651 -0.0496032 0.120089 -0.123566 1.63772 -0.0848584 -0.487888 -0.173831 0.0544479 -0.128875 -0.0464623 1.37795 -0.021009 -0.438225 0.0418165 -0.0929911 -0.097239 
0.0319731 0.0393726 -0.0298655 0.00229818 -0.0468328 0.0011953 -0.0210137 -0.0429765 -0.000468969 0.019312 -0.0236687 0.0384011 0.128651 -0.0496025 0.120089 -0.123566 1.63772 -0.0848584 -0.487888 -0.17383 0.0544486 -0.128876 -0.0464623 1.37795 -0.0210063 -0.438227 0.0418159 -0.0929911 -0.0972294 
0.0319731 0.0393726 -0.0298655 0.00229818 -0.0468328 0.0011953 -0.0210137 -0.0429765 -0.00047183 0.019312 -0.0236687 0.0384011 0.128651 -0.0496032 0.120089 -0.123566 1.63772 -0.0848584 -0.487888 -0.173831 0.0544465 -0.128881 -0.0464637 1.37795 -0.0210071 -0.438226 0.0418135 -0.09299 -0.0971984 
0.0319676 0.0393671 -0.0298655 0.00229818 -0.0468328 0.0011953 -0.0210137 -0.0429709 -0.00047183 0.019312 -0.0236687 0.0384011 0.128651 -0.0496025 0.120089 -0.123565 1.63772 -0.0848584 -0.487888 -0.173831 0.0544469 -0.128891 -0.0464637 1.37795 -0.0210071 -0.438225 0.0418088 -0.0929924 -0.0971708 
0.0319731 0.0393726 -0.0298684 0.00229818 -0.0468328 0.0011953 -0.0210137 -0.0429792 -0.00047183 0.019312 -0.0236687 0.0384011 0.128651 -0.0496025 0.120089 -0.123565 1.63772 -0.0848572 -0.487888 -0.17383 0.0544469 -0.128906 -0.0464637 1.37795 -0.021009 -0.438225 0.0418065 -0.0929911 -0.0971636 
0.0319731 0.0393782 -0.0298655 0.00229818 -0.0468328 0.0011953 -0.0210164 -0.0429682 -0.00047183 0.019312 -0.0236687 0.0384011 0.128651 -0.0496025 0.120089 -0.123566 1.63772 -0.0848582 -0.487888 -0.173831 0.0544479 -0.128913 -0.0464637 1.37795 -0.021009 -0.438221 0.0418048 -0.0929924 -0.0971756 
0.0319648 0.0393782 -0.0298655 0.00229818 -0.0468328 0.0011953 -0.0210164 -0.0429626 -0.00047183 0.019312 -0.0236687 0.0384011 0.128651 -0.0496032 0.120089 -0.123566 1.63772 -0.0848584 -0.487888 -0.173831 0.0544469 -0.128918 -0.0464637 1.37795 -0.0210097 -0.438223 0.0418018 -0.09299 -0.0971756 
0.0319648 0.0393809 -0.0298655 0.00229818 -0.0468328 0.0011953 -0.0210164 -0.042982 -0.00047183 0.019312 -0.0236687 0.0384011 0.128651 -0.0496032 0.120089 -0.123566 1.63772 -0.0848584 -0.487888 -0.173831 0.0544469 -0.128923 -0.0464637 1.37795 -0.0210109 -0.438218 0.0417994 -0.0929924 -0.0971911 
0.0319676 0.0393809 -0.0298655 0.00229818 -0.0468341 0.00119771 -0.0210164 -0.0429792 -0.000479937 0.019312 -0.0236687 0.0384011 0.128651 -0.0496032 0.120089 -0.123565 1.63772 -0.0848584 -0.487888 -0.173831 0.0544455 -0.128926 -0.0464637 1.37795 -0.0210118 -0.438218 0.0417987 -0.0929924 -0.0971959 
0.0319648 0.0393698 -0.0298655 0.00229818 -0.0468341 0.00119771 -0.0210137 -0.0429765 -0.000488281 0.019312 -0.0236687 0.0384011 0.128648 -0.0496025 0.120089 -0.123565 1.63772 -0.0848584 -0.487888 -0.17383 0.0544376 -0.128926 -0.0464637 1.37795 -0.0210125 -0.438217 0.0417973 -0.09299 -0.0971959 
0.0319731 0.0393698 -0.0298655 0.00229818 -0.0468341 0.00119771 -0.0210111 -0.0429765 -0.000488281 0.019312 -0.0236687 0.0384011 0.128648 -0.0496025 0.120089 -0.123566 1.63772 -0.0848584 -0.487888 -0.17383 0.0544224 -0.128924 -0.0464637 1.37795 -0.0210152 -0.438217 0.0417963 -0.0929924 -0.0972019 
0.0319731 0.0393698 -0.0298655 0.00229818 -0.0468341 0.00119771 -0.021008 -0.0429765 -0.000488281 0.019312 -0.0236687 0.0384011 0.128648 -0.0496032 0.120089 -0.123566 1.63772 -0.0848584 -0.487888 -0.173831 0.0544062 -0.12892 -0.0464623 1.37795 -0.0210156 -0.438215 0.0417963 -0.09299 -0.0971911 
0.0319731 0.0393698 -0.0298655 0.00229818 -0.0468341 0.00119771 -0.021008 -0.0429765 -0.000488281 0.019312 -0.0236687 0.0384011 0.128648 -0.0496025 0.120089 -0.123566 1.63772 -0.0848584 -0.487888 -0.173832 0.0543866 -0.128919 -0.0464623 1.37794 -0.0210156 -0.438215 0.0417933 -0.0929887 -0.0971984 
0.0319786 0.0393698 -0.0298684 0.00229818 -0.0468341 0.00119771 -0.021008 -0.0429792 -0.000488281 0.019312 -0.0236687 0.0384011 0.128648 -0.0496025 0.120089 -0.123565 1.63772 -0.0848582 -0.487888 -0.173831 0.0543814 -0.128919 -0.0464618 1.37794 -0.021018 -0.438212 0.041791 -0.0929924 -0.0972043 
0.0319815 0.0393698 -0.0298655 0.00229818 -0.0468341 0.00119771 -0.021008 -0.0429792 -0.000491142 0.019312 -0.0236687 0.0384011 0.128648 -0.0496025 0.120089 -0.123566 1.63772 -0.0848584 -0.487888 -0.173831 0.0543814 -0.12892 -0.0464604 1.37794 -0.0210204 -0.43821 0.0417893 -0.0929911 -0.0972186 
0.0319815 0.0393809 -0.0298655 0.00229818 -0.0468341 0.00119771 -0.021008 -0.0429654 -0.000491142 0.019312 -0.0236687 0.0384011 0.128648 -0.0496025 0.120089 -0.123565 1.63772 -0.0848584 -0.487888 -0.173831 0.054383 -0.128924 -0.0464618 1.37795 -0.0210218 -0.438207 0.0417873 -0.09299 -0.0972258 
0.0319786 0.0393809 -0.0298655 0.00229818 -0.0468341 0.00119771 -0.021008 -0.0429765 -0.000491142 0.019312 -0.0236687 0.0384011 0.128648 -0.0496032 0.120089 -0.123566 1.63772 -0.0848584 -0.487889 -0.173831 0.0543838 -0.128927 -0.0464604 1.37795 -0.0210238 -0.438205 0.0417839 -0.0929887 -0.0972366 
0.0319731 0.0393836 -0.0298655 0.00229818 -0.0468341 0.00119771 -0.021008 -0.0429765 -0.000491142 0.019312 -0.0236687 0.0384011 0.128651 -0.0496032 0.120089 -0.123565 1.63772 -0.0848572 -0.487888 -0.173831 0.0543838 -0.128931 -0.0464604 1.37795 -0.0210247 -0.438201 0.0417817 -0.0929924 -0.097233 
0.0319619 0.039392 -0.0298655 0.00229818 -0.0468341 0.00119771 -0.0210137 -0.0429654 -0.000494003 0.019312 -0.0236687 0.0384011 0.128648 -0.0496032 0.120089 -0.123565 1.63772 -0.0848582 -0.487888 -0.17383 0.054383 -0.128932 -0.0464604 1.37795 -0.0210254 -0.438199 0.0417786 -0.0929911 -0.0972294 
0.0319619 0.039392 -0.0298655 0.00229818 -0.0468341 0.00119771 -0.0210164 -0.0429709 -0.000494003 0.019312 -0.0236687 0.0384011 0.128648 -0.0496025 0.120089 -0.123566 1.63772 -0.0848584 -0.487888 -0.173831 0.0543814 -0.128932 -0.0464604 1.37795 -0.0210254 -0.438196 0.0417762 -0.0929911 -0.0972223 
0.0319593 0.0393865 -0.0298655 0.00229818 -0.0468341 0.00119771 -0.0210164 -0.0429709 -0.000496864 0.019312 -0.0236687 0.0384011 0.128646 -0.0496025 0.120089 -0.123566 1.63772 -0.0848584 -0.487888 -0.17383 0.0543745 -0.128933 -0.0464604 1.37795 -0.0210292 -0.438188 0.0417771 -0.09299 -0.0972079 
0.0319593 0.0393836 -0.0298655 0.00229818 -0.0468354 0.00120004 -0.0210164 -0.0429709 -0.000496864 0.019312 -0.0236687 0.0384011 0.128646 -0.0496025 0.120089 -0.123565 1.63772 -0.0848584 -0.487888 -0.173831 0.0543628 -0.12893 -0.0464592 1.37795 -0.0210292 -0.438187 0.0417762 -0.09299 -0.0972031 
0.0319593 0.0393836 -0.0298655 0.00229071 -0.0468354 0.00120004 -0.0210164 -0.0429709 -0.000496864 0.019312 -0.0236687 0.0384011 0.128645 -0.0496025 0.120089 -0.123566 1.63772 -0.0848596 -0.487888 -0.17383 0.0543628 -0.128927 -0.0464575 1.37795 -0.0210321 -0.438176 0.0417762 -0.0929924 -0.0971959 
0.0319593 0.0393836 -0.0298655 0.00229071 -0.0468354 0.00120004 -0.0210164 -0.0429709 -0.00050211 0.019312 -0.0236687 0.0384011 0.128645 -0.0496032 0.120089 -0.123565 1.63772 -0.0848584 -0.487888 -0.173831 0.0543647 -0.128922 -0.0464516 1.37795 -0.0210352 -0.438169 0.0417762 -0.09299 -0.0972043 
0.031951 0.0393836 -0.0298655 0.00229071 -0.0468354 0.00120004 -0.0210221 -0.0429709 -0.00050211 0.019312 -0.0236687 0.0384011 0.128645 -0.0496032 0.120089 -0.123566 1.63772 -0.0848584 -0.487888 -0.17383 0.0543656 -0.128916 -0.0464435 1.37795 -0.0210414 -0.43816 0.0417762 -0.0929911 -0.0972031 
0.0319481 0.0393836 -0.0298655 0.00229071 -0.0468354 0.00120004 -0.0210221 -0.0429709 -0.00050211 0.019312 -0.0236687 0.0384011 0.128645 -0.0496032 0.120089 -0.123566 1.63772 -0.0848584 -0.487888 -0.173831 0.0543647 -0.128909 -0.0464396 1.37795 -0.0210419 -0.43816 0.0417762 -0.0929924 -0.0972103 
0.0319481 0.0393836 -0.0298655 0.00229071 -0.0468354 0.00120004 -0.0210221 -0.0429709 -0.000505209 0.019312 -0.0236687 0.0384011 0.128645 -0.0496032 0.120089 -0.123565 1.63772 -0.0848596 -0.487889 -0.173831 0.0543642 -0.128906 -0.0464394 1.37795 -0.0210438 -0.438158 0.0417747 -0.0929911 -0.0972211 
0.031951 0.039392 -0.0298655 0.00229071 -0.0468354 0.00120004 -0.0210164 -0.0429709 -0.000507832 0.019312 -0.0236687 0.0384011 0.128645 -0.0496032 0.120089 -0.123566 1.63772 -0.0848584 -0.487888 -0.17383 0.0543604 -0.128905 -0.0464375 1.37795 -0.0210447 -0.438158 0.0417738 -0.0929887 -0.0972246 
0.0319619 0.0393836 -0.0298655 0.00229818 -0.0468354 0.00120004 -0.0210164 -0.0429709 -0.000507832 0.019312 -0.0236687 0.0384011 0.128643 -0.0496025 0.120089 -0.123566 1.63772 -0.0848584 -0.487888 -0.17383 0.0543487 -0.128905 -0.0464394 1.37795 -0.0210447 -0.438158 0.0417715 -0.09299 -0.0972294 
0.0319731 0.0393809 -0.0298655 0.00229818 -0.0468354 0.00120004 -0.0210111 -0.0429709 -0.000510454 0.019312 -0.0236687 0.0384011 0.128643 -0.0496025 0.120089 -0.123565 1.63772 -0.0848584 -0.487888 -0.173831 0.0543242 -0.128906 -0.0464396 1.37794 -0.0210443 -0.438158 0.0417671 -0.0929911 -0.097233 
0.0319786 0.0393809 -0.0298655 0.00229818 -0.0468354 0.00120004 -0.021008 -0.0429765 -0.000510454 0.019312 -0.0236687 0.0384011 0.128643 -0.0496032 0.120089 -0.123565 1.63772 -0.0848584 -0.487888 -0.173831 0.0543046 -0.128909 -0.0464396 1.37794 -0.0210447 -0.438157 0.0417647 -0.09299 -0.0972474 
0.0319815 0.0393809 -0.0298655 0.00229818 -0.0468354 0.00120004 -0.021008 -0.0429792 -0.000516176 0.019312 -0.0236687 0.0384011 0.128643 -0.0496032 0.120089 -0.123566 1.63772 -0.0848584 -0.487889 -0.173831 0.0543005 -0.128909 -0.0464396 1.37794 -0.0210447 -0.438156 0.0417637 -0.09299 -0.0972582 
0.0319815 0.0393836 -0.0298655 0.00229818 -0.0468354 0.00120004 -0.021008 -0.0429792 -0.000516176 0.019312 -0.0236687 0.0384011 0.128643 -0.0496032 0.120089 -0.123567 1.63772 -0.0848584 -0.487888 -0.173831 0.0543015 -0.128908 -0.0464396 1.37795 -0.0210443 -0.438155 0.0417621 -0.0929911 -0.0972582 
0.031976 0.0393865 -0.0298655 0.00229818 -0.0468354 0.00120004 -0.021008 -0.0429709 -0.000516176 0.019312 -0.0236687 0.0384011 0.128643 -0.0496032 0.120089 -0.123566 1.63772 -0.0848584 -0.487888 -0.173831 0.0543005 -0.128906 -0.0464375 1.37795 -0.0210443 -0.438149 0.0417616 -0.0929887 -0.0972546 
0.0319619 0.0393865 -0.0298655 0.00229818 -0.0468354 0.00120004 -0.021008 -0.0429709 -0.000519037 0.019312 -0.0236687 0.0384011 0.128643 -0.0496025 0.120089 -0.123566 1.63772 -0.0848584 -0.487888 -0.173831 0.0543025 -0.128897 -0.0464375 1.37795 -0.0210466 -0.438134 0.0417607 -0.09299 -0.0972474 
0.031951 0.0393865 -0.0298655 0.00229818 -0.0468354 0.00120004 -0.0210164 -0.0429709 -0.000519037 0.019312 -0.0236687 0.0384011 0.128643 -0.0496025 0.120089 -0.123565 1.63772 -0.0848596 -0.487888 -0.17383 0.0543029 -0.128884 -0.0464342 1.37795 -0.0210474 -0.438123 0.0417601 -0.0929911 -0.0972366 
0.0319343 0.0393865 -0.0298655 0.00229071 -0.0468354 0.00120004 -0.0210249 -0.0429709 -0.000519037 0.019312 -0.0236687 0.0384011 0.128643 -0.0496032 0.120089 -0.123565 1.63772 -0.0848584 -0.487888 -0.173831 0.0543029 -0.128864 -0.046432 1.37795 -0.0210493 -0.438109 0.0417591 -0.09299 -0.0972211 
0.0319204 0.0393976 -0.0298655 0.00229071 -0.0468354 0.00120004 -0.0210304 -0.0429709 -0.000519037 0.019312 -0.0236687 0.0384011 0.128643 -0.0496032 0.120089 -0.123566 1.63772 -0.0848584 -0.487888 -0.173831 0.0543029 -0.128821 -0.0464282 1.37795 -0.02105 -0.438108 0.0417591 -0.0929911 -0.0971984 
0.0319204 0.0394031 -0.0298655 0.00229071 -0.0468367 0.00120252 -0.0210304 -0.0429709 -0.000519037 0.019312 -0.0236687 0.0384011 0.12864 -0.0496032 0.120089 -0.123565 1.63772 -0.0848582 -0.487888 -0.17383 0.0543025 -0.128768 -0.0464287 1.37795 -0.02105 -0.438108 0.041757 -0.09299 -0.09719 
0.0319204 0.0394031 -0.0298655 0.00229071 -0.0468367 0.00120252 -0.0210304 -0.0429709 -0.000519037 0.019312 -0.0236687 0.0384011 0.12864 -0.0496025 0.120089 -0.123565 1.63772 -0.0848584 -0.487888 -0.173831 0.0543005 -0.128745 -0.0464287 1.37795 -0.02105 -0.438106 0.0417546 -0.09299 -0.09719 
0.0319204 0.0394031 -0.0298655 0.00229071 -0.0468367 0.00120252 -0.0210304 -0.0429709 -0.00052166 0.019312 -0.0236687 0.0384011 0.128638 -0.0496025 0.120089 -0.123566 1.63772 -0.0848582 -0.487888 -0.173831 0.0543015 -0.128747 -0.0464282 1.37795 -0.02105 -0.438106 0.0417531 -0.09299 -0.0971875 
0.0319259 0.0393976 -0.0298655 0.00229071 -0.0468367 0.00120252 -0.0210304 -0.0429847 -0.000527382 0.019312 -0.0236687 0.0384011 0.128638 -0.0496025 0.120089 -0.123566 1.63772 -0.0848584 -0.487888 -0.173831 0.0543015 -0.128747 -0.0464287 1.37795 -0.02105 -0.438102 0.0417515 -0.0929887 -0.0971851 
0.0319259 0.0393976 -0.0298655 0.00229071 -0.0468367 0.00120252 -0.0210304 -0.0429792 -0.000527382 0.019312 -0.0236687 0.0384011 0.128638 -0.0496032 0.120089 -0.123565 1.63772 -0.0848584 -0.487887 -0.173831 0.0543005 -0.128748 -0.0464287 1.37795 -0.0210493 -0.438097 0.041749 -0.0929887 -0.0971875 
0.0319259 0.0393976 -0.0298655 0.00229071 -0.0468367 0.00120252 -0.0210304 -0.0429765 -0.000530005 0.019312 -0.0236687 0.0384011 0.128638 -0.0496032 0.120089 -0.123566 1.63772 -0.0848582 -0.487888 -0.173831 0.0543005 -0.128748 -0.0464287 1.37795 -0.02105 -0.438094 0.041747 -0.09299 -0.0971792 
0.0319233 0.0393976 -0.0298655 0.00229071 -0.0468367 0.00120252 -0.0210304 -0.042982 -0.000530005 0.019312 -0.0236687 0.0384011 0.128638 -0.0496032 0.120089 -0.123566 1.63772 -0.0848584 -0.487888 -0.173831 0.0543005 -0.128747 -0.0464287 1.37795 -0.0210507 -0.438092 0.041747 -0.0929887 -0.0971732 
0.0319233 0.0393976 -0.0298655 0.00229071 -0.0468367 0.00120252 -0.0210304 -0.042982 -0.000532866 0.019312 -0.0236687 0.0384011 0.128638 -0.0496032 0.120089 -0.123566 1.63772 -0.0848582 -0.487888 -0.173831 0.0542998 -0.128745 -0.0464282 1.37795 -0.0210521 -0.438091 0.041747 -0.0929887 -0.0971684 
0.0319233 0.0394031 -0.0298655 0.00229071 -0.0468367 0.00120252 -0.0210359 -0.042982 -0.000535727 0.019312 -0.0236687 0.0384011 0.128637 -0.0496032 0.120089 -0.123565 1.63772 -0.0848582 -0.487888 -0.173831 0.0542989 -0.128733 -0.0464263 1.37795 -0.0210521 -0.438091 0.041747 -0.0929887 -0.0971624 
0.0319233 0.0394031 -0.0298655 0.00229071 -0.0468367 0.00120252 -0.0210359 -0.042982 -0.000532866 0.019312 -0.0236687 0.0384011 0.128637 -0.0496025 0.120089 -0.123566 1.63772 -0.0848584 -0.487888 -0.173831 0.0542936 -0.128727 -0.0464258 1.37795 -0.0210521 -0.438071 0.041747 -0.0929887 -0.0971636 
0.0319233 0.0394031 -0.0298655 0.00229071 -0.0468367 0.00120252 -0.0210304 -0.0429792 -0.000535727 0.019312 -0.0236687 0.0384011 0.128637 -0.0496032 0.120089 -0.123566 1.63772 -0.0848584 -0.487888 -0.173831 0.0542858 -0.128727 -0.0464263 1.37795 -0.0210536 -0.438028 0.041747 -0.0929887 -0.0971684 
0.0319288 0.0394031 -0.0298655 0.00229071 -0.0468367 0.00120252 -0.0210304 -0.042982 -0.000535727 0.019312 -0.0236687 0.0384011 0.128637 -0.0496032 0.120089 -0.123566 1.63772 -0.0848606 -0.487888 -0.173831 0.0542874 -0.128727 -0.0464258 1.37795 -0.0210521 -0.438025 0.041746 -0.0929887 -0.0971732 
0.0319288 0.0394031 -0.0298655 0.00229071 -0.0468367 0.00120252 -0.0210304 -0.042982 -0.000535727 0.019312 -0.0236687 0.0384011 0.128637 -0.0496032 0.120089 -0.123566 1.63772 -0.0848584 -0.487888 -0.17383 0.0542889 -0.128727 -0.0464263 1.37795 -0.0210521 -0.438013 0.041746 -0.09299 -0.0971732 
0.0319288 0.0394031 -0.0298655 0.00229071 -0.0468367 0.00120252 -0.0210304 -0.042982 -0.00054121 0.019312 -0.0236687 0.0384011 0.128638 -0.0496032 0.120089 -0.123566 1.63772 -0.0848584 -0.487888 -0.173831 0.0542889 -0.128727 -0.0464258 1.37795 -0.0210521 -0.43798 0.041747 -0.0929887 -0.0971732 
0.0319259 0.0394031 -0.0298655 0.00229071 -0.0468367 0.00120252 -0.0210304 -0.0429792 -0.00054121 0.019312 -0.0236687 0.0384011 0.128637 -0.0496032 0.120089 -0.123566 1.63772 -0.0848582 -0.487888 -0.173831 0.0542889 -0.128727 -0.0464263 1.37795 -0.0210521 -0.437959 0.041746 -0.0929887 -0.0971732 
0.0319233 0.0394031 -0.0298655 0.00229071 -0.0468367 0.00120252 -0.0210359 -0.0429792 -0.00054121 0.019312 -0.0236687 0.0384011 0.128637 -0.0496032 0.120089 -0.123566 1.63772 -0.0848584 -0.487888 -0.173831 0.0542898 -0.128726 -0.0464263 1.37795 -0.0210521 -0.437954 0.041746 -0.0929887 -0.0971744 
0.0319204 0.0393976 -0.0298655 0.00229071 -0.0468367 0.00120252 -0.0210359 -0.0429792 -0.00054121 0.019312 -0.0236687 0.0384011 0.128637 -0.0496032 0.120089 -0.123566 1.63772 -0.0848584 -0.487888 -0.173831 0.0542898 -0.128715 -0.0464263 1.37795 -0.0210536 -0.437952 0.041746 -0.0929887 -0.097166 
0.0319204 0.0393949 -0.0298655 0.00229071 -0.0468367 0.00120252 -0.0210359 -0.042982 -0.00054121 0.019312 -0.0236687 0.0384011 0.128635 -0.0496025 0.120089 -0.123566 1.63772 -0.0848584 -0.487888 -0.173831 0.0542898 -0.128692 -0.0464258 1.37795 -0.0210528 -0.437952 0.041746 -0.0929865 -0.0971684 
0.0319204 0.0393949 -0.0298655 0.00229071 -0.0468367 0.00120252 -0.0210359 -0.042982 -0.00054121 0.019312 -0.0236687 0.0384011 0.128635 -0.0496025 0.120089 -0.123565 1.63772 -0.0848584 -0.487888 -0.173831 0.0542898 -0.128662 -0.0464258 1.37795 -0.0210536 -0.437951 0.0417453 -0.0929887 -0.0971708 
0.0319204 0.0393949 -0.02986 0.00229071 -0.0468367 0.00120252 -0.0210359 -0.042982 -0.00054121 0.019312 -0.0236687 0.0384011 0.128637 -0.0496025 0.120089 -0.123565 1.63772 -0.0848584 -0.487888 -0.173831 0.0542905 -0.128635 -0.0464258 1.37795 -0.0210536 -0.437951 0.041746 -0.0929887 -0.0971684 
0.0319233 0.0394031 -0.0298655 0.00229071 -0.0468367 0.00120252 -0.0210304 -0.0429792 -0.00054121 0.019312 -0.0236687 0.0384011 0.128637 -0.0496025 0.12009 -0.123565 1.63772 -0.0848584 -0.487888 -0.173831 0.0542905 -0.128617 -0.0464258 1.37795 -0.0210528 -0.43795 0.041746 -0.0929887 -0.0971756 
0.0319288 0.0394031 -0.0298655 0.00229071 -0.0468367 0.00120252 -0.0210304 -0.0429847 -0.00054121 0.019312 -0.0236687 0.0384011 0.128637 -0.0496032 0.120089 -0.123566 1.63772 -0.0848584 -0.487888 -0.173831 0.0542898 -0.128615 -0.0464246 1.37795 -0.0210536 -0.437948 0.041746 -0.0929887 -0.0971732 
0.0319259 0.0394031 -0.0298655 0.00229071 -0.0468367 0.00120252 -0.0210304 -0.0429847 -0.00054121 0.019312 -0.0236687 0.0384011 0.128635 -0.0496032 0.120089 -0.123565 1.63772 -0.0848584 -0.487888 -0.173831 0.0542905 -0.128615 -0.0464258 1.37795 -0.0210536 -0.437946 0.041746 -0.0929887 -0.0971792 
0.0319259 0.0393949 -0.0298655 0.00229071 -0.0468367 0.00120252 -0.0210304 -0.042982 -0.00054121 0.019312 -0.0236687 0.0384011 0.128632 -0.0496025 0.120089 -0.123566 1.63772 -0.0848584 -0.487888 -0.173831 0.0542915 -0.128615 -0.0464258 1.37795 -0.0210536 -0.437944 0.0417445 -0.0929887 -0.0971792 
0.0319259 0.0393949 -0.0298655 0.00229071 -0.0468367 0.00120252 -0.0210304 -0.0429792 -0.00054121 0.019312 -0.0236687 0.0384011 0.128635 -0.0496025 0.120089 -0.123566 1.63772 -0.0848584 -0.487888 -0.173832 0.0542905 -0.128611 -0.0464234 1.37795 -0.0210528 -0.437944 0.041746 -0.0929887 -0.0971792 
0.0319204 0.0393976 -0.0298655 0.00229071 -0.0468367 0.00120252 -0.0210304 -0.0429792 -0.00054121 0.019312 -0.0236687 0.0384011 0.128637 -0.0496032 0.120089 -0.123566 1.63772 -0.0848584 -0.487888 -0.173831 0.0542915 -0.128596 -0.0464234 1.37795 -0.0210555 -0.437944 0.041746 -0.0929887 -0.0971756 
0.0319204 0.0393976 -0.0298655 0.00229071 -0.0468367 0.00120252 -0.0210359 -0.0429792 -0.00054121 0.019312 -0.0236687 0.0384011 0.128635 -0.0496032 0.120089 -0.123566 1.63772 -0.0848584 -0.487889 -0.173831 0.0542922 -0.128571 -0.0464201 1.37795 -0.0210555 -0.437942 0.0417453 -0.0929887 -0.0971744 
0.0319149 0.0394031 -0.0298655 0.00229071 -0.0468367 0.00120252 -0.0210359 -0.0429847 -0.00054121 0.019312 -0.0236687 0.0384011 0.128635 -0.0496032 0.120089 -0.123566 1.63772 -0.0848584 -0.487888 -0.173831 0.0542915 -0.128534 -0.0464184 1.37795 -0.0210559 -0.437942 0.041746 -0.0929911 -0.0971768 
0.0319149 0.0394031 -0.0298655 0.00229071 -0.0468367 0.00120252 -0.0210359 -0.0429792 -0.00054121 0.019312 -0.0236687 0.0384011 0.128635 -0.0496025 0.120089 -0.123565 1.63772 -0.0848584 -0.487888 -0.173832 0.0542922 -0.128475 -0.0464172 1.37795 -0.0210576 -0.437942 0.0417453 -0.0929887 -0.0971792 
0.0319149 0.0394031 -0.0298655 0.00229071 -0.0468367 0.00120252 -0.0210359 -0.0429792 -0.00054121 0.019312 -0.0236687 0.0384011 0.128635 -0.0496025 0.120089 -0.123565 1.63772 -0.0848584 -0.487888 -0.173832 0.0542922 -0.128475 -0.0464172 1.37795 -0.0210576 -0.437942 0.0417453 -0.0929887 -0.0971792 
0.0319149 0.0394031 -0.0298655 0.00229071 -0.0468367 0.00120252 -0.0210359 -0.0429847 -0.00054121 0.019312 -0.0236687 0.0384011 0.128635 -0.0496032 0.120089 -0.123566 1.63772 -0.0848584 -0.487888 -0.173831 0.0542915 -0.128534 -0.0464184 1.37795 -0.0210559 -0.437942 0.041746 -0.0929911 -0.0971768 
0.0319204 0.0393976 -0.0298655 0.00229071 -0.0468367 0.00120252 -0.0210359 -0.0429792 -0.00054121 0.019312 -0.0236687 0.0384011 0.128635 -0.0496032 0.120089 -0.123566 1.63772 -0.0848584 -0.487889 -0.173831 0.0542922 -0.128571 -0.0464201 1.37795 -0.0210555 -0.437942 0.0417453 -0.0929887 -0.0971744 
0.0319204 0.0393976 -0.0298655 0.00229071 -0.0468367 0.00120252 -0.0210304 -0.0429792 -0.00054121 0.019312 -0.0236687 0.0384011 0.128637 -0.0496032 0.120089 -0.123566 1.63772 -0.0848584 -0.487888 -0.173831 0.0542915 -0.128596 -0.0464234 1.37795 -0.0210555 -0.437944 0.041746 -0.0929887 -0.0971756 
0.0319259 0.0393949 -0.0298655 0.00229071 -0.0468367 0.00120252 -0.0210304 -0.0429792 -0.00054121 0.019312 -0.0236687 0.0384011 0.128635 -0.0496025 0.120089 -0.123566 1.63772 -0.0848584 -0.487888 -0.173832 0.0542905 -0.128611 -0.0464234 1.37795 -0.0210528 -0.437944 0.041746 -0.0929887 -0.0971792 
0.0319259 0.0393949 -0.0298655 0.00229071 -0.0468367 0.00120252 -0.0210304 -0.042982 -0.00054121 0.019312 -0.0236687 0.0384011 0.128632 -0.0496025 0.120089 -0.123566 1.63772 -0.0848584 -0.487888 -0.173831 0.0542915 -0.128615 -0.0464258 1.37795 -0.0210536 -0.437944 0.0417445 -0.0929887 -0.0971792 
0.0319259 0.0394031 -0.0298655 0.00229071 -0.0468367 0.00120252 -0.0210304 -0.0429847 -0.00054121 0.019312 -0.0236687 0.0384011 0.128635 -0.0496032 0.120089 -0.123565 1.63772 -0.0848584 -0.487888 -0.173831 0.0542905 -0.128615 -0.0464258 1.37795 -0.0210536 -0.437946 0.041746 -0.0929887 -0.0971792 
0.0319288 0.0394031 -0.0298655 0.00229071 -0.0468367 0.00120252 -0.0210304 -0.0429847 -0.00054121 0.019312 -0.0236687 0.0384011 0.128637 -0.0496032 0.120089 -0.123566 1.63772 -0.0848584 -0.487888 -0.173831 0.0542898 -0.128615 -0.0464246 1.37795 -0.0210536 -0.437948 0.041746 -0.0929887 -0.0971732 
0.0319233 0.0394031 -0.0298655 0.00229071 -0.0468367 0.00120252 -0.0210304 -0.0429792 -0.00054121 0.019312 -0.0236687 0.0384011 0.128637 -0.0496025 0.12009 -0.123565 1.63772 -0.0848584 -0.487888 -0.173831 0.0542905 -0.128617 -0.0464258 1.37795 -0.0210528 -0.43795 0.041746 -0.0929887 -0.0971756 
0.0319204 0.0393949 -0.02986 0.00229071 -0.0468367 0.00120252 -0.0210359 -0.042982 -0.00054121 0.019312 -0.0236687 0.0384011 0.128637 -0.0496025 0.120089 -0.123565 1.63772 -0.0848584 -0.487888 -0.173831 0.0542905 -0.128635 -0.0464258 1.37795 -0.0210536 -0.437951 0.041746 -0.0929887 -0.0971684 
0.0319204 0.0393949 -0.0298655 0.00229071 -0.0468367 0.00120252 -0.0210359 -0.042982 -0.00054121 0.019312 -0.0236687 0.0384011 0.128635 -0.0496025 0.120089 -0.123565 1.63772 -0.0848584 -0.487888 -0.173831 0.0542898 -0.128662 -0.0464258 1.37795 -0.0210536 -0.437951 0.0417453 -0.0929887 -0.0971708 
0.0319204 0.0393949 -0.0298655 0.00229071 -0.0468367 0.00120252 -0.0210359 -0.042982 -0.00054121 0.019312 -0.0236687 0.0384011 0.128635 -0.0496025 0.120089 -0.123566 1.63772 -0.0848584 -0.487888 -0.173831 0.0542898 -0.128692 -0.0464258 1.37795 -0.0210528 -0.437952 0.041746 -0.0929865 -0.0971684 
0.0319204 0.0393976 -0.0298655 0.00229071 -0.0468367 0.00120252 -0.0210359 -0.0429792 -0.00054121 0.019312 -0.0236687 0.0384011 0.128637 -0.0496032 0.120089 -0.123566 1.63772 -0.0848584 -0.487888 -0.173831 0.0542898 -0.128715 -0.0464263 1.37795 -0.0210536 -0.437952 0.041746 -0.0929887 -0.097166 
0.0319233 0.0394031 -0.0298655 0.00229071 -0.0468367 0.00120252 -0.0210359 -0.0429792 -0.00054121 0.019312 -0.0236687 0.0384011 0.128637 -0.0496032 0.120089 -0.123566 1.63772 -0.0848584 -0.487888 -0.173831 0.0542898 -0.128726 -0.0464263 1.37795 -0.0210521 -0.437954 0.041746 -0.0929887 -0.0971744 
0.0319259 0.0394031 -0.0298655 0.00229071 -0.0468367 0.00120252 -0.0210304 -0.0429792 -0.00054121 0.019312 -0.0236687 0.0384011 0.128637 -0.0496032 0.120089 -0.123566 1.63772 -0.0848582 -0.487888 -0.173831 0.0542889 -0.128727 -0.0464263 1.37795 -0.0210521 -0.437959 0.041746 -0.0929887 -0.0971732 
0.0319288 0.0394031 -0.0298655 0.00229071 -0.0468367 0.00120252 -0.0210304 -0.042982 -0.00054121 0.019312 -0.0236687 0.0384011 0.128638 -0.0496032 0.120089 -0.123566 1.63772 -0.0848584 -0.487888 -0.173831 0.0542889 -0.128727 -0.0464258 1.37795 -0.0210521 -0.43798 0.041747 -0.0929887 -0.0971732 
0.0319288 0.0394031 -0.0298655 0.00229071 -0.0468367 0.00120252 -0.0210304 -0.042982 -0.000535727 0.019312 -0.0236687 0.0384011 0.128637 -0.0496032 0.120089 -0.123566 1.63772 -0.0848584 -0.487888 -0.17383 0.0542889 -0.128727 -0.0464263 1.37795 -0.0210521 -0.438013 0.041746 -0.09299 -0.0971732 
0.0319288 0.0394031 -0.0298655 0.00229071 -0.0468367 0.00120252 -0.0210304 -0.042982 -0.000535727 0.019312 -0.0236687 0.0384011 0.128637 -0.0496032 0.120089 -0.123566 1.63772 -0.0848606 -0.487888 -0.173831 0.0542874 -0.128727 -0.0464258 1.37795 -0.0210521 -0.438025 0.041746 -0.0929887 -0.0971732 
0.0319233 0.0394031 -0.0298655 0.00229071 -0.0468367 0.00120252 -0.0210304 -0.0429792 -0.000535727 0.019312 -0.0236687 0.0384011 0.128637 -0.0496032 0.120089 -0.123566 1.63772 -0.0848584 -0.487888 -0.173831 0.0542858 -0.128727 -0.0464263 1.37795 -0.0210536 -0.438028 0.041747 -0.0929887 -0.0971684 
0.0319233 0.0394031 -0.0298655 0.00229071 -0.0468367 0.00120252 -0.0210359 -0.042982 -0.000532866 0.019312 -0.0236687 0.0384011 0.128637 -0.0496025 0.120089 -0.123566 1.63772 -0.0848584 -0.487888 -0.173831 0.0542936 -0.128727 -0.0464258 1.37795 -0.0210521 -0.438071 0.041747 -0.0929887 -0.0971636 
0.0319233 0.0394031 -0.0298655 0.00229071 -0.0468367 0.00120252 -0.0210359 -0.042982 -0.000535727 0.019312 -0.0236687 0.0384011 0.128637 -0.0496032 0.120089 -0.123565 1.63772 -0.0848582 -0.487888 -0.173831 0.0542989 -0.128733 -0.0464263 1.37795 -0.0210521 -0.438091 0.041747 -0.0929887 -0.0971624 
0.0319233 0.0393976 -0.0298655 0.00229071 -0.0468367 0.00120252 -0.0210304 -0.042982 -0.000532866 0.019312 -0.0236687 0.0384011 0.128638 -0.0496032 0.120089 -0.123566 1.63772 -0.0848582 -0.487888 -0.173831 0.0542998 -0.128745 -0.0464282 1.37795 -0.0210521 -0.438091 0.041747 -0.0929887 -0.0971684 
0.0319233 0.0393976 -0.0298655 0.00229071 -0.0468367 0.00120252 -0.0210304 -0.042982 -0.000530005 0.019312 -0.0236687 0.0384011 0.128638 -0.0496032 0.120089 -0.123566 1.63772 -0.0848584 -0.487888 -0.173831 0.0543005 -0.128747 -0.0464287 1.37795 -0.0210507 -0.438092 0.041747 -0.0929887 -0.0971732 
0.0319259 0.0393976 -0.0298655 0.00229071 -0.0468367 0.00120252 -0.0210304 -0.0429765 -0.000530005 0.019312 -0.0236687 0.0384011 0.128638 -0.0496032 0.120089 -0.123566 1.63772 -0.0848582 -0.487888 -0.173831 0.0543005 -0.128748 -0.0464287 1.37795 -0.02105 -0.438094 0.041747 -0.09299 -0.0971792 
0.0319259 0.0393976 -0.0298655 0.00229071 -0.0468367 0.00120252 -0.0210304 -0.0429792 -0.000527382 0.019312 -0.0236687 0.0384011 0.128638 -0.0496032 0.120089 -0.123565 1.63772 -0.0848584 -0.487887 -0.173831 0.0543005 -0.128748 -0.0464287 1.37795 -0.0210493 -0.438097 0.041749 -0.0929887 -0.0971875 
0.0319259 0.0393976 -0.0298655 0.00229071 -0.0468367 0.00120252 -0.0210304 -0.0429847 -0.000527382 0.019312 -0.0236687 0.0384011 0.128638 -0.0496025 0.120089 -0.123566 1.63772 -0.0848584 -0.487888 -0.173831 0.0543015 -0.128747 -0.0464287 1.37795 -0.02105 -0.438102 0.0417515 -0.0929887 -0.0971851 
0.0319204 0.0394031 -0.0298655 0.00229071 -0.0468367 0.00120252 -0.0210304 -0.0429709 -0.00052166 0.019312 -0.0236687 0.0384011 0.128638 -0.0496025 0.120089 -0.123566 1.63772 -0.0848582 -0.487888 -0.173831 0.0543015 -0.128747 -0.0464282 1.37795 -0.02105 -0.438106 0.0417531 -0.09299 -0.0971875 
0.0319204 0.0394031 -0.0298655 0.00229071 -0.0468367 0.00120252 -0.0210304 -0.0429709 -0.000519037 0.019312 -0.0236687 0.0384011 0.12864 -0.0496025 0.120089 -0.123565 1.63772 -0.0848584 -0.487888 -0.173831 0.0543005 -0.128745 -0.0464287 1.37795 -0.02105 -0.438106 0.0417546 -0.09299 -0.09719 
0.0319204 0.0394031 -0.0298655 0.00229071 -0.0468367 0.00120252 -0.0210304 -0.0429709 -0.000519037 0.019312 -0.0236687 0.0384011 0.12864 -0.0496032 0.120089 -0.123565 1.63772 -0.0848582 -0.487888 -0.17383 0.0543025 -0.128768 -0.0464287 1.37795 -0.02105 -0.438108 0.041757 -0.09299 -0.09719 
0.0319204 0.0393976 -0.0298655 0.00229071 -0.0468354 0.00120004 -0.0210304 -0.0429709 -0.000519037 0.019312 -0.0236687 0.0384011 0.128643 -0.0496032 0.120089 -0.123566 1.63772 -0.0848584 -0.487888 -0.173831 0.0543029 -0.128821 -0.0464282 1.37795 -0.02105 -0.438108 0.0417591 -0.0929911 -0.0971984 
0.0319343 0.0393865 -0.0298655 0.00229071 -0.0468354 0.00120004 -0.0210249 -0.0429709 -0.000519037 0.019312 -0.0236687 0.0384011 0.128643 -0.0496032 0.120089 -0.123565 1.63772 -0.0848584 -0.487888 -0.173831 0.0543029 -0.128864 -0.046432 1.37795 -0.0210493 -0.438109 0.0417591 -0.09299 -0.0972211 
0.031951 0.0393865 -0.0298655 0.00229818 -0.0468354 0.00120004 -0.0210164 -0.0429709 -0.000519037 0.019312 -0.0236687 0.0384011 0.128643 -0.0496025 0.120089 -0.123565 1.63772 -0.0848596 -0.487888 -0.17383 0.0543029 -0.128884 -0.0464342 1.37795 -0.0210474 -0.438123 0.0417601 -0.0929911 -0.0972366 
0.0319619 0.0393865 -0.0298655 0.00229818 -0.0468354 0.00120004 -0.021008 -0.0429709 -0.000519037 0.019312 -0.0236687 0.0384011 0.128643 -0.0496025 0.120089 -0.123566 1.63772 -0.0848584 -0.487888 -0.173831 0.0543025 -0.128897 -0.0464375 1.37795 -0.0210466 -0.438134 0.0417607 -0.09299 -0.0972474 
0.031976 0.0393865 -0.0298655 0.00229818 -0.0468354 0.00120004 -0.021008 -0.0429709 -0.000516176 0.019312 -0.0236687 0.0384011 0.128643 -0.0496032 0.120089 -0.123566 1.63772 -0.0848584 -0.487888 -0.173831 0.0543005 -0.128906 -0.0464375 1.37795 -0.0210443 -0.438149 0.0417616 -0.0929887 -0.0972546 
0.0319815 0.0393836 -0.0298655 0.00229818 -0.0468354 0.00120004 -0.021008 -0.0429792 -0.000516176 0.019312 -0.0236687 0.0384011 0.128643 -0.0496032 0.120089 -0.123567 1.63772 -0.0848584 -0.487888 -0.173831 0.0543015 -0.128908 -0.0464396 1.37795 -0.0210443 -0.438155 0.0417621 -0.0929911 -0.0972582 
0.0319815 0.0393809 -0.0298655 0.00229818 -0.0468354 0.00120004 -0.021008 -0.0429792 -0.000516176 0.019312 -0.0236687 0.0384011 0.128643 -0.0496032 0.120089 -0.123566 1.63772 -0.0848584 -0.487889 -0.173831 0.0543005 -0.128909 -0.0464396 1.37794 -0.0210447 -0.438156 0.0417637 -0.09299 -0.0972582 
0.0319786 0.0393809 -0.0298655 0.00229818 -0.0468354 0.00120004 -0.021008 -0.0429765 -0.000510454 0.019312 -0.0236687 0.0384011 0.128643 -0.0496032 0.120089 -0.123565 1.63772 -0.0848584 -0.487888 -0.173831 0.0543046 -0.128909 -0.0464396 1.37794 -0.0210447 -0.438157 0.0417647 -0.09299 -0.0972474 
0.0319731 0.0393809 -0.0298655 0.00229818 -0.0468354 0.00120004 -0.0210111 -0.0429709 -0.000510454 0.019312 -0.0236687 0.0384011 0.128643 -0.0496025 0.120089 -0.123565 1.63772 -0.0848584 -0.487888 -0.173831 0.0543242 -0.128906 -0.0464396 1.37794 -0.0210443 -0.438158 0.0417671 -0.0929911 -0.097233 
0.0319619 0.0393836 -0.0298655 0.00229818 -0.0468354 0.00120004 -0.0210164 -0.0429709 -0.000507832 0.019312 -0.0236687 0.0384011 0.128643 -0.0496025 0.120089 -0.123566 1.63772 -0.0848584 -0.487888 -0.17383 0.0543487 -0.128905 -0.0464394 1.37795 -0.0210447 -0.438158 0.0417715 -0.09299 -0.0972294 
0.031951 0.039392 -0.0298655 0.00229071 -0.0468354 0.00120004 -0.0210164 -0.0429709 -0.000507832 0.019312 -0.0236687 0.0384011 0.128645 -0.0496032 0.120089 -0.123566 1.63772 -0.0848584 -0.487888 -0.17383 0.0543604 -0.128905 -0.0464375 1.37795 -0.0210447 -0.438158 0.0417738 -0.0929887 -0.0972246 
0.0319481 0.0393836 -0.0298655 0.00229071 -0.0468354 0.00120004 -0.0210221 -0.0429709 -0.000505209 0.019312 -0.0236687 0.0384011 0.128645 -0.0496032 0.120089 -0.123565 1.63772 -0.0848596 -0.487889 -0.173831 0.0543642 -0.128906 -0.0464394 1.37795 -0.0210438 -0.438158 0.0417747 -0.0929911 -0.0972211 
0.0319481 0.0393836 -0.0298655 0.00229071 -0.0468354 0.00120004 -0.0210221 -0.0429709 -0.00050211 0.019312 -0.0236687 0.0384011 0.128645 -0.0496032 0.120089 -0.123566 1.63772 -0.0848584 -0.487888 -0.173831 0.0543647 -0.128909 -0.0464396 1.37795 -0.0210419 -0.43816 0.0417762 -0.0929924 -0.0972103 
0.031951 0.0393836 -0.0298655 0.00229071 -0.0468354 0.00120004 -0.0210221 -0.0429709 -0.00050211 0.019312 -0.0236687 0.0384011 0.128645 -0.0496032 0.120089 -0.123566 1.63772 -0.0848584 -0.487888 -0.17383 0.0543656 -0.128916 -0.0464435 1.37795 -0.0210414 -0.43816 0.0417762 -0.0929911 -0.0972031 
0.0319593 0.0393836 -0.0298655 0.00229071 -0.0468354 0.00120004 -0.0210164 -0.0429709 -0.00050211 0.019312 -0.0236687 0.0384011 0.128645 -0.0496032 0.120089 -0.123565 1.63772 -0.0848584 -0.487888 -0.173831 0.0543647 -0.128922 -0.0464516 1.37795 -0.0210352 -0.438169 0.0417762 -0.09299 -0.0972043 
0.0319593 0.0393836 -0.0298655 0.00229071 -0.0468354 0.00120004 -0.0210164 -0.0429709 -0.000496864 0.019312 -0.0236687 0.0384011 0.128645 -0.0496025 0.120089 -0.123566 1.63772 -0.0848596 -0.487888 -0.17383 0.0543628 -0.128927 -0.0464575 1.37795 -0.0210321 -0.438176 0.0417762 -0.0929924 -0.0971959 
0.0319593 0.0393836 -0.0298655 0.00229818 -0.0468354 0.00120004 -0.0210164 -0.0429709 -0.000496864 0.019312 -0.0236687 0.0384011 0.128646 -0.0496025 0.120089 -0.123565 1.63772 -0.0848584 -0.487888 -0.173831 0.0543628 -0.12893 -0.0464592 1.37795 -0.0210292 -0.438187 0.0417762 -0.09299 -0.0972031 
0.0319593 0.0393865 -0.0298655 0.00229818 -0.0468341 0.00119771 -0.0210164 -0.0429709 -0.000496864 0.019312 -0.0236687 0.0384011 0.128646 -0.0496025 0.120089 -0.123566 1.63772 -0.0848584 -0.487888 -0.17383 0.0543745 -0.128933 -0.0464604 1.37795 -0.0210292 -0.438188 0.0417771 -0.09299 -0.0972079 
0.0319619 0.039392 -0.0298655 0.00229818 -0.0468341 0.00119771 -0.0210164 -0.0429709 -0.000494003 0.019312 -0.0236687 0.0384011 0.128648 -0.0496025 0.120089 -0.123566 1.63772 -0.0848584 -0.487888 -0.173831 0.0543814 -0.128932 -0.0464604 1.37795 -0.0210254 -0.438196 0.0417762 -0.0929911 -0.0972223 
0.0319619 0.039392 -0.0298655 0.00229818 -0.0468341 0.00119771 -0.0210137 -0.0429654 -0.000494003 0.019312 -0.0236687 0.0384011 0.128648 -0.0496032 0.120089 -0.123565 1.63772 -0.0848582 -0.487888 -0.17383 0.054383 -0.128932 -0.0464604 1.37795 -0.0210254 -0.438199 0.0417786 -0.0929911 -0.0972294 
0.0319731 0.0393836 -0.0298655 0.00229818 -0.0468341 0.00119771 -0.021008 -0.0429765 -0.000491142 0.019312 -0.0236687 0.0384011 0.128651 -0.0496032 0.120089 -0.123565 1.63772 -0.0848572 -0.487888 -0.173831 0.0543838 -0.128931 -0.0464604 1.37795 -0.0210247 -0.438201 0.0417817 -0.0929924 -0.097233 
0.0319786 0.0393809 -0.0298655 0.00229818 -0.0468341 0.00119771 -0.021008 -0.0429765 -0.000491142 0.019312 -0.0236687 0.0384011 0.128648 -0.0496032 0.120089 -0.123566 1.63772 -0.0848584 -0.487889 -0.173831 0.0543838 -0.128927 -0.0464604 1.37795 -0.0210238 -0.438205 0.0417839 -0.0929887 -0.0972366 
0.0319815 0.0393809 -0.0298655 0.00229818 -0.0468341 0.00119771 -0.021008 -0.0429654 -0.000491142 0.019312 -0.0236687 0.0384011 0.128648 -0.0496025 0.120089 -0.123565 1.63772 -0.0848584 -0.487888 -0.173831 0.054383 -0.128924 -0.0464618 1.37795 -0.0210218 -0.438207 0.0417873 -0.09299 -0.0972258 
0.0319815 0.0393698 -0.0298655 0.00229818 -0.0468341 0.00119771 -0.021008 -0.0429792 -0.000491142 0.019312 -0.0236687 0.0384011 0.128648 -0.0496025 0.120089 -0.123566 1.63772 -0.0848584 -0.487888 -0.173831 0.0543814 -0.12892 -0.0464604 1.37794 -0.0210204 -0.43821 0.0417893 -0.0929911 -0.0972186 
0.0319786 0.0393698 -0.0298684 0.00229818 -0.0468341 0.00119771 -0.021008 -0.0429792 -0.000488281 0.019312 -0.0236687 0.0384011 0.128648 -0.0496025 0.120089 -0.123565 1.63772 -0.0848582 -0.487888 -0.173831 0.0543814 -0.128919 -0.0464618 1.37794 -0.021018 -0.438212 0.041791 -0.0929924 -0.0972043 
0.0319731 0.0393698 -0.0298655 0.00229818 -0.0468341 0.00119771 -0.021008 -0.0429765 -0.000488281 0.019312 -0.0236687 0.0384011 0.128648 -0.0496025 0.120089 -0.123566 1.63772 -0.0848584 -0.487888 -0.173832 0.0543866 -0.128919 -0.0464623 1.37794 -0.0210156 -0.438215 0.0417933 -0.0929887 -0.0971984 
0.0319731 0.0393698 -0.0298655 0.00229818 -0.0468341 0.00119771 -0.021008 -0.0429765 -0.000488281 0.019312 -0.0236687 0.0384011 0.128648 -0.0496032 0.120089 -0.123566 1.63772 -0.0848584 -0.487888 -0.173831 0.0544062 -0.12892 -0.0464623 1.37795 -0.0210156 -0.438215 0.0417963 -0.09299 -0.0971911 
0.0319731 0.0393698 -0.0298655 0.00229818 -0.0468341 0.00119771 -0.0210111 -0.0429765 -0.000488281 0.019312 -0.0236687 0.0384011 0.128648 -0.0496025 0.120089 -0.123566 1.63772 -0.0848584 -0.487888 -0.17383 0.0544224 -0.128924 -0.0464637 1.37795 -0.0210152 -0.438217 0.0417963 -0.0929924 -0.0972019 
0.0319648 0.0393698 -0.0298655 0.00229818 -0.0468341 0.00119771 -0.0210137 -0.0429765 -0.000488281 0.019312 -0.0236687 0.0384011 0.128648 -0.0496025 0.120089 -0.123565 1.63772 -0.0848584 -0.487888 -0.17383 0.0544376 -0.128926 -0.0464637 1.37795 -0.0210125 -0.438217 0.0417973 -0.09299 -0.0971959 
0.0319676 0.0393809 -0.0298655 0.00229818 -0.0468341 0.00119771 -0.0210164 -0.0429792 -0.000479937 0.019312 -0.0236687 0.0384011 0.128651 -0.0496032 0.120089 -0.123565 1.63772 -0.0848584 -0.487888 -0.173831 0.0544455 -0.128926 -0.0464637 1.37795 -0.0210118 -0.438218 0.0417987 -0.0929924 -0.0971959 
0.0319648 0.0393809 -0.0298655 0.00229818 -0.0468328 0.0011953 -0.0210164 -0.042982 -0.00047183 0.019312 -0.0236687 0.0384011 0.128651 -0.0496032 0.120089 -0.123566 1.63772 -0.0848584 -0.487888 -0.173831 0.0544469 -0.128923 -0.0464637 1.37795 -0.0210109 -0.438218 0.0417994 -0.0929924 -0.0971911 
0.0319648 0.0393782 -0.0298655 0.00229818 -0.0468328 0.0011953 -0.0210164 -0.0429626 -0.00047183 0.019312 -0.0236687 0.0384011 0.128651 -0.0496032 0.120089 -0.123566 1.63772 -0.0848584 -0.487888 -0.173831 0.0544469 -0.128918 -0.0464637 1.37795 -0.0210097 -0.438223 0.0418018 -0.09299 -0.0971756 
0.0319731 0.0393782 -0.0298655 0.00229818 -0.0468328 0.0011953 -0.0210164 -0.0429682 -0.00047183 0.019312 -0.0236687 0.0384011 0.128651 -0.0496025 0.120089 -0.123566 1.63772 -0.0848582 -0.487888 -0.173831 0.0544479 -0.128913 -0.0464637 1.37795 -0.021009 -0.438221 0.0418048 -0.0929924 -0.0971756 
0.0319731 0.0393726 -0.0298684 0.00229818 -0.0468328 0.0011953 -0.0210137 -0.0429792 -0.00047183 0.019312 -0.0236687 0.0384011 0.128651 -0.0496025 0.120089 -0.123565 1.63772 -0.0848572 -0.487888 -0.17383 0.0544469 -0.128906 -0.0464637 1.37795 -0.021009 -0.438225 0.0418065 -0.0929911 -0.0971636 
0.0319676 0.0393671 -0.0298655 0.00229818 -0.0468328 0.0011953 -0.0210137 -0.0429709 -0.00047183 0.019312 -0.0236687 0.0384011 0.128651 -0.0496025 0.120089 -0.123565 1.63772 -0.0848584 -0.487888 -0.173831 0.0544469 -0.128891 -0.0464637 1.37795 -0.0210071 -0.438225 0.0418088 -0.0929924 -0.0971708 
0.0319731 0.0393726 -0.0298655 0.00229818 -0.0468328 0.0011953 -0.0210137 -0.0429765 -0.00047183 0.019312 -0.0236687 0.0384011 0.128651 -0.0496032 0.120089 -0.123566 1.63772 -0.0848584 -0.487888 -0.173831 0.0544465 -0.128881 -0.0464637 1.37795 -0.0210071 -0.438226 0.0418135 -0.09299 -0.0971984 
0.0319731 0.0393726 -0.0298655 0.00229818 -0.0468328 0.0011953 -0.0210137 -0.0429765 -0.000468969 0.019312 -0.0236687 0.0384011 0.128651 -0.0496025 0.120089 -0.123566 1.63772 -0.0848584 -0.487888 -0.17383 0.0544486 -0.128876 -0.0464623 1.37795 -0.0210063 -0.438227 0.0418159 -0.0929911 -0.0972294 
0.0319731 0.0393726 -0.0298655 0.00229818 -0.0468328 0.0011953 -0.0210137 -0.0429709 -0.000468969 0.019312 -0.0236674 0.0384034 0.128651 -0.0496032 0.120089 -0.123566 1.63772 -0.0848584 -0.487888 -0.173831 0.0544479 -0.128875 -0.0464623 1.37795 -0.021009 -0.438225 0.0418165 -0.0929911 -0.097239 
0.0319731 0.0393698 -0.0298655 0.00229818 -0.0468328 0.0011953 -0.0210137 -0.0429765 -0.000468969 0.019312 -0.0236674 0.0384034 0.128651 -0.0496025 0.120089 -0.123566 1.63772 -0.0848584 -0.487888 -0.173831 0.0544479 -0.128876 -0.0464623 1.37795 -0.0210071 -0.438225 0.0418165 -0.0929924 -0.0972426 
0.0319731 0.0393671 -0.0298655 0.00229818 -0.0468328 0.0011953 -0.0210137 -0.0429654 -0.000468969 0.019312 -0.0236674 0.0384034 0.128651 -0.0496032 0.120089 -0.123566 1.63772 -0.0848584 -0.487888 -0.173831 0.0544534 -0.128898 -0.0464623 1.37796 -0.0210071 -0.438218 0.0418165 -0.0929924 -0.0972426 
0.0319731 0.0393587 -0.0298655 0.00229818 -0.0468328 0.0011953 -0.0210137 -0.0429847 -0.000468969 0.019312 -0.0236674 0.0384034 0.128651 -0.0496025 0.120089 -0.123566 1.63772 -0.0848584 -0.487888 -0.173831 0.0544596 -0.128986 -0.0464623 1.37797 -0.0210071 -0.43821 0.0418165 -0.0929947 -0.0972438 
0.031976 0.0393449 -0.0298655 0.00229818 -0.0468328 0.0011953 -0.0210137 -0.0429792 -0.000466108 0.019312 -0.0236674 0.0384034 0.128651 -0.0496025 0.120089 -0.123565 1.63772 -0.0848596 -0.487888 -0.173831 0.0544639 -0.129119 -0.0464637 1.37797 -0.0210071 -0.438207 0.0418165 -0.0929924 -0.0972521 
0.0319815 0.0393422 -0.0298655 0.00229818 -0.0468328 0.0011953 -0.0210111 -0.0429792 -0.000463486 0.019312 -0.0236674 0.0384034 0.128653 -0.0496025 0.120089 -0.123566 1.63772 -0.0848584 -0.487888 -0.17383 0.0544655 -0.129262 -0.0464623 1.37797 -0.0210071 -0.438206 0.0418179 -0.0929924 -0.0972558 
0.0319924 0.0393504 -0.0298684 0.00229818 -0.0468328 0.0011953 -0.0210111 -0.0429792 -0.000457764 0.019312 -0.0236648 0.0383986 0.128657 -0.0496025 0.120089 -0.123566 1.63772 -0.0848606 -0.487888 -0.17383 0.0544665 -0.129365 -0.0464649 1.37797 -0.0210071 -0.438206 0.0416785 -0.0929924 -0.0972558 
0.0319982 0.0393533 -0.0298684 0.00229818 -0.0468328 0.0011953 -0.0210111 -0.0429792 -0.000457764 0.019312 -0.0236648 0.0383986 0.128657 -0.0496032 0.120089 -0.123566 1.63772 -0.0848584 -0.487888 -0.17383 0.0544736 -0.129395 -0.0464723 1.37797 -0.0210071 -0.438208 0.0413669 -0.0929947 -0.0972582 
0.0319982 0.0393533 -0.0298684 0.00229071 -0.0468328 0.0011953 -0.0210111 -0.0429792 -0.000457764 0.019312 -0.0236648 0.0383986 0.128657 -0.0496025 0.120089 -0.123566 1.63772 -0.0848572 -0.487888 -0.173831 0.0544121 -0.129409 -0.0464799 1.37797 -0.0210044 -0.438204 0.040862 -0.0929924 -0.0972582 
0.0320008 0.0393533 -0.0298684 0.00229071 -0.0468328 0.0011953 -0.0210164 -0.042982 -0.000457764 0.019312 -0.0236648 0.0383986 0.128654 -0.0496025 0.120089 -0.123566 1.63772 -0.0848582 -0.487888 -0.173831 0.0542109 -0.129418 -0.0464833 1.37797 -0.0210042 -0.438055 0.040308 -0.0929924 -0.0972605 
0.0320008 0.0393533 -0.0298655 0.00229071 -0.0468328 0.0011953 -0.0210164 -0.042982 -0.000457764 0.019312 -0.0236648 0.0383986 0.128657 -0.0496025 0.12009 -0.123565 1.63772 -0.0848584 -0.487888 -0.17383 0.0539017 -0.129419 -0.0464833 1.37797 -0.0210044 -0.437663 0.0396888 -0.0929911 -0.0972546 
0.031987 0.0393533 -0.0298655 0.00229071 -0.0468328 0.0011953 -0.0210276 -0.0429847 -0.000457764 0.019312 -0.0236648 0.0383986 0.128659 -0.0496032 0.120089 -0.123566 1.63772 -0.0848584 -0.487888 -0.17383 0.0534565 -0.129417 -0.0464838 1.37797 -0.0210042 -0.436932 0.0388682 -0.0929924 -0.0972426 
0.0319731 0.0393504 -0.0298655 0.00229071 -0.0468328 0.0011953 -0.0210276 -0.042982 -0.000457764 0.019312 -0.0236648 0.0383986 0.128659 -0.0496025 0.120089 -0.123565 1.63772 -0.0848572 -0.487888 -0.173831 0.0529189 -0.129412 -0.0464833 1.37797 -0.0210042 -0.436122 0.0379012 -0.0929924 -0.0972354 
0.0319619 0.0393504 -0.0298655 0.00229071 -0.0468328 0.0011953 -0.0210304 -0.042982 -0.000455141 0.019312 -0.0236648 0.0383986 0.128659 -0.0496025 0.120089 -0.123566 1.63772 -0.0848584 -0.487888 -0.173831 0.052165 -0.129408 -0.0464833 1.37797 -0.0210035 -0.435275 0.0366096 -0.0929924 -0.0972354 
0.0319619 0.0393449 -0.0298655 0.00229071 -0.0468328 0.0011953 -0.0210359 -0.042982 -0.000455141 0.019312 -0.0236648 0.0383986 0.128662 -0.0496025 0.120089 -0.123565 1.63772 -0.0848596 -0.487888 -0.173831 0.0510874 -0.129401 -0.0464833 1.37799 -0.0210044 -0.434402 0.0346949 -0.0929947 -0.0972198 
0.0319593 0.039356 -0.0298655 0.00229071 -0.0468328 0.0011953 -0.0210359 -0.042982 -0.000455141 0.019312 -0.0236648 0.0383986 0.12867 -0.0496025 0.120089 -0.123565 1.63772 -0.0848606 -0.487888 -0.17383 0.0500691 -0.129396 -0.0464861 1.37799 -0.0210023 -0.433693 0.0326051 -0.0929924 -0.0972211 
0.0319536 0.0393587 -0.0298655 0.00229071 -0.0468328 0.0011953 -0.0210385 -0.0429847 -0.000455141 0.019312 -0.0236648 0.0383986 0.128675 -0.0496032 0.120089 -0.123566 1.63772 -0.0848584 -0.487888 -0.173831 0.0490355 -0.129395 -0.0464861 1.37799 -0.0210016 -0.43295 0.0301619 -0.0929947 -0.097227 
0.031951 0.0393587 -0.0298655 0.00229818 -0.0468341 0.0011929 -0.0210385 -0.0429765 -0.00045228 0.019312 -0.0236648 0.0383986 0.128676 -0.0496025 0.120089 -0.123566 1.63772 -0.0848584 -0.487889 -0.173831 0.0478003 -0.129395 -0.0464921 1.37799 -0.0210011 -0.432198 0.0270655 -0.0929924 -0.0972366 
0.031951 0.0393587 -0.0298655 0.00229818 -0.0468341 0.0011929 -0.0210385 -0.0429792 -0.00045228 0.019312 -0.0236648 0.0383986 0.128673 -0.0496025 0.120089 -0.123566 1.63772 -0.0848582 -0.487888 -0.173831 0.0466359 -0.129401 -0.0464973 1.37799 -0.0210004 -0.431697 0.0240558 -0.0929911 -0.0972426 
0.0319536 0.0393587 -0.0298655 0.00229818 -0.0468341 0.0011929 -0.0210385 -0.042982 -0.00045228 0.019312 -0.0236648 0.0383986 0.128681 -0.0496025 0.120089 -0.123566 1.63772 -0.0848584 -0.487889 -0.17383 0.0453978 -0.129403 -0.0465002 1.37799 -0.0210035 -0.431263 0.0202893 -0.0929924 -0.0972474 
0.0319536 0.0393643 -0.0298655 0.00229818 -0.0468341 0.0011929 -0.0210385 -0.042982 -0.00045228 0.019312 -0.0236648 0.0383986 0.128689 -0.0496032 0.120089 -0.123565 1.63772 -0.0848584 -0.487888 -0.173831 0.0443993 -0.129403 -0.0465007 1.37799 -0.0210853 -0.430964 0.0166575 -0.0929924 -0.0972462 
0.031951 0.0393587 -0.0298655 0.00229818 -0.0468341 0.0011929 -0.0210385 -0.0429765 -0.00045228 0.019312 -0.0236648 0.0383986 0.128691 -0.0496032 0.120089 -0.123565 1.63772 -0.0848584 -0.487888 -0.173831 0.0434356 -0.129403 -0.0465007 1.37799 -0.0213635 -0.430718 0.0129739 -0.092996 -0.097239 
0.031951 0.0393533 -0.0298655 0.00229818 -0.0468341 0.0011929 -0.0210385 -0.0429847 -0.000449657 0.019312 -0.0236648 0.0383986 0.128691 -0.0496032 0.120089 -0.123565 1.63772 -0.0848584 -0.487888 -0.17383 0.0423501 -0.129391 -0.0464995 1.37799 -0.0219789 -0.430503 0.00878274 -0.0929924 -0.0972462 
0.0319536 0.0393533 -0.0298655 0.00229818 -0.0468328 0.0011953 -0.0210385 -0.042982 -0.00045228 0.019312 -0.0236648 0.0383986 0.128692 -0.0496032 0.120089 -0.123565 1.63772 -0.0848582 -0.487888 -0.173831 0.0414698 -0.129384 -0.0465007 1.37799 -0.0228822 -0.430378 0.00498664 -0.0929924 -0.0972426 
0.0319593 0.0393533 -0.0298655 0.00229818 -0.0468328 0.0011953 -0.0210385 -0.042982 -0.00045228 0.019312 -0.0236648 0.0383986 0.128691 -0.0496032 0.120089 -0.123566 1.63772 -0.0848596 -0.487888 -0.17383 0.0406809 -0.129384 -0.0465007 1.37799 -0.0241082 -0.430315 0.00123632 -0.0929924 -0.0972438 
0.0319619 0.0393504 -0.0298655 0.00229818 -0.0468328 0.0011953 -0.0210385 -0.0429792 -0.00045228 0.019312 -0.0236648 0.0383986 0.128691 -0.0496032 0.120089 -0.123566 1.63772 -0.0848584 -0.487888 -0.173831 0.0399225 -0.129384 -0.0465062 1.37798 -0.0258656 -0.430272 -0.00311148 -0.09299 -0.097239 
0.0319593 0.0393533 -0.0298655 0.00229818 -0.0468315 0.0011977 -0.0210385 -0.0429765 -0.00045228 0.019312 -0.0236648 0.0383986 0.128692 -0.0496032 0.120089 -0.123566 1.63772 -0.0848596 -0.487889 -0.173831 0.0393274 -0.129396 -0.0465076 1.37798 -0.0276384 -0.430248 -0.00718415 -0.0929911 -0.0972414 
0.0319593 0.0393504 -0.0298655 0.00229818 -0.0468302 0.0012001 -0.0210385 -0.0429765 -0.00045228 0.019312 -0.0236648 0.0383986 0.128692 -0.0496032 0.120089 -0.123566 1.63772 -0.0848584 -0.487888 -0.173832 0.0387237 -0.129408 -0.0465114 1.37798 -0.0298352 -0.430218 -0.0118465 -0.0929924 -0.0972378 
0.0319619 0.0393533 -0.0298655 0.00229818 -0.0468276 0.0012049 -0.0210385 -0.042982 -0.00045228 0.019312 -0.0236648 0.0383986 0.128692 -0.0496025 0.120089 -0.123566 1.63772 -0.0848606 -0.487888 -0.173832 0.038255 -0.129428 -0.0465147 1.37798 -0.0319166 -0.430194 -0.0161065 -0.0929924 -0.0972414 
0.0319619 0.0393533 -0.0298655 0.00229818 -0.0468276 0.0012049 -0.0210385 -0.0429765 -0.00045228 0.019312 -0.0236648 0.0383986 0.128692 -0.0496025 0.120089 -0.123565 1.63772 -0.0848584 -0.487888 -0.173831 0.0378404 -0.129441 -0.0465136 1.37798 -0.0342333 -0.430183 -0.020349 -0.0929911 -0.0972378 
0.0319619 0.0393533 -0.0298655 0.00229818 -0.0468276 0.0012049 -0.0210385 -0.0429792 -0.00045228 0.019312 -0.0236648 0.0383986 0.128695 -0.0496025 0.120089 -0.123566 1.63772 -0.0848584 -0.487888 -0.173831 0.0374551 -0.129443 -0.0465147 1.37798 -0.0372393 -0.430179 -0.024922 -0.0929911 -0.0972438 
0.0319619 0.0393533 -0.0298655 0.00229818 -0.0468276 0.0012049 -0.0210385 -0.0429847 -0.00045228 0.019312 -0.0236648 0.0383986 0.128699 -0.0496025 0.120089 -0.123567 1.63772 -0.0848584 -0.487888 -0.173831 0.0371776 -0.129443 -0.0465147 1.37797 -0.0400665 -0.430177 -0.0288545 -0.0929924 -0.0972426 
0.0319619 0.0393533 -0.0298655 0.00229818 -0.0468276 0.0012049 -0.0210385 -0.042982 -0.000449657 0.019312 -0.0236648 0.0383986 0.1287 -0.0496032 0.120089 -0.123566 1.63772 -0.0848584 -0.487888 -0.173831 0.0369391 -0.129443 -0.0465147 1.37797 -0.0429711 -0.430173 -0.0326296 -0.0929924 -0.097239 
0.0319648 0.0393533 -0.0298655 0.00229818 -0.0468276 0.0012049 -0.0210385 -0.0429847 -0.00045228 0.019312 -0.0236648 0.0383986 0.128703 -0.0496032 0.120089 -0.123566 1.63772 -0.0848584 -0.487888 -0.173832 0.036695 -0.129443 -0.0465147 1.37797 -0.046391 -0.430137 -0.0366861 -0.0929924 -0.0972474 
0.0319731 0.0393533 -0.0298655 0.00229818 -0.0468276 0.0012049 -0.0210385 -0.0429847 -0.000449657 0.019312 -0.0236648 0.0383986 0.128703 -0.0496032 0.120089 -0.123567 1.63772 -0.0848582 -0.487889 -0.173831 0.0364797 -0.129443 -0.0465181 1.37797 -0.0502753 -0.430093 -0.040706 -0.0929924 -0.0972474 
0.0319815 0.0393533 -0.0298655 0.00229818 -0.0468276 0.0012049 -0.0210359 -0.0429847 -0.000449657 0.019312 -0.0236648 0.0383986 0.128703 -0.0496025 0.120089 -0.123565 1.63772 -0.0848584 -0.487889 -0.17383 0.0363216 -0.129443 -0.0465221 1.37797 -0.0539753 -0.43007 -0.0443456 -0.0929911 -0.0972486 
0.031987 0.0393504 -0.0298655 0.00229818 -0.0468276 0.0012049 -0.0210304 -0.0429847 -0.00045228 0.019312 -0.0236648 0.0383986 0.128703 -0.0496025 0.120089 -0.123566 1.63772 -0.0848584 -0.487888 -0.173831 0.036165 -0.129444 -0.0465236 1.37797 -0.0582526 -0.43003 -0.0483642 -0.0929924 -0.0972498 
0.031987 0.0393504 -0.0298655 0.00229818 -0.0468276 0.0012049 -0.0210304 -0.0429847 -0.00045228 0.019312 -0.0236648 0.0383986 0.128703 -0.0496032 0.120089 -0.123566 1.63772 -0.0848584 -0.487888 -0.173831 0.0360279 -0.129448 -0.046524 1.37796 -0.0623255 -0.429944 -0.051868 -0.0929924 -0.0972474 
0.031987 0.0393504 -0.0298655 0.00229818 -0.0468276 0.0012049 -0.0210304 -0.0429847 -0.000449657 0.019312 -0.0236648 0.0383986 0.128703 -0.0496032 0.120089 -0.123566 1.63772 -0.0848596 -0.487888 -0.173831 0.0358567 -0.129492 -0.0465236 1.37796 -0.0671062 -0.429828 -0.0557733 -0.0929924 -0.0972498 
0.0319924 0.0393504 -0.0298655 0.00229818 -0.0468276 0.0012049 -0.0210304 -0.0429847 -0.00045228 0.019312 -0.0236648 0.0383986 0.128703 -0.0496025 0.120091 -0.123565 1.63772 -0.0848606 -0.487888 -0.173831 0.0356767 -0.129557 -0.046524 1.37796 -0.0713997 -0.429758 -0.0591077 -0.0929924 -0.0972546 
0.0319924 0.0393504 -0.0298684 0.00229818 -0.0468276 0.0012049 -0.0210304 -0.0429847 -0.00045228 0.019312 -0.0236648 0.0383986 0.128703 -0.0496025 0.120089 -0.123566 1.63772 -0.0848582 -0.487888 -0.173831 0.0354776 -0.129611 -0.0465257 1.37796 -0.0757763 -0.429717 -0.0622108 -0.0929924 -0.0972521 
0.0319982 0.0393504 -0.0298655 0.00229818 -0.0468276 0.0012049 -0.0210304 -0.042982 -0.00045228 0.019312 -0.0236634 0.0383962 0.128703 -0.0496025 0.120089 -0.123565 1.63772 -0.0848584 -0.487887 -0.173831 0.0352445 -0.129633 -0.0465264 1.37796 -0.0807083 -0.429684 -0.0655172 -0.0929924 -0.0972534 
0.0319982 0.0393504 -0.0298655 0.00229818 -0.0468276 0.0012049 -0.0210304 -0.0429792 -0.00045228 0.019312 -0.0236634 0.0383962 0.128703 -0.0496025 0.120091 -0.123566 1.63772 -0.0848584 -0.487888 -0.173831 0.0350344 -0.129634 -0.0465264 1.37795 -0.0850403 -0.429592 -0.0684344 -0.0929924 -0.0972474 
0.0319982 0.0393533 -0.0298684 0.00229818 -0.0468302 0.0012001 -0.0210304 -0.0429847 -0.00045228 0.019312 -0.0236621 0.0383938 0.128705 -0.0496025 0.120089 -0.123566 1.63772 -0.0848584 -0.487889 -0.173831 0.034817 -0.129634 -0.0465257 1.37795 -0.0893307 -0.429384 -0.0713789 -0.0929911 -0.0972378 
0.0319982 0.0393533 -0.0298655 0.00229818 -0.0468302 0.0012001 -0.0210359 -0.0429847 -0.00045228 0.019312 -0.0236621 0.0383938 0.12871 -0.0496025 0.120089 -0.123566 1.63772 -0.0848584 -0.487888 -0.173831 0.0345299 -0.129634 -0.0465198 1.37795 -0.0938928 -0.429025 -0.074638 -0.0929924 -0.0972246 
0.0319982 0.0393533 -0.0298655 0.00229818 -0.0468302 0.0012001 -0.0210385 -0.0429847 -0.00045228 0.019312 -0.0236621 0.0383938 0.12871 -0.0496032 0.12009 -0.123566 1.63772 -0.0848584 -0.487889 -0.173831 0.0342393 -0.129633 -0.0465124 1.37795 -0.0976961 -0.428633 -0.077636 -0.0929924 -0.0972151 
0.0319924 0.0393533 -0.0298655 0.00229818 -0.0468302 0.0012001 -0.0210385 -0.0429847 -0.00045228 0.019312 -0.0236621 0.0383938 0.128706 -0.0496032 0.12009 -0.123566 1.63772 -0.0848596 -0.487888 -0.17383 0.0339172 -0.129635 -0.0465076 1.37795 -0.101387 -0.428141 -0.0808098 -0.0929924 -0.0972186 
0.0319924 0.0393533 -0.0298655 0.00229818 -0.0468315 0.0011977 -0.0210416 -0.0429847 -0.00045228 0.019312 -0.0236621 0.0383938 0.12871 -0.0496025 0.120091 -0.123566 1.63772 -0.0848596 -0.487888 -0.173831 0.0334909 -0.129642 -0.046504 1.37795 -0.10506 -0.427433 -0.0844036 -0.0929924 -0.0972294 
0.0319924 0.0393533 -0.0298655 0.00229818 -0.0468328 0.0011953 -0.0210416 -0.0429847 -0.00045228 0.019312 -0.0236621 0.0383938 0.128711 -0.0496025 0.120091 -0.123565 1.63772 -0.0848606 -0.487888 -0.173831 0.0330069 -0.129664 -0.046504 1.37795 -0.107906 -0.426692 -0.0875139 -0.0929924 -0.0972558 
0.0319924 0.039356 -0.0298655 0.00229818 -0.0468341 0.0011929 -0.0210416 -0.0429847 -0.00045228 0.019312 -0.0236621 0.0383938 0.128714 -0.0496025 0.120091 -0.123566 1.63772 -0.0848584 -0.487888 -0.173831 0.0323148 -0.129703 -0.0465026 1.37796 -0.110944 -0.425828 -0.0909294 -0.0929924 -0.0972857 
0.0319924 0.0393587 -0.0298655 0.00229818 -0.0468341 0.0011929 -0.0210416 -0.0429847 -0.00045228 0.019312 -0.0236621 0.0383938 0.128718 -0.0496025 0.120091 -0.123567 1.63772 -0.0848584 -0.487888 -0.17383 0.0315702 -0.129736 -0.0465026 1.37797 -0.113563 -0.425 -0.0938733 -0.0929911 -0.0973048 
0.0319982 0.0393587 -0.0298655 0.00229818 -0.0468328 0.0011953 -0.0210471 -0.0429847 -0.000449657 0.019312 -0.0236621 0.0383938 0.128718 -0.0496032 0.120091 -0.123567 1.63772 -0.0848582 -0.487888 -0.173831 0.0307138 -0.129765 -0.046504 1.37797 -0.115935 -0.424047 -0.0967369 -0.0929924 -0.0973084 
0.0320008 0.039356 -0.0298655 0.00229818 -0.0468276 0.0012049 -0.0210471 -0.0429847 -0.000449657 0.019312 -0.0236621 0.0383938 0.128718 -0.0496032 0.120091 -0.123566 1.63772 -0.0848582 -0.487888 -0.173831 0.0296586 -0.129783 -0.0464966 1.37797 -0.118119 -0.42271 -0.0997767 -0.0929924 -0.0973048 
0.0320008 0.0393533 -0.0298684 0.00229818 -0.0468276 0.0012049 -0.0210471 -0.0429847 -0.000449657 0.019312 -0.0236621 0.0383938 0.128714 -0.0496032 0.120091 -0.123566 1.63772 -0.0848572 -0.487888 -0.173831 0.0286403 -0.129785 -0.0464745 1.37797 -0.119619 -0.421298 -0.102559 -0.0929924 -0.0973012 
0.0320036 0.0393533 -0.0298655 0.00229071 -0.0468289 0.0012073 -0.0210497 -0.0429847 -0.000449657 0.019312 -0.0236621 0.0383938 0.128718 -0.0496032 0.120091 -0.123566 1.63772 -0.0848584 -0.487888 -0.17383 0.0275066 -0.129766 -0.046452 1.37797 -0.120717 -0.419697 -0.105512 -0.0929947 -0.0972378 
0.0320036 0.0393587 -0.0298655 0.00229071 -0.0468302 0.00120963 -0.0210638 -0.0429847 -0.000449657 0.019312 -0.0236621 0.0383938 0.128718 -0.0496032 0.120091 -0.123567 1.63772 -0.0848584 -0.487888 -0.173831 0.0261321 -0.129689 -0.046432 1.37797 -0.121621 -0.417743 -0.108906 -0.0929911 -0.0971984 
0.0320036 0.0393587 -0.0298655 0.00229071 -0.0468315 0.00121212 -0.0210803 -0.0429847 -0.000449657 0.019312 -0.0236621 0.0383938 0.128719 -0.0496032 0.120091 -0.123567 1.63772 -0.0848572 -0.487889 -0.173831 0.0247929 -0.129596 -0.0464258 1.37797 -0.122285 -0.41579 -0.111875 -0.0929924 -0.09705 
0.0320063 0.0393587 -0.0298655 0.00229071 -0.0468315 0.00121212 -0.0211024 -0.0429847 -0.000449657 0.019312 -0.0236621 0.0383938 0.128718 -0.0496032 0.120091 -0.123565 1.63772 -0.0848582 -0.487888 -0.173831 0.0231657 -0.129495 -0.0464215 1.37797 -0.122917 -0.413413 -0.115166 -0.0929924 -0.0969171 
0.0319982 0.0393587 -0.0298655 0.00229071 -0.0468315 0.00121212 -0.0211275 -0.0429847 -0.000449657 0.019312 -0.0236621 0.0383938 0.128718 -0.0496025 0.120091 -0.123566 1.63772 -0.0848596 -0.487888 -0.173831 0.0216696 -0.129422 -0.0464146 1.37797 -0.123358 -0.41108 -0.118105 -0.0929924 -0.0968668 
0.031976 0.0393533 -0.0298655 0.00229071 -0.0468315 0.00121212 -0.0211525 -0.0429847 -0.000449657 0.019312 -0.0236621 0.0383938 0.128722 -0.0496025 0.120091 -0.123566 1.63772 -0.0848606 -0.487888 -0.173831 0.0201466 -0.129367 -0.0464134 1.37797 -0.123722 -0.408629 -0.121003 -0.0929924 -0.0968404 
0.031951 0.039356 -0.0298655 0.00229071 -0.0468315 0.00121212 -0.0211804 -0.0429847 -0.000443935 0.019312 -0.0236621 0.0383938 0.128733 -0.0496025 0.120091 -0.123565 1.63772 -0.0848596 -0.487887 -0.173831 0.0183799 -0.129324 -0.0463946 1.37797 -0.124063 -0.405914 -0.124007 -0.0929887 -0.0968309 
0.0319397 0.039356 -0.0298655 0.00229071 -0.0468354 0.00120492 -0.0211995 -0.0429847 -0.000438452 0.019312 -0.0236621 0.0383938 0.128751 -0.0496032 0.120091 -0.123565 1.63772 -0.0848596 -0.487888 -0.173831 0.0167594 -0.129281 -0.0463879 1.37797 -0.124258 -0.403471 -0.126473 -0.09299 -0.0968261 
0.0319343 0.0393587 -0.0298655 0.00229071 -0.046838 0.00120012 -0.0212135 -0.0429958 -0.000432968 0.019312 -0.0236621 0.0383938 0.128772 -0.0496032 0.120091 -0.123565 1.63772 -0.0848596 -0.487888 -0.173831 0.0148339 -0.129164 -0.0463884 1.37797 -0.124427 -0.400525 -0.129194 -0.0929887 -0.0968238 
0.0319288 0.0393671 -0.0298655 0.00229071 -0.046838 0.00120012 -0.0212216 -0.0429847 -0.000430107 0.019312 -0.0236634 0.0383915 0.128786 -0.0496051 0.120091 -0.123565 1.63772 -0.0848584 -0.487888 -0.17383 0.013088 -0.128993 -0.0463855 1.37797 -0.124537 -0.397562 -0.13161 -0.0929911 -0.0968261 
0.0319343 0.0393865 -0.0298655 0.00229071 -0.046838 0.00120012 -0.0212247 -0.0429847 -0.000427246 0.019312 -0.0236634 0.0383915 0.128797 -0.0496051 0.120091 -0.123566 1.63772 -0.0848584 -0.487888 -0.173831 0.0113671 -0.128801 -0.0463743 1.37799 -0.124593 -0.394391 -0.134033 -0.0929924 -0.0968441 
0.0319259 0.039392 -0.0298655 0.00229071 -0.046838 0.00120012 -0.02123 -0.0429847 -0.000424623 0.019312 -0.0236634 0.0383915 0.128802 -0.0496051 0.120091 -0.123566 1.63772 -0.0848584 -0.487888 -0.17383 0.0094595 -0.128619 -0.0463629 1.37782 -0.124629 -0.390724 -0.13671 -0.0929911 -0.096929 
0.0319233 0.0393976 -0.0298655 0.00229071 -0.046838 0.00120012 -0.0212328 -0.0429847 -0.000424623 0.019312 -0.0236634 0.0383915 0.128802 -0.0496058 0.120091 -0.123566 1.63772 -0.0848582 -0.487888 -0.173831 0.00782132 -0.128503 -0.0463622 1.3774 -0.124637 -0.387477 -0.139178 -0.0929924 -0.0969913 
0.0319259 0.0393949 -0.0298684 0.00229071 -0.046838 0.00120012 -0.0212328 -0.0429847 -0.000424623 0.019312 -0.0236634 0.0383915 0.128805 -0.0496051 0.120091 -0.123566 1.63772 -0.0848584 -0.487888 -0.173831 0.00608563 -0.128436 -0.0463536 1.37665 -0.12465 -0.384052 -0.142152 -0.0929924 -0.0970714 
0.0319343 0.0393949 -0.0298684 0.00229071 -0.046838 0.00120012 -0.0212386 -0.0429847 -0.000424623 0.019312 -0.0236634 0.0383915 0.128811 -0.0496051 0.120091 -0.123566 1.63772 -0.0848582 -0.487888 -0.173831 0.00466132 -0.128399 -0.0463514 1.37582 -0.124661 -0.381457 -0.144862 -0.0929924 -0.0971469 
0.0319343 0.0393949 -0.0298655 0.00229071 -0.046838 0.00120012 -0.0212386 -0.0429847 -0.00041914 0.019312 -0.0236621 0.0383892 0.128822 -0.0496058 0.120091 -0.123567 1.63772 -0.0848584 -0.487887 -0.173831 0.00330567 -0.128359 -0.0463514 1.37486 -0.124669 -0.379356 -0.147446 -0.0929924 -0.0971863 
0.0319343 0.0393949 -0.0298655 0.00229071 -0.046838 0.00120012 -0.0212386 -0.0429847 -0.00041914 0.019312 -0.0236594 0.0383842 0.128824 -0.0496058 0.120091 -0.123566 1.63772 -0.0848596 -0.487889 -0.17383 0.00193572 -0.128314 -0.0463507 1.37353 -0.124676 -0.377391 -0.150049 -0.0929924 -0.0972186 
0.0319343 0.039392 -0.0298684 0.00229071 -0.046838 0.00120012 -0.0212386 -0.0429847 -0.00041914 0.019312 -0.0236492 0.0383984 0.128824 -0.0496051 0.120091 -0.123566 1.63772 -0.0848584 -0.487889 -0.17383 0.00077343 -0.128281 -0.0463507 1.37217 -0.124678 -0.375767 -0.152143 -0.0929924 -0.0971959 
0.0319426 0.0393698 -0.0298655 0.00229071 -0.046838 0.00120012 -0.0212469 -0.042982 -0.000413418 0.019312 -0.0236479 0.038396 0.128825 -0.0495996 0.120091 -0.123567 1.63772 -0.0848584 -0.487888 -0.173831 -0.000523806 -0.128246 -0.0463507 1.3705 -0.12468 -0.373962 -0.154383 -0.0929924 -0.0971433 
0.0319619 0.039356 -0.0298655 0.00229071 -0.046838 0.00120012 -0.0212524 -0.0429903 -0.000396967 0.019312 -0.0236466 0.0383936 0.128827 -0.0495937 0.120091 -0.123567 1.63773 -0.0848572 -0.487887 -0.173831 -0.00158858 -0.128236 -0.0463507 1.36885 -0.124703 -0.3722 -0.15625 -0.09299 -0.09688 
0.031951 0.0393422 -0.0298655 0.00228698 -0.0468315 0.00121212 -0.0212607 -0.0429903 -0.000360727 0.019312 -0.023644 0.0383888 0.12886 -0.0495918 0.120091 -0.123566 1.63773 -0.0848582 -0.487887 -0.173832 -0.00250602 -0.128231 -0.0463481 1.36722 -0.124725 -0.370232 -0.158039 -0.0929924 -0.0967699 
0.0318983 0.0393422 -0.0298655 0.00228698 -0.0468315 0.00121212 -0.0212691 -0.0429847 -0.000322104 0.019312 -0.0236413 0.038384 0.128974 -0.0495942 0.120091 -0.123565 1.63772 -0.0848606 -0.487888 -0.17383 -0.00340152 -0.12823 -0.0463481 1.36542 -0.124763 -0.367831 -0.159859 -0.0929924 -0.0967137 
0.0318675 0.0393643 -0.0298655 0.00228698 -0.0468315 0.00121212 -0.0212746 -0.0429847 -0.000296831 0.019312 -0.0236413 0.038384 0.129084 -0.0495996 0.120091 -0.123566 1.63772 -0.0848596 -0.487887 -0.173831 -0.00415468 -0.128242 -0.04635 1.36384 -0.124846 -0.365679 -0.161241 -0.0929924 -0.0966753 
0.0318344 0.0393976 -0.0298655 0.00228698 -0.0468354 0.00120492 -0.0212829 -0.0429847 -0.000272036 0.019312 -0.0236413 0.038384 0.129154 -0.0496051 0.120091 -0.123566 1.63772 -0.0848572 -0.487889 -0.17383 -0.00499845 -0.128306 -0.046344 1.36198 -0.124956 -0.363106 -0.162572 -0.0929911 -0.0966825 
0.0318067 0.0394309 -0.0298655 0.00228698 -0.0468367 0.00120252 -0.0212829 -0.0429847 -0.000249863 0.019312 -0.0236413 0.038384 0.129203 -0.049607 0.120091 -0.123567 1.63772 -0.0848572 -0.487888 -0.173831 -0.00586891 -0.128128 -0.0463514 1.35999 -0.125119 -0.360537 -0.163816 -0.0929924 -0.0968704 
0.0318067 0.0394504 -0.029871 0.00228698 -0.0468367 0.00120252 -0.0212884 -0.0429931 -0.000233173 0.019312 -0.0236413 0.038384 0.129282 -0.049608 0.120093 -0.123566 1.63772 -0.0848572 -0.487888 -0.173831 -0.00666094 -0.127802 -0.0463459 1.35826 -0.125261 -0.358279 -0.165037 -0.0929924 -0.0969757 
0.0318093 0.0394753 -0.0298684 0.00228698 -0.0468367 0.00120252 -0.0212884 -0.0429903 -0.000219345 0.019312 -0.0236452 0.0383864 0.129369 -0.049608 0.120093 -0.123566 1.63772 -0.0848584 -0.487889 -0.17383 -0.00730777 -0.127529 -0.0463123 1.35664 -0.125373 -0.356195 -0.166523 -0.0929924 -0.0973036 
0.0317984 0.039489 -0.029871 0.00228698 -0.0468367 0.00120252 -0.0212913 -0.0429847 -0.000208139 0.019312 -0.0236479 0.0383912 0.129406 -0.0496099 0.120092 -0.123566 1.63772 -0.0848572 -0.487888 -0.173832 -0.00779033 -0.127347 -0.046361 1.355 -0.125593 -0.354299 -0.168452 -0.0929971 -0.0974221 
0.0317984 0.039489 -0.029871 0.00228698 -0.0468367 0.00120252 -0.0212913 -0.0429847 -0.000194311 0.019312 -0.0236479 0.0383912 0.129428 -0.0496099 0.120091 -0.123567 1.63772 -0.0848582 -0.487888 -0.173831 -0.00803781 -0.12731 -0.0463829 1.35345 -0.126127 -0.353327 -0.170125 -0.092996 -0.0974664 
0.0318151 0.039489 -0.029871 0.00228698 -0.0468367 0.00120252 -0.0212884 -0.0429847 -0.000174999 0.019312 -0.0236492 0.0383936 0.12945 -0.049608 0.120091 -0.123566 1.63772 -0.0848572 -0.487888 -0.173831 -0.00819802 -0.12745 -0.0463862 1.3519 -0.126945 -0.352785 -0.171685 -0.0929984 -0.0974796 
0.0318344 0.0394726 -0.029871 0.00228698 -0.0468367 0.00120252 -0.0212855 -0.0429903 -0.00015831 0.019312 -0.0236492 0.0383936 0.129517 -0.0496094 0.120091 -0.123567 1.63772 -0.0848582 -0.487888 -0.173831 -0.00827837 -0.127795 -0.0463903 1.3503 -0.128151 -0.352341 -0.173153 -0.0929984 -0.0974831 
0.0318427 0.0394615 -0.0298684 0.00228698 -0.0468367 0.00120252 -0.0212855 -0.0429847 -0.000152826 0.019312 -0.0236479 0.0383912 0.129591 -0.049608 0.12009 -0.123566 1.63772 -0.0848596 -0.487889 -0.173831 -0.00829506 -0.128196 -0.0464001 1.34895 -0.129432 -0.352068 -0.17412 -0.0929984 -0.0974831 
0.0318484 0.0394641 -0.0298684 0.00228698 -0.0468367 0.00120252 -0.0212855 -0.042982 -0.000136137 0.019312 -0.0236415 0.038403 0.12964 -0.049608 0.120092 -0.123566 1.63772 -0.0848606 -0.487888 -0.17383 -0.00829792 -0.128702 -0.0464134 1.34755 -0.131091 -0.351893 -0.174841 -0.093002 -0.0974831 
0.0318453 0.0394696 -0.029871 0.00228698 -0.0468367 0.00120252 -0.0212884 -0.0429765 -0.000136137 0.019312 -0.0236362 0.0383933 0.129666 -0.049607 0.12009 -0.123567 1.63772 -0.0848584 -0.487888 -0.173831 -0.00829697 -0.129182 -0.0464201 1.34624 -0.132764 -0.351765 -0.175256 -0.0929984 -0.0974892 
0.0318427 0.0394837 -0.0298684 0.00228698 -0.0468367 0.00120252 -0.0212913 -0.0429765 -0.000122309 0.019312 -0.0236272 0.0383956 0.129675 -0.049608 0.120091 -0.123567 1.63772 -0.0848572 -0.487889 -0.173831 -0.00829673 -0.129656 -0.0464234 1.34481 -0.134755 -0.351688 -0.175522 -0.0929984 -0.0974892 
0.0318594 0.039489 -0.029871 0.00228698 -0.0468367 0.00120252 -0.0212913 -0.0429847 -8.63075e-05 0.019312 -0.0236245 0.0383908 0.129712 -0.049608 0.120091 -0.123567 1.63772 -0.0848556 -0.487887 -0.173831 -0.00829577 -0.130083 -0.0464404 1.34322 -0.137486 -0.351619 -0.175746 -0.0929984 -0.0974892 
0.0318675 0.0394864 -0.029871 0.00228698 -0.0468367 0.00120252 -0.0212913 -0.042982 -5.29289e-05 0.019312 -0.0236219 0.0383859 0.129802 -0.049608 0.120091 -0.123566 1.63772 -0.0848572 -0.487889 -0.173832 -0.00829506 -0.13026 -0.0464544 1.34179 -0.140176 -0.351567 -0.175976 -0.0930007 -0.0974808 
0.0318484 0.0394753 -0.029871 0.00228698 -0.0468367 0.00120252 -0.0213218 -0.042982 -1.95503e-05 0.019312 -0.0236206 0.0383836 0.129894 -0.0496099 0.120093 -0.123565 1.63772 -0.0848606 -0.487888 -0.173831 -0.00829697 -0.130309 -0.0464575 1.34044 -0.142866 -0.351553 -0.176354 -0.0929984 -0.0974831 
0.0318232 0.0394641 -0.0298684 0.00228698 -0.0468367 0.00120252 -0.0213494 -0.0429847 1.93119e-05 0.019312 -0.0236193 0.0383811 0.12998 -0.0496099 0.120093 -0.123565 1.63772 -0.0848606 -0.487889 -0.173831 -0.00829792 -0.130273 -0.046459 1.33904 -0.145812 -0.351551 -0.177026 -0.0930007 -0.0974831 
0.0318179 0.0394753 -0.0298684 0.00228698 -0.0468367 0.00120252 -0.0213687 -0.0429847 3.86238e-05 0.019312 -0.023618 0.0383788 0.130054 -0.0496113 0.120093 -0.123565 1.63771 -0.0848606 -0.487888 -0.173831 -0.00829792 -0.130158 -0.0464516 1.33768 -0.148448 -0.35155 -0.177843 -0.0929984 -0.0974831 
0.0318093 0.0394864 -0.029871 0.00228698 -0.0468367 0.00120252 -0.0213938 -0.0429792 5.55515e-05 0.019312 -0.023618 0.0383788 0.13011 -0.0496113 0.120093 -0.123566 1.63771 -0.0848606 -0.487889 -0.173831 -0.00829864 -0.129967 -0.0464489 1.33635 -0.151175 -0.35155 -0.178863 -0.0929984 -0.0974796 
0.03179 0.0395031 -0.029871 0.00228698 -0.0468367 0.00120252 -0.0214078 -0.0429847 6.65188e-05 0.019312 -0.023618 0.0383788 0.130133 -0.0496125 0.120093 -0.123565 1.63771 -0.0848596 -0.487889 -0.173832 -0.00829792 -0.129539 -0.0464489 1.33484 -0.154271 -0.351551 -0.180152 -0.0930032 -0.097476 
0.0317845 0.0395142 -0.029871 0.00228698 -0.0468367 0.00120252 -0.0214131 -0.0429765 7.77245e-05 0.019312 -0.023618 0.0383788 0.13014 -0.0496137 0.120092 -0.123565 1.63771 -0.0848584 -0.487888 -0.173831 -0.00829792 -0.128913 -0.0464537 1.3334 -0.157041 -0.351548 -0.181384 -0.093002 -0.0974844 
0.0317817 0.0394948 -0.0298765 0.00228698 -0.0468367 0.00120252 -0.0214131 -0.0429847 8.29697e-05 0.019312 -0.023618 0.0383788 0.130136 -0.0496125 0.120093 -0.123565 1.63771 -0.0848584 -0.487888 -0.173831 -0.00829673 -0.128121 -0.046453 1.33175 -0.16025 -0.351548 -0.182916 -0.0930007 -0.0974855 
0.0317817 0.0395001 -0.029871 0.00228698 -0.0468367 0.00120252 -0.0214078 -0.0429903 8.58307e-05 0.019312 -0.023618 0.0383788 0.130136 -0.0496137 0.120094 -0.123565 1.63771 -0.0848584 -0.487888 -0.173831 -0.00829792 -0.12753 -0.0464489 1.33023 -0.163211 -0.35155 -0.184407 -0.0930055 -0.0974855 
0.0317788 0.0394948 -0.029871 0.00228698 -0.0468367 0.00120252 -0.0214047 -0.0429792 8.58307e-05 0.0193083 -0.023618 0.0383788 0.130136 -0.0496137 0.120093 -0.123565 1.63771 -0.084861 -0.487888 -0.173831 -0.00830269 -0.127065 -0.0464447 1.32873 -0.166059 -0.351551 -0.185869 -0.0930032 -0.0974844 
0.0317845 0.0394948 -0.029871 0.00228698 -0.0468367 0.00120252 -0.0214047 -0.0429847 8.58307e-05 0.0193083 -0.023618 0.0383788 0.130144 -0.0496137 0.120093 -0.123565 1.63771 -0.0848596 -0.487888 -0.173831 -0.00830817 -0.126602 -0.0464375 1.32712 -0.169147 -0.35155 -0.187379 -0.093002 -0.0974831 
0.0317984 0.0394948 -0.0298765 0.00229071 -0.0468367 0.00120252 -0.0214047 -0.0429765 8.58307e-05 0.0193083 -0.023618 0.0383788 0.130144 -0.0496137 0.120093 -0.123565 1.63771 -0.0848596 -0.487889 -0.173831 -0.00830889 -0.12618 -0.0464509 1.32568 -0.172056 -0.35155 -0.188791 -0.0930032 -0.0974867 
0.0318205 0.0394948 -0.0298765 0.00229071 -0.0468354 0.00120492 -0.0214131 -0.042982 8.58307e-05 0.0193083 -0.023618 0.0383788 0.130148 -0.0496137 0.120092 -0.123565 1.63771 -0.0848584 -0.487888 -0.173831 -0.00831032 -0.125751 -0.0463526 1.32425 -0.175414 -0.351518 -0.190386 -0.093002 -0.0974892 
0.0318289 0.0394779 -0.0298765 0.00229071 -0.0468354 0.00120492 -0.0214188 -0.0429847 8.03471e-05 0.0193083 -0.023618 0.0383788 0.130141 -0.0496137 0.120093 -0.123564 1.63771 -0.0848606 -0.487889 -0.17383 -0.00831175 -0.125331 -0.0460467 1.32256 -0.179631 -0.351227 -0.192411 -0.0930032 -0.0974892 
0.0318205 0.0394753 -0.0298765 0.00229818 -0.0468354 0.00120492 -0.0214522 -0.0429847 7.20024e-05 0.0193083 -0.023618 0.0383788 0.13013 -0.0496137 0.120093 -0.123564 1.63771 -0.0848606 -0.487888 -0.173831 -0.00831366 -0.125052 -0.0455906 1.32093 -0.183749 -0.350693 -0.194386 -0.0930055 -0.0974892 
0.0318179 0.0394753 -0.0298655 0.00229071 -0.0468354 0.00120492 -0.0214605 -0.0429847 6.36578e-05 0.0193083 -0.023618 0.0383789 0.130032 -0.0496125 0.120093 -0.123564 1.63771 -0.0848606 -0.487888 -0.173831 -0.00831366 -0.124825 -0.0449791 1.31931 -0.188348 -0.3498 -0.196417 -0.093002 -0.0974796 
0.0318179 0.0394753 -0.0298655 0.00227945 -0.0468354 0.00120492 -0.0214744 -0.0429847 4.69685e-05 0.0193083 -0.0236193 0.0383764 0.129864 -0.0496113 0.120092 -0.123565 1.63771 -0.0848606 -0.487888 -0.173831 -0.00831366 -0.124578 -0.0441711 1.31736 -0.193819 -0.348357 -0.198637 -0.0930032 -0.0974676 
0.0317926 0.0394696 -0.0298655 0.00227945 -0.0468393 0.00121214 -0.0214744 -0.042982 3.86238e-05 0.0193083 -0.023627 0.0383671 0.129667 -0.0496137 0.120091 -0.123564 1.63771 -0.0848606 -0.487888 -0.17383 -0.00831532 -0.124363 -0.0434387 1.3156 -0.198768 -0.346644 -0.200423 -0.0930055 -0.097458 
0.0317402 0.0394726 -0.02986 0.00227945 -0.0468393 0.00121214 -0.0214686 -0.0429709 -8.32081e-05 0.0193083 -0.0236296 0.0383719 0.129345 -0.0496154 0.120093 -0.123563 1.63771 -0.084861 -0.487889 -0.173831 -0.00831532 -0.124157 -0.0426135 1.31337 -0.20453 -0.344451 -0.202387 -0.0930055 -0.0974628 
0.0317123 0.0394726 -0.02986 0.00227945 -0.0468393 0.00121214 -0.0214131 -0.0429709 -0.000266314 0.019312 -0.0236479 0.0383913 0.128979 -0.0496166 0.120091 -0.123564 1.63771 -0.084861 -0.487889 -0.173831 -0.00831532 -0.124012 -0.0419285 1.31117 -0.209628 -0.34232 -0.204151 -0.0930055 -0.0974688 
0.0316875 0.0394696 -0.02986 0.00228318 -0.0468393 0.00121214 -0.0213301 -0.0429765 -0.000457764 0.019312 -0.023657 0.0384032 0.128532 -0.0496166 0.120091 -0.123564 1.63771 -0.0848606 -0.487889 -0.17383 -0.00831437 -0.123912 -0.0413258 1.30871 -0.21468 -0.339837 -0.20595 -0.093002 -0.0974748 
0.0316875 0.0394641 -0.0298655 0.00228318 -0.0468354 0.00120492 -0.0212691 -0.0429765 -0.000627041 0.019312 -0.02367 0.0384083 0.128001 -0.0496137 0.120091 -0.123565 1.63771 -0.0848606 -0.487888 -0.173832 -0.0083127 -0.123812 -0.0407567 1.30554 -0.220175 -0.336448 -0.208 -0.0930055 -0.0974736 
0.0316985 0.0394641 -0.02986 0.00228318 -0.0468354 0.00120492 -0.02123 -0.0429792 -0.000737906 0.019312 -0.0236778 0.0384037 0.127676 -0.0496137 0.120091 -0.123565 1.63771 -0.0848596 -0.487888 -0.173831 -0.0083127 -0.123639 -0.0403631 1.3024 -0.225031 -0.332887 -0.20973 -0.0930055 -0.0974628 
0.0316985 0.0394585 -0.02986 0.00228318 -0.0468354 0.00120492 -0.0212107 -0.0429792 -0.000801802 0.019312 -0.0236804 0.038399 0.127516 -0.0496137 0.120091 -0.123565 1.63771 -0.0848606 -0.487888 -0.17383 -0.00831366 -0.123342 -0.0400493 1.29898 -0.229522 -0.32893 -0.211315 -0.0930055 -0.0974604 
0.0316846 0.0394585 -0.0298655 0.00228318 -0.0468354 0.00120492 -0.0212052 -0.0429847 -0.000874043 0.019312 -0.0236829 0.0383942 0.127421 -0.0496154 0.120091 -0.123563 1.63771 -0.084861 -0.487889 -0.17383 -0.00831532 -0.122965 -0.0397925 1.29474 -0.233998 -0.324063 -0.213048 -0.0930055 -0.0974724 
0.0316792 0.0394641 -0.0298655 0.00229071 -0.0468354 0.00120492 -0.0211995 -0.0429709 -0.000965595 0.019312 -0.0236841 0.038392 0.127311 -0.049618 0.120091 -0.123565 1.63771 -0.0848606 -0.487888 -0.173831 -0.0083158 -0.122718 -0.0396612 1.29059 -0.237678 -0.319405 -0.214695 -0.0930032 -0.0974892 
0.0316846 0.0394696 -0.0298655 0.00229818 -0.0468354 0.00120492 -0.0211995 -0.0429709 -0.00105715 0.0193158 -0.0236867 0.0383919 0.127158 -0.0496144 0.12009 -0.123565 1.63771 -0.0848584 -0.487889 -0.173831 -0.00829673 -0.122527 -0.0396166 1.2861 -0.240992 -0.314648 -0.216507 -0.0930055 -0.0974903 
0.0317068 0.0394696 -0.0298655 0.00229818 -0.0468354 0.00120492 -0.0211914 -0.0429709 -0.0011487 0.0193158 -0.023688 0.0383896 0.127026 -0.0496113 0.120089 -0.123567 1.63772 -0.0848572 -0.487888 -0.173832 -0.00832748 -0.122103 -0.0396037 1.28072 -0.244182 -0.308949 -0.218718 -0.0930055 -0.0974699 
0.0317178 0.0394504 -0.0298655 0.00229818 -0.0468354 0.00120492 -0.0211804 -0.0429765 -0.00116825 0.0193158 -0.0236906 0.0383849 0.126985 -0.0496094 0.120091 -0.123565 1.63772 -0.0848606 -0.487888 -0.173831 -0.00854588 -0.121303 -0.039607 1.27507 -0.247102 -0.3028 -0.221072 -0.093002 -0.0974437 
0.0317178 0.0394558 -0.0298684 0.00229818 -0.0468354 0.00120492 -0.0211773 -0.0429765 -0.00117087 0.0193158 -0.0236906 0.0383849 0.126978 -0.0496113 0.120092 -0.123563 1.63772 -0.084861 -0.487888 -0.17383 -0.00871801 -0.120403 -0.0395951 1.26937 -0.250186 -0.296368 -0.223558 -0.0930055 -0.0974353 
0.0317123 0.0394558 -0.0298684 0.00229818 -0.0468354 0.00120492 -0.0211773 -0.042982 -0.00117087 0.0193158 -0.0236906 0.0383849 0.126982 -0.0496113 0.120091 -0.123564 1.63772 -0.084862 -0.487889 -0.17383 -0.00878763 -0.119801 -0.039577 1.26433 -0.25297 -0.290477 -0.225898 -0.0930091 -0.097446 
0.0317123 0.0394585 -0.0298655 0.00229818 -0.0468354 0.00120492 -0.0211773 -0.042982 -0.00117087 0.0193158 -0.0236906 0.0383849 0.126985 -0.0496125 0.120091 -0.123567 1.63772 -0.0848582 -0.487889 -0.173831 -0.00884295 -0.119416 -0.0395551 1.25918 -0.255597 -0.284598 -0.228517 -0.0930055 -0.0974699 
0.0317178 0.0394585 -0.0298684 0.00229818 -0.0468354 0.00120492 -0.0211804 -0.0429765 -0.00117373 0.0193158 -0.0236906 0.0383849 0.126985 -0.0496113 0.120091 -0.123568 1.63772 -0.0848572 -0.487889 -0.173832 -0.0089767 -0.118927 -0.0395494 1.25337 -0.258401 -0.277874 -0.231758 -0.0930055 -0.0974831 
0.0317261 0.0394696 -0.0298684 0.00229818 -0.0468354 0.00120492 -0.0211773 -0.0429765 -0.00117373 0.0193158 -0.0236906 0.0383849 0.126978 -0.0496094 0.120091 -0.123565 1.63772 -0.0848582 -0.487888 -0.173831 -0.00910091 -0.118144 -0.0395551 1.24811 -0.260951 -0.27199 -0.234707 -0.0930055 -0.0974831 
0.031729 0.0394585 -0.0298684 0.00229818 -0.0468354 0.00120492 -0.0211804 -0.0429765 -0.00117373 0.0193158 -0.0236906 0.0383849 0.126978 -0.049608 0.120091 -0.123565 1.63772 -0.0848596 -0.487888 -0.173831 -0.0091908 -0.117108 -0.0395601 1.24292 -0.263577 -0.265965 -0.237554 -0.0930055 -0.0974724 
0.0317123 0.0394641 -0.0298655 0.00229818 -0.0468354 0.00120492 -0.0211773 -0.0429765 -0.00117373 0.0193158 -0.0236906 0.0383849 0.126982 -0.0496113 0.120091 -0.123565 1.63772 -0.0848606 -0.487889 -0.173831 -0.00922251 -0.1161 -0.039541 1.23702 -0.266469 -0.25919 -0.240806 -0.0930066 -0.097458 
0.0317068 0.0394641 -0.0298684 0.00229818 -0.0468354 0.00120492 -0.0211773 -0.0429792 -0.00117373 0.0193158 -0.0236906 0.0383849 0.126986 -0.0496118 0.120091 -0.123566 1.63772 -0.0848582 -0.487889 -0.173831 -0.0092268 -0.115491 -0.039525 1.23168 -0.268882 -0.253116 -0.243819 -0.0930055 -0.0974497 
0.0317013 0.0394641 -0.0298684 0.00229818 -0.0468354 0.00120492 -0.0211804 -0.0429847 -0.00117373 0.0193158 -0.0236906 0.0383849 0.126985 -0.0496113 0.12009 -0.123565 1.63772 -0.0848582 -0.487889 -0.17383 -0.00924706 -0.115035 -0.0395091 1.22624 -0.271147 -0.24696 -0.246825 -0.0930066 -0.0974448 
0.0317123 0.0394504 -0.0298655 0.00229818 -0.046838 0.00120974 -0.0211804 -0.0429847 -0.00117636 0.0193158 -0.0236906 0.0383849 0.12698 -0.0496099 0.120091 -0.123565 1.63772 -0.0848584 -0.487888 -0.173831 -0.00939965 -0.114406 -0.0395091 1.21996 -0.273827 -0.239999 -0.250056 -0.0930066 -0.0974508 
0.0317152 0.0394641 -0.0298655 0.00229818 -0.046838 0.00120974 -0.0211804 -0.0429903 -0.00117636 0.0193158 -0.0236906 0.0383849 0.126978 -0.049608 0.120091 -0.123565 1.63772 -0.0848606 -0.487888 -0.17383 -0.00952697 -0.113653 -0.0395124 1.21442 -0.276399 -0.233722 -0.252875 -0.0930066 -0.0974497 
0.0317068 0.0394726 -0.0298684 0.00229818 -0.046838 0.00120974 -0.0211804 -0.0429847 -0.00117636 0.0193158 -0.0236906 0.0383849 0.12698 -0.0496099 0.12009 -0.123567 1.63772 -0.0848606 -0.487889 -0.173832 -0.00959468 -0.112781 -0.0395143 1.20817 -0.279325 -0.226652 -0.256168 -0.0930066 -0.0974437 
0.0316875 0.0394864 -0.0298684 0.00229818 -0.046838 0.00120974 -0.0211804 -0.0429765 -0.00117636 0.0193158 -0.0236906 0.0383849 0.126985 -0.0496113 0.120091 -0.123567 1.63772 -0.0848572 -0.487889 -0.173831 -0.00960302 -0.112129 -0.0395007 1.20257 -0.281804 -0.220304 -0.259228 -0.0930055 -0.0974413 
0.0316763 0.0394753 -0.029871 0.00230192 -0.046838 0.00120974 -0.021183 -0.0429709 -0.00117373 0.0193158 -0.0236906 0.0383849 0.126986 -0.0496113 0.120091 -0.123568 1.63772 -0.0848572 -0.487889 -0.173831 -0.00960302 -0.11161 -0.0394976 1.19689 -0.284164 -0.2139 -0.26232 -0.0930066 -0.0974413 
0.0316763 0.0394696 -0.0298684 0.00230192 -0.046838 0.00120974 -0.0211856 -0.0429765 -0.00117636 0.0193158 -0.0236906 0.0383849 0.126978 -0.0496094 0.120091 -0.123566 1.63772 -0.0848596 -0.487889 -0.17383 -0.00972295 -0.11108 -0.0394902 1.19027 -0.286983 -0.20672 -0.265793 -0.0930066 -0.0974389 
0.0316792 0.0394615 -0.0298655 0.00230192 -0.046838 0.00120974 -0.0211856 -0.0429765 -0.00117636 0.0193158 -0.0236906 0.0383849 0.126978 -0.0496094 0.120091 -0.123565 1.63772 -0.084861 -0.487888 -0.173831 -0.00987172 -0.110601 -0.0394909 1.18434 -0.28971 -0.200519 -0.268945 -0.0930079 -0.0974437 
0.0316792 0.0394641 -0.0298655 0.00230192 -0.046838 0.00120974 -0.021183 -0.0429765 -0.00117636 0.0193158 -0.0236906 0.0383849 0.126978 -0.0496099 0.120091 -0.123565 1.63772 -0.0848596 -0.487888 -0.173831 -0.00995469 -0.110154 -0.0394902 1.17851 -0.292501 -0.194296 -0.271979 -0.0930055 -0.0974353 
0.0316763 0.0394641 -0.0298655 0.00230192 -0.046838 0.00120974 -0.0211856 -0.0429847 -0.00117636 0.0193158 -0.0236906 0.0383849 0.126985 -0.0496113 0.120089 -0.123566 1.63772 -0.0848596 -0.487889 -0.173831 -0.00998473 -0.109709 -0.0394886 1.17195 -0.295736 -0.187345 -0.275129 -0.0930091 -0.0974364 
0.0316734 0.0394753 -0.0298655 0.00230192 -0.046838 0.00120974 -0.0211856 -0.0429765 -0.00117636 0.0193158 -0.0236906 0.0383849 0.126986 -0.0496113 0.120091 -0.123566 1.63772 -0.0848582 -0.487889 -0.173831 -0.00998402 -0.109352 -0.0394921 1.16607 -0.298908 -0.181039 -0.277686 -0.0930079 -0.0974569 
0.0316846 0.0394615 -0.0298655 0.00230192 -0.046838 0.00120974 -0.0211856 -0.0429765 -0.00117636 0.0193158 -0.0236906 0.0383849 0.126982 -0.0496113 0.120091 -0.123566 1.63772 -0.0848584 -0.487888 -0.173831 -0.0100777 -0.108905 -0.0394921 1.1594 -0.302809 -0.173967 -0.280424 -0.0930091 -0.0974628 
0.031693 0.0394753 -0.0298655 0.00230565 -0.046838 0.00120974 -0.021183 -0.0429765 -0.00117636 0.0193158 -0.0236906 0.0383849 0.12698 -0.0496094 0.120091 -0.123565 1.63772 -0.0848596 -0.487888 -0.17383 -0.0102041 -0.108479 -0.0394959 1.15355 -0.306376 -0.167723 -0.282699 -0.0930091 -0.0974664 
0.0316985 0.0394696 -0.0298684 0.00230565 -0.046838 0.00120974 -0.0211804 -0.0429792 -0.00117636 0.0193158 -0.0236906 0.0383849 0.12698 -0.0496113 0.120091 -0.123567 1.63772 -0.0848572 -0.487889 -0.173831 -0.010277 -0.108092 -0.0394995 1.14776 -0.310093 -0.161541 -0.28481 -0.0930055 -0.0974616 
0.0316985 0.0394753 -0.0298684 0.00230565 -0.046838 0.00120974 -0.0211804 -0.0429792 -0.00117636 0.0193158 -0.0236906 0.0383849 0.126986 -0.0496113 0.120091 -0.123566 1.63771 -0.0848582 -0.48789 -0.173831 -0.0102909 -0.107744 -0.0394659 1.1414 -0.314652 -0.154502 -0.286932 -0.0930115 -0.097458 
0.0316985 0.0394585 -0.0298684 0.00230565 -0.046838 0.00120974 -0.0211804 -0.0429792 -0.00117636 0.0193158 -0.0236906 0.0383849 0.126986 -0.0496113 0.120091 -0.123567 1.63772 -0.0848572 -0.487889 -0.173831 -0.0102925 -0.107546 -0.0393798 1.13566 -0.318948 -0.148337 -0.28862 -0.0930128 -0.0974628 
0.0316985 0.0394558 -0.0298655 0.00230565 -0.046838 0.00120974 -0.0211804 -0.0429765 -0.00117636 0.0193158 -0.0236906 0.0383849 0.12698 -0.0496094 0.120091 -0.123565 1.63772 -0.0848596 -0.487889 -0.173831 -0.0102909 -0.107395 -0.0392444 1.12986 -0.32344 -0.142225 -0.290304 -0.0930091 -0.0974688 
0.0317013 0.0394504 -0.0298655 0.00230565 -0.046838 0.00120974 -0.0211804 -0.0429903 -0.00117636 0.0193158 -0.0236906 0.0383849 0.126978 -0.049608 0.120091 -0.123565 1.63772 -0.0848606 -0.487887 -0.173831 -0.0103111 -0.107186 -0.0390308 1.12338 -0.328777 -0.135662 -0.292274 -0.0930091 -0.0974688 
0.0316985 0.0394726 -0.0298655 0.00230565 -0.046838 0.00120974 -0.0211804 -0.0429792 -0.00117636 0.0193158 -0.0236906 0.0383849 0.126978 -0.0496094 0.120089 -0.123565 1.63772 -0.084861 -0.487888 -0.17383 -0.0103204 -0.106942 -0.0387926 1.1177 -0.333574 -0.129965 -0.294006 -0.0930115 -0.0974688 
0.0316875 0.0394837 -0.0298684 0.00230565 -0.046838 0.00120974 -0.0211804 -0.0429847 -0.00117636 0.0193158 -0.0236906 0.0383849 0.126986 -0.0496113 0.120091 -0.123566 1.63772 -0.0848584 -0.487889 -0.173831 -0.0103264 -0.106676 -0.0385087 1.11198 -0.338593 -0.124352 -0.29572 -0.0930115 -0.0974664 
0.0316846 0.0394837 -0.0298684 0.00230565 -0.046838 0.00120974 -0.0211804 -0.0429847 -0.00117636 0.0193158 -0.0236906 0.0383849 0.126986 -0.0496118 0.120091 -0.123567 1.63772 -0.0848582 -0.487889 -0.173831 -0.0103273 -0.106431 -0.0381191 1.1055 -0.344402 -0.118005 -0.297495 -0.0930115 -0.0974688 
0.0316846 0.0394726 -0.0298655 0.00230565 -0.046838 0.00120974 -0.021183 -0.0429847 -0.00117636 0.0193158 -0.0236906 0.0383849 0.126985 -0.0496113 0.120091 -0.123566 1.63772 -0.0848584 -0.487889 -0.173831 -0.0103242 -0.106268 -0.0376837 1.0997 -0.349612 -0.112496 -0.298879 -0.0930115 -0.0974783 
0.0316875 0.0394641 -0.0298655 0.00230565 -0.046838 0.00120974 -0.021183 -0.0429847 -0.00117636 0.0193158 -0.0236906 0.0383849 0.126978 -0.049608 0.120091 -0.123565 1.63772 -0.0848606 -0.487888 -0.173831 -0.0103831 -0.10613 -0.0371544 1.09387 -0.354989 -0.107096 -0.300056 -0.0930115 -0.097476 
0.0316875 0.0394696 -0.02986 0.00230565 -0.046838 0.00120974 -0.0211804 -0.0429847 -0.00117636 0.0193158 -0.0236906 0.0383849 0.126978 -0.049608 0.120091 -0.123565 1.63772 -0.0848606 -0.487888 -0.17383 -0.0104535 -0.105919 -0.0364463 1.08745 -0.361026 -0.101387 -0.30114 -0.0930115 -0.097458 
0.0316846 0.0394753 -0.0298655 0.00230565 -0.046838 0.00120974 -0.0211804 -0.0429847 -0.00117636 0.0193158 -0.0236906 0.0383849 0.126986 -0.0496099 0.120091 -0.123566 1.63772 -0.0848584 -0.487889 -0.17383 -0.0104709 -0.105724 -0.0357277 1.08186 -0.366644 -0.0964787 -0.301995 -0.0930115 -0.0974353 
0.0316622 0.0394837 -0.029871 0.00230565 -0.046838 0.00120974 -0.021183 -0.042982 -0.00117636 0.0193158 -0.0236906 0.0383849 0.12699 -0.0496118 0.12009 -0.123567 1.63772 -0.0848572 -0.487889 -0.173831 -0.010473 -0.10559 -0.0348487 1.07556 -0.373246 -0.0911682 -0.30288 -0.0930128 -0.0974353 
0.0316596 0.0394837 -0.029871 0.00230565 -0.046838 0.00120974 -0.0211914 -0.042982 -0.00117636 0.0193158 -0.0236906 0.0383849 0.126988 -0.0496113 0.120091 -0.123566 1.63772 -0.0848582 -0.487889 -0.173831 -0.010473 -0.105535 -0.0339687 1.0699 -0.379572 -0.0866594 -0.303585 -0.0930128 -0.0974437 
0.0316622 0.0394696 -0.0298655 0.00230565 -0.046838 0.00120974 -0.0211914 -0.042982 -0.00117636 0.0193158 -0.0236906 0.0383849 0.126985 -0.0496113 0.120091 -0.123565 1.63772 -0.0848606 -0.487889 -0.173831 -0.0104721 -0.105484 -0.0329993 1.06429 -0.38606 -0.0822735 -0.304191 -0.0930139 -0.0974497 
0.0316734 0.0394696 -0.02986 0.00230565 -0.046838 0.00120974 -0.0211856 -0.0429847 -0.00117636 0.0193158 -0.0236906 0.0383849 0.126978 -0.0496094 0.120091 -0.123565 1.63772 -0.0848606 -0.487888 -0.173831 -0.0104902 -0.105362 -0.0318189 1.05808 -0.393703 -0.0775738 -0.304793 -0.0930115 -0.097452 
0.0316734 0.0394641 -0.0298655 0.00230565 -0.046838 0.00120974 -0.021183 -0.0429847 -0.00117636 0.0193158 -0.0236906 0.0383849 0.12698 -0.0496094 0.120091 -0.123565 1.63772 -0.0848606 -0.487888 -0.17383 -0.0105047 -0.105218 -0.030725 1.05271 -0.400716 -0.0735388 -0.30522 -0.0930091 -0.0974329 
0.0316596 0.0394948 -0.0298684 0.00230565 -0.046838 0.00120974 -0.0211856 -0.042982 -0.00117636 0.0193158 -0.0236906 0.0383849 0.126986 -0.0496113 0.120091 -0.123565 1.63772 -0.0848584 -0.487888 -0.173832 -0.0105095 -0.105107 -0.0295539 1.04743 -0.408064 -0.0695904 -0.305539 -0.0930115 -0.0974078 
0.0316458 0.0394948 -0.029871 0.00230565 -0.046838 0.00120974 -0.0211914 -0.0429765 -0.00117636 0.0193158 -0.0236906 0.0383849 0.12699 -0.0496125 0.120091 -0.123567 1.63772 -0.0848582 -0.487889 -0.173831 -0.0105095 -0.105051 -0.028156 1.04145 -0.416605 -0.0654497 -0.305798 -0.0930128 -0.0974101 
0.0316458 0.0394948 -0.029871 0.00230565 -0.0468393 0.00121214 -0.0211914 -0.0429765 -0.00117636 0.0193158 -0.0236906 0.0383849 0.12699 -0.0496118 0.120091 -0.123566 1.63772 -0.0848572 -0.487889 -0.173832 -0.0105057 -0.105042 -0.0268884 1.03607 -0.424329 -0.0621245 -0.306003 -0.0930091 -0.0974173 
0.0316679 0.0394837 -0.0298655 0.00230565 -0.0468393 0.00121214 -0.0211914 -0.0429792 -0.00118208 0.0193158 -0.0236906 0.0383849 0.126986 -0.0496113 0.120091 -0.123565 1.63772 -0.0848606 -0.487889 -0.17383 -0.010515 -0.105037 -0.0255482 1.03078 -0.432285 -0.0588799 -0.306195 -0.0930079 -0.0974269 
0.0316792 0.0394837 -0.02986 0.00230565 -0.0468393 0.00121214 -0.0211856 -0.0429847 -0.00118208 0.0193158 -0.0236906 0.0383849 0.126985 -0.0496094 0.120091 -0.123565 1.63772 -0.0848596 -0.487889 -0.17383 -0.010566 -0.105014 -0.0238013 1.02435 -0.442617 -0.0548505 -0.306401 -0.0930115 -0.0974281 
0.0316846 0.0394837 -0.0298655 0.00230565 -0.046838 0.00120974 -0.021183 -0.0429847 -0.0011847 0.019312 -0.0236906 0.0383849 0.126986 -0.0496094 0.120091 -0.123565 1.63772 -0.084861 -0.487888 -0.17383 -0.0106049 -0.104956 -0.0223832 1.01935 -0.450941 -0.0516734 -0.306509 -0.0930091 -0.0974041 
0.0316763 0.0394948 -0.0298684 0.00230565 -0.046838 0.00120974 -0.021183 -0.0429847 -0.00118208 0.019312 -0.0236906 0.0383849 0.126986 -0.0496113 0.120091 -0.123567 1.63772 -0.0848572 -0.487889 -0.173831 -0.0106125 -0.104901 -0.0207298 1.01381 -0.460364 -0.0480168 -0.306586 -0.0930091 -0.097397 
0.0316622 0.0394948 -0.029871 0.00230565 -0.046838 0.00120974 -0.0211856 -0.0429847 -0.00118208 0.019312 -0.0236906 0.0383849 0.12699 -0.0496113 0.12009 -0.123567 1.63772 -0.0848572 -0.487889 -0.173831 -0.0106125 -0.104887 -0.0192835 1.0089 -0.468851 -0.0447881 -0.306619 -0.0930091 -0.0973958 
0.0316622 0.039489 -0.0298684 0.00230565 -0.046838 0.00120974 -0.0211914 -0.0429847 -0.00118208 0.0193158 -0.0236906 0.0383849 0.126988 -0.0496113 0.120091 -0.123565 1.63772 -0.0848582 -0.487889 -0.173832 -0.0106108 -0.104884 -0.0178258 1.00391 -0.477494 -0.0418304 -0.306639 -0.0930079 -0.0974005 
0.0316763 0.0394753 -0.0298655 0.00231312 -0.046838 0.00120974 -0.0211914 -0.0429847 -0.0011847 0.0193158 -0.0236906 0.0383849 0.126986 -0.0496094 0.120091 -0.123565 1.63772 -0.0848596 -0.487888 -0.17383 -0.0106094 -0.104877 -0.016202 0.998311 -0.487174 -0.0389165 -0.306644 -0.0930091 -0.0974101 
0.0316846 0.0394696 -0.02986 0.00230565 -0.046838 0.00120974 -0.021183 -0.0429792 -0.0011847 0.0193158 -0.0236906 0.0383849 0.126982 -0.049607 0.120091 -0.123564 1.63772 -0.0848606 -0.487889 -0.173831 -0.0106115 -0.104854 -0.0147498 0.993467 -0.49592 -0.0365233 -0.306654 -0.0930091 -0.0974053 
0.0316846 0.0394753 -0.0298655 0.00230565 -0.046838 0.00120974 -0.021183 -0.042982 -0.0011847 0.0193158 -0.0236906 0.0383849 0.126985 -0.0496094 0.120091 -0.123566 1.63772 -0.0848606 -0.487889 -0.17383 -0.0106163 -0.104825 -0.0131958 0.988571 -0.504868 -0.034044 -0.306656 -0.0930091 -0.097397 
0.0316763 0.0395031 -0.029871 0.00230192 -0.046838 0.00120974 -0.021183 -0.0429765 -0.0011847 0.0193158 -0.0236906 0.0383849 0.12699 -0.0496113 0.120089 -0.123565 1.63772 -0.0848596 -0.48789 -0.173831 -0.0106211 -0.104809 -0.0114434 0.983091 -0.51502 -0.0313859 -0.306659 -0.0930091 -0.0973958 
0.0316734 0.0395031 -0.029871 0.00230192 -0.046838 0.00120974 -0.021183 -0.0429792 -0.00118208 0.0193158 -0.0236906 0.0383849 0.126993 -0.0496137 0.120091 -0.123567 1.63772 -0.0848565 -0.487889 -0.173831 -0.0106211 -0.104808 -0.00986075 0.978081 -0.524199 -0.0292675 -0.30666 -0.0930079 -0.097397 
0.0316763 0.039489 -0.0298684 0.00230565 -0.0468367 0.00121213 -0.0211856 -0.0429792 -0.00118208 0.0193158 -0.0236906 0.0383849 0.12699 -0.0496113 0.120091 -0.123565 1.63772 -0.0848584 -0.487889 -0.173831 -0.0106151 -0.104808 -0.00825095 0.97296 -0.533623 -0.0275781 -0.306662 -0.0930091 -0.0974353 
0.031693 0.0394837 -0.0298655 0.00230192 -0.0468367 0.00121213 -0.0211804 -0.0429765 -0.00118208 0.0193158 -0.0236906 0.0383849 0.126986 -0.0496094 0.120091 -0.123565 1.63772 -0.0848596 -0.487888 -0.173831 -0.0106142 -0.104809 -0.00641918 0.967096 -0.544364 -0.0261053 -0.30666 -0.0930091 -0.097446 
0.0316985 0.0394864 -0.0298655 0.00230565 -0.0468367 0.00121213 -0.0211804 -0.0429792 -0.0011847 0.0193158 -0.0236906 0.0383849 0.126986 -0.0496094 0.120091 -0.123565 1.63772 -0.0848606 -0.487889 -0.17383 -0.0106201 -0.104808 -0.00469184 0.961911 -0.553994 -0.0250298 -0.306661 -0.0930079 -0.097446 
0.0316901 0.0395031 -0.0298684 0.00230565 -0.0468367 0.00121213 -0.0211804 -0.042982 -0.0011847 0.019312 -0.0236906 0.0383849 0.12699 -0.0496113 0.120091 -0.123567 1.63772 -0.0848582 -0.487889 -0.173831 -0.0106266 -0.1048 -0.00292897 0.956724 -0.563985 -0.0240692 -0.306661 -0.0930115 -0.0974437 
0.0316763 0.0395001 -0.029871 0.00230565 -0.0468367 0.00121213 -0.0211804 -0.0429792 -0.0011847 0.019312 -0.0236906 0.0383849 0.126993 -0.0496118 0.12009 -0.123567 1.63771 -0.0848572 -0.48789 -0.17383 -0.0106289 -0.104779 -0.00090456 0.950759 -0.575498 -0.0231109 -0.306663 -0.0930091 -0.0974497 
0.0316734 0.0394975 -0.0298684 0.00230565 -0.0468367 0.00121213 -0.021183 -0.0429792 -0.0011847 0.0193158 -0.0236906 0.0383849 0.126993 -0.0496113 0.120091 -0.123566 1.63772 -0.0848572 -0.487889 -0.173831 -0.0106289 -0.104777 0.000886202 0.945306 -0.585942 -0.0224541 -0.306663 -0.0930091 -0.0974556 
0.0316763 0.0394864 -0.0298655 0.00230565 -0.0468367 0.00121213 -0.021183 -0.042982 -0.0011847 0.0193158 -0.0236906 0.0383849 0.126986 -0.049608 0.120091 -0.123565 1.63772 -0.0848606 -0.487888 -0.173831 -0.0106211 -0.104773 0.00297785 0.938944 -0.59813 -0.0220085 -0.306661 -0.0930091 -0.0974724 
0.0316792 0.0394837 -0.02986 0.00230565 -0.0468367 0.00121213 -0.021183 -0.042982 -0.0011847 0.0193158 -0.0236906 0.0383849 0.126985 -0.0496094 0.120091 -0.123563 1.63772 -0.0848606 -0.487888 -0.173831 -0.0106211 -0.104763 0.00483656 0.933328 -0.609175 -0.0218419 -0.306661 -0.0930091 -0.0974699 
0.0316679 0.0395031 -0.02986 0.00230565 -0.0468393 0.00120734 -0.021183 -0.042982 -0.0011847 0.0193158 -0.0236906 0.0383849 0.126988 -0.0496094 0.120091 -0.123566 1.63772 -0.084861 -0.487889 -0.173831 -0.0106249 -0.10476 0.0066905 0.927752 -0.62027 -0.0216986 -0.30666 -0.0930091 -0.0974413 
0.0316486 0.0395142 -0.0298655 0.00230565 -0.0468393 0.00120734 -0.021183 -0.0429709 -0.0011847 0.0193158 -0.0236906 0.0383849 0.126993 -0.0496113 0.120091 -0.123566 1.63772 -0.0848572 -0.48789 -0.173831 -0.0106282 -0.104757 0.0087347 0.921441 -0.632911 -0.0215106 -0.306663 -0.0930091 -0.0974005 
0.0316458 0.0395142 -0.0298655 0.00230192 -0.0468393 0.00120734 -0.0211914 -0.0429765 -0.0011847 0.0193158 -0.0236906 0.0383849 0.126993 -0.0496113 0.120091 -0.123567 1.63772 -0.0848572 -0.487889 -0.173832 -0.0106289 -0.104763 0.0105677 0.915733 -0.644143 -0.0213165 -0.306664 -0.0930115 -0.0973909 
0.0316513 0.0395031 -0.0298655 0.00230192 -0.0468393 0.00120734 -0.0211914 -0.0429709 -0.0011847 0.0193158 -0.0236906 0.0383849 0.126986 -0.0496099 0.120091 -0.123565 1.63772 -0.0848584 -0.487889 -0.173831 -0.0106225 -0.104777 0.0123558 0.909993 -0.655339 -0.0211908 -0.306667 -0.0930091 -0.0973874 
0.0316596 0.0395031 -0.02986 0.00230192 -0.0468406 0.00120494 -0.0211914 -0.0429709 -0.0011847 0.0193158 -0.0236906 0.0383849 0.126985 -0.049608 0.12009 -0.123565 1.63772 -0.0848606 -0.487888 -0.173831 -0.010623 -0.104785 0.0143664 0.903538 -0.668058 -0.0211558 -0.306667 -0.0930091 -0.0973886 
0.0316622 0.0395086 -0.0298655 0.00230192 -0.0468406 0.00120494 -0.0211856 -0.0429709 -0.00118756 0.019312 -0.0236906 0.0383849 0.126988 -0.0496094 0.12009 -0.123565 1.63772 -0.0848606 -0.487889 -0.17383 -0.0106282 -0.104785 0.0161078 0.897899 -0.679432 -0.0211461 -0.306669 -0.0930115 -0.097385 
0.0316458 0.0395253 -0.0298684 0.00230192 -0.046847 0.00119295 -0.0211856 -0.0429682 -0.0011847 0.019312 -0.0236906 0.0383849 0.126993 -0.0496113 0.120091 -0.123566 1.63772 -0.0848582 -0.48789 -0.173832 -0.0106332 -0.10477 0.0180628 0.891643 -0.692294 -0.0210899 -0.306669 -0.0930115 -0.0973909 
0.0316374 0.0395253 -0.0298655 0.00230192 -0.046847 0.00119295 -0.0211914 -0.0429709 -0.0011847 0.019312 -0.0236906 0.0383849 0.126996 -0.0496113 0.120091 -0.123566 1.63772 -0.0848582 -0.487889 -0.173832 -0.0106332 -0.10476 0.0197802 0.885954 -0.703848 -0.0209843 -0.30667 -0.0930115 -0.0974113 
0.0316374 0.0395253 -0.0298655 0.00230192 -0.046847 0.00119295 -0.0211968 -0.0429709 -0.0011847 0.019312 -0.0236906 0.0383849 0.126993 -0.0496113 0.120091 -0.123565 1.63772 -0.0848584 -0.487889 -0.17383 -0.0106282 -0.104755 0.021414 0.880143 -0.715436 -0.0208989 -0.306669 -0.0930115 -0.0974353 
0.0316486 0.0395169 -0.02986 0.00230192 -0.046847 0.00119295 -0.0211968 -0.0429765 -0.0011847 0.019312 -0.0236906 0.0383849 0.126988 -0.0496094 0.120091 -0.123565 1.63772 -0.0848584 -0.487889 -0.173831 -0.0106239 -0.104743 0.0231078 0.873635 -0.728403 -0.0208588 -0.306669 -0.0930091 -0.0974364 
0.0316596 0.0395169 -0.0298655 0.00230192 -0.046847 0.00119295 -0.0211914 -0.0429765 -0.0011847 0.019312 -0.0236906 0.0383849 0.12699 -0.0496094 0.120091 -0.123566 1.63772 -0.0848584 -0.487889 -0.173831 -0.0106289 -0.104734 0.0244946 0.867916 -0.739883 -0.020858 -0.306669 -0.0930115 -0.0974269 
0.0316513 0.0395224 -0.029871 0.00230565 -0.046847 0.00119295 -0.0211914 -0.0429682 -0.00118756 0.019312 -0.0236906 0.0383849 0.126994 -0.0496113 0.120091 -0.123566 1.63772 -0.0848572 -0.487889 -0.173831 -0.0106342 -0.104725 0.0258362 0.862281 -0.751233 -0.0208275 -0.306669 -0.0930115 -0.0973958 
0.0316458 0.0395224 -0.029871 0.00230565 -0.046847 0.00119295 -0.0211914 -0.0429682 -0.0011847 0.0193158 -0.0236906 0.0383849 0.126996 -0.0496118 0.120091 -0.123566 1.63772 -0.0848582 -0.48789 -0.173831 -0.0106366 -0.104718 0.0273058 0.85586 -0.763982 -0.0206951 -0.306671 -0.0930128 -0.0973909 
0.0316541 0.0395031 -0.0298684 0.00230565 -0.046847 0.00119295 -0.0211914 -0.0429765 -0.0011847 0.0193158 -0.0236906 0.0383849 0.126993 -0.0496099 0.12009 -0.123565 1.63772 -0.0848584 -0.487888 -0.17383 -0.0106342 -0.104716 0.0285876 0.85001 -0.775259 -0.0205749 -0.306671 -0.0930139 -0.0973958 
0.0316679 0.0395031 -0.0298655 0.00230565 -0.0468445 0.00119774 -0.0211914 -0.0429792 -0.0011847 0.0193158 -0.0236906 0.0383849 0.12699 -0.0496094 0.120091 -0.123565 1.63772 -0.0848584 -0.487888 -0.173831 -0.0106294 -0.104735 0.0300257 0.843389 -0.787924 -0.0205016 -0.306669 -0.0930128 -0.0974005 
0.0316679 0.0395169 -0.0298684 0.00230565 -0.046847 0.00119295 -0.0211856 -0.0429709 -0.00118756 0.0193158 -0.0236906 0.0383849 0.126993 -0.0496099 0.12009 -0.123565 1.63772 -0.0848606 -0.487889 -0.173831 -0.0106311 -0.104745 0.0312586 0.837578 -0.799058 -0.0204985 -0.306669 -0.0930128 -0.0973958 
0.0316513 0.0395253 -0.029871 0.00230565 -0.046847 0.00119295 -0.0211856 -0.0429654 -0.00118756 0.0193158 -0.0236906 0.0383849 0.126998 -0.0496118 0.120091 -0.123567 1.63771 -0.0848584 -0.487889 -0.173831 -0.0106351 -0.104753 0.0324397 0.831767 -0.810143 -0.0204973 -0.306671 -0.0930128 -0.0973934 
0.0316401 0.0395253 -0.029871 0.00230565 -0.046847 0.00119295 -0.0211914 -0.0429654 -0.0011847 0.0193158 -0.0236906 0.0383849 0.127001 -0.0496113 0.120091 -0.123567 1.63772 -0.0848584 -0.487889 -0.173831 -0.0106359 -0.104753 0.0336976 0.825152 -0.822593 -0.0204852 -0.306673 -0.0930151 -0.0974137 
0.0316401 0.0395169 -0.0298655 0.00230565 -0.046847 0.00119775 -0.0211968 -0.0429709 -0.00118756 0.0193158 -0.0236906 0.0383849 0.126993 -0.0496094 0.120091 -0.123565 1.63772 -0.0848606 -0.487889 -0.173831 -0.0106289 -0.104752 0.0346973 0.81916 -0.833492 -0.0204711 -0.306674 -0.0930139 -0.0974532 
0.0316458 0.0395086 -0.02986 0.00230565 -0.046847 0.00119775 -0.0211995 -0.0429709 -0.00118756 0.0193158 -0.0236906 0.0383849 0.126986 -0.049608 0.120091 -0.123565 1.63772 -0.0848606 -0.487888 -0.173831 -0.0106249 -0.104746 0.035537 0.813061 -0.84421 -0.0204558 -0.306674 -0.0930139 -0.0974699 
0.0316458 0.0395086 -0.0298655 0.00230565 -0.0468432 0.00119053 -0.021194 -0.0429709 -0.00118756 0.0193158 -0.0236906 0.0383849 0.126993 -0.049608 0.120091 -0.123565 1.63772 -0.0848606 -0.487889 -0.173831 -0.0106289 -0.10473 0.0363379 0.806318 -0.856115 -0.0204558 -0.306671 -0.0930151 -0.0974724 
0.0316458 0.0395253 -0.029871 0.00230565 -0.0468432 0.00119053 -0.0211914 -0.0429654 -0.00118756 0.0193158 -0.0236906 0.0383849 0.127001 -0.0496113 0.12009 -0.123566 1.63771 -0.0848606 -0.487889 -0.173831 -0.0106366 -0.104715 0.0369489 0.800338 -0.866438 -0.0204558 -0.306672 -0.0930151 -0.0974688 
0.0316401 0.0395169 -0.029871 0.00230565 -0.0468432 0.00119053 -0.0211914 -0.0429654 -0.0011847 0.0193158 -0.0236906 0.0383849 0.127002 -0.0496118 0.120091 -0.123567 1.63771 -0.0848572 -0.48789 -0.173831 -0.0106387 -0.104704 0.0375597 0.793612 -0.877951 -0.0204253 -0.306673 -0.0930139 -0.0974724 
0.0316541 0.0395113 -0.0298655 0.00230565 -0.0468432 0.00119053 -0.021194 -0.0429682 -0.00118208 0.0193158 -0.0236906 0.0383849 0.127001 -0.0496113 0.120091 -0.123566 1.63772 -0.0848582 -0.487889 -0.173831 -0.0106301 -0.104707 0.0380518 0.78749 -0.888046 -0.0203838 -0.306671 -0.0930188 -0.0974892 
0.0316763 0.0395113 -0.0298655 0.00230565 -0.0468432 0.00119053 -0.0211914 -0.0429765 -0.0011847 0.0193158 -0.0236906 0.0383849 0.126998 -0.0496113 0.120091 -0.123564 1.63772 -0.0848606 -0.487889 -0.173831 -0.0106239 -0.104723 0.0385463 0.780601 -0.899231 -0.020352 -0.306673 -0.0930151 -0.0975083 
0.0316846 0.0395169 -0.029871 0.00230565 -0.0468445 0.00118813 -0.0211856 -0.0429654 -0.00118756 0.0193158 -0.0236906 0.0383849 0.127001 -0.0496113 0.120091 -0.123565 1.63772 -0.0848606 -0.48789 -0.17383 -0.0106342 -0.104743 0.0389686 0.773846 -0.910325 -0.020352 -0.306671 -0.0930151 -0.0975095 
0.0316792 0.0395224 -0.029871 0.00230565 -0.0468445 0.00118813 -0.0211804 -0.0429682 -0.00118756 0.0193158 -0.0236906 0.0383849 0.127004 -0.0496125 0.120091 -0.123566 1.63771 -0.0848582 -0.48789 -0.17383 -0.0106413 -0.104746 0.0392535 0.767951 -0.919972 -0.0203509 -0.306673 -0.0930139 -0.0975011 
0.0316792 0.0395224 -0.029871 0.00230565 -0.0468445 0.00118813 -0.0211804 -0.0429792 -0.00118756 0.0193158 -0.0236906 0.0383849 0.127004 -0.0496113 0.120091 -0.12357 1.63772 -0.0848556 -0.48789 -0.173832 -0.0106432 -0.104745 0.0394759 0.761998 -0.929492 -0.0203526 -0.306674 -0.0930139 -0.0975071 
0.0316846 0.0395142 -0.0298655 0.00230565 -0.0468406 0.00119533 -0.0211856 -0.0429765 -0.00118756 0.0193158 -0.0236906 0.0383849 0.126998 -0.049608 0.120091 -0.123565 1.63772 -0.0848582 -0.487888 -0.17383 -0.0106397 -0.104746 0.0396752 0.755179 -0.940035 -0.020352 -0.306675 -0.0930151 -0.0975202 
0.0316846 0.0395113 -0.0298655 0.00230565 -0.046838 0.00120012 -0.0211914 -0.0429765 -0.00118756 0.0193158 -0.0236906 0.0383849 0.126996 -0.049608 0.120091 -0.123564 1.63772 -0.084861 -0.487889 -0.17383 -0.010637 -0.104748 0.0398293 0.749066 -0.949185 -0.0203465 -0.306673 -0.0930151 -0.0975263 
0.0316846 0.0395142 -0.0298684 0.00230565 -0.0468406 0.00120494 -0.021183 -0.0429709 -0.00118756 0.0193158 -0.0236906 0.0383849 0.127001 -0.0496094 0.120091 -0.123563 1.63772 -0.084862 -0.487889 -0.17383 -0.0106413 -0.104747 0.0399463 0.742896 -0.958165 -0.0203472 -0.306671 -0.0930151 -0.0975118 
0.0316792 0.0395169 -0.0298684 0.00230565 -0.046838 0.00120012 -0.0211804 -0.0429682 -0.00118756 0.0193158 -0.0236906 0.0383849 0.127004 -0.0496094 0.120091 -0.123568 1.63772 -0.0848565 -0.48789 -0.173831 -0.0106468 -0.104737 0.0400093 0.735902 -0.968049 -0.0203496 -0.306671 -0.0930175 -0.0974951 
0.0316734 0.0395142 -0.0298684 0.00230565 -0.046838 0.00120012 -0.0211856 -0.0429682 -0.00118756 0.0193158 -0.0236906 0.0383849 0.127004 -0.0496094 0.12009 -0.12357 1.63772 -0.0848541 -0.487889 -0.173832 -0.0106387 -0.104728 0.0400195 0.729588 -0.976603 -0.0203502 -0.306671 -0.0930188 -0.0974951 
0.0316734 0.0395169 -0.029871 0.00230565 -0.046838 0.00120012 -0.0211914 -0.0429682 -0.00118756 0.0193158 -0.0236906 0.0383849 0.127002 -0.049608 0.120091 -0.123563 1.63772 -0.0848606 -0.487889 -0.173831 -0.0106294 -0.104728 0.0400231 0.723099 -0.984982 -0.0203472 -0.306673 -0.0930151 -0.0975155 
0.0316763 0.0395169 -0.029871 0.00230565 -0.0468406 0.00119533 -0.0211914 -0.0429847 -0.00118756 0.0193158 -0.0236906 0.0383849 0.127002 -0.0496099 0.120092 -0.123562 1.63772 -0.084861 -0.487889 -0.17383 -0.0106282 -0.104739 0.0400209 0.715772 -0.994093 -0.0203393 -0.30667 -0.0930151 -0.0975227 
0.0316792 0.039528 -0.0298684 0.00230565 -0.0468432 0.00119053 -0.0211804 -0.0429765 -0.00118756 0.0193158 -0.0236906 0.0383849 0.127004 -0.0496099 0.120091 -0.123567 1.63772 -0.0848584 -0.48789 -0.17383 -0.0106311 -0.104741 0.0400379 0.709352 -1.0021 -0.0203385 -0.306671 -0.0930151 -0.0975238 
0.0316792 0.0395169 -0.0298684 0.00230565 -0.0468432 0.00119053 -0.0211804 -0.0429765 -0.00119042 0.0193158 -0.0236906 0.0383849 0.127005 -0.0496099 0.120091 -0.123571 1.63772 -0.0848556 -0.487891 -0.173832 -0.0106351 -0.104732 0.0400665 0.702115 -1.01089 -0.0203422 -0.306669 -0.0930151 -0.0975286 
0.0316763 0.0395142 -0.0298655 0.00230565 -0.0468458 0.00119535 -0.0211856 -0.0429682 -0.00118756 0.0193158 -0.0236906 0.0383849 0.127002 -0.049608 0.120091 -0.123565 1.63772 -0.0848565 -0.487889 -0.173831 -0.0106332 -0.104715 0.0400767 0.695652 -1.01841 -0.0203465 -0.306674 -0.0930175 -0.0975346 
0.0316763 0.0395142 -0.0298655 0.00230565 -0.0468458 0.00119535 -0.0211914 -0.0429654 -0.00119042 0.0193158 -0.0236906 0.0383849 0.127001 -0.049608 0.120093 -0.123563 1.63772 -0.084861 -0.487889 -0.173829 -0.0106294 -0.104714 0.0400782 0.689068 -1.0259 -0.0203441 -0.306673 -0.0930151 -0.0975358 
0.0316734 0.039528 -0.0298655 0.00230565 -0.0468458 0.00119535 -0.0211856 -0.0429654 -0.00118756 0.019312 -0.0236906 0.0383849 0.127002 -0.0496094 0.120091 -0.123565 1.63772 -0.084862 -0.487889 -0.17383 -0.0106328 -0.104715 0.0400786 0.681614 -1.03426 -0.0203404 -0.30667 -0.0930139 -0.0974185 
0.0316622 0.0395253 -0.0298655 0.00230565 -0.0468445 0.00119774 -0.021183 -0.0429709 -0.00118756 0.019312 -0.0236906 0.0383849 0.127009 -0.0496099 0.12009 -0.12357 1.63772 -0.0848541 -0.48789 -0.173832 -0.0106359 -0.104711 0.0400786 0.674986 -1.04144 -0.0203393 -0.306669 -0.0930188 -0.0973443 
0.0316596 0.0395169 -0.0298655 0.00230565 -0.0468445 0.00119774 -0.0211856 -0.0429709 -0.0011847 0.0193158 -0.0236906 0.0383849 0.127009 -0.0496099 0.120091 -0.12357 1.63772 -0.0848551 -0.487889 -0.173832 -0.0106342 -0.104726 0.0400841 0.668229 -1.0484 -0.0203441 -0.306674 -0.0930188 -0.0973336 
0.0316596 0.0395224 -0.0298684 0.00230565 -0.0468419 0.00119293 -0.021194 -0.0429709 -0.0011847 0.0193158 -0.0236906 0.0383849 0.127002 -0.049608 0.120093 -0.123562 1.63772 -0.0848627 -0.487889 -0.17383 -0.0106249 -0.104849 0.0400896 0.660552 -1.05618 -0.0203393 -0.306673 -0.0930151 -0.0973347 
0.0316622 0.039528 -0.0298684 0.00230565 -0.0468432 0.00119053 -0.0211914 -0.0429709 -0.00118756 0.0193158 -0.0236906 0.0383849 0.127002 -0.0496094 0.120091 -0.123561 1.63772 -0.084861 -0.487889 -0.17383 -0.0106282 -0.10493 0.0400836 0.653729 -1.06302 -0.0203234 -0.306669 -0.0930151 -0.0973336 
0.0316596 0.039528 -0.0298684 0.00230565 -0.0468445 0.00118813 -0.021183 -0.0429709 -0.00118756 0.0193158 -0.0236906 0.0383849 0.127009 -0.0496113 0.120091 -0.12357 1.63771 -0.0848572 -0.487891 -0.173832 -0.0106342 -0.104946 0.0400708 0.646933 -1.06971 -0.0203234 -0.306669 -0.0930139 -0.0973263 
0.0316486 0.039528 -0.0298684 0.00230565 -0.0468445 0.00118813 -0.0211804 -0.0429709 -0.00118756 0.0193158 -0.0236906 0.0383849 0.127009 -0.0496094 0.120091 -0.123571 1.63772 -0.0848565 -0.48789 -0.173832 -0.0106397 -0.104946 0.0400739 0.639398 -1.07694 -0.0203247 -0.306669 -0.0930151 -0.0973263 
0.0316458 0.039528 -0.0298684 0.00230565 -0.0468483 0.00119535 -0.0211914 -0.0429709 -0.00119042 0.0193158 -0.0236906 0.0383849 0.127004 -0.049608 0.120092 -0.123563 1.63772 -0.0848584 -0.487889 -0.17383 -0.010638 -0.104945 0.040072 0.632611 -1.08331 -0.0203247 -0.306671 -0.0930151 -0.0973515 
0.0316458 0.0395335 -0.0298684 0.00230565 -0.0468445 0.00118813 -0.0211968 -0.0429792 -0.00118756 0.0193158 -0.0236906 0.0383849 0.127002 -0.0496094 0.120095 -0.123562 1.63772 -0.084861 -0.487889 -0.17383 -0.0106332 -0.104953 0.0400696 0.625746 -1.0896 -0.0203203 -0.30667 -0.0930139 -0.0973611 
0.0316458 0.0395335 -0.0298684 0.00230565 -0.0468445 0.00118813 -0.0211856 -0.0429682 -0.00118756 0.019312 -0.0236906 0.0383849 0.127004 -0.0496099 0.120091 -0.123567 1.63772 -0.0848596 -0.487891 -0.173831 -0.0106366 -0.10496 0.0400672 0.618075 -1.09674 -0.0203191 -0.306669 -0.0930151 -0.0973479 
0.0316348 0.0395253 -0.0298684 0.00230565 -0.0468496 0.00119776 -0.021183 -0.0429709 -0.00118756 0.019312 -0.0236906 0.0383849 0.127009 -0.0496099 0.120091 -0.12357 1.63772 -0.0848556 -0.48789 -0.173833 -0.0106421 -0.104955 0.0400734 0.611221 -1.10298 -0.0203179 -0.306667 -0.0930198 -0.0973144 
0.0316401 0.039528 -0.0298684 0.00230565 -0.0468496 0.00119776 -0.0211968 -0.0429709 -0.00118756 0.0193158 -0.0236906 0.0383849 0.127005 -0.0496094 0.120093 -0.123563 1.63772 -0.0848584 -0.487889 -0.173831 -0.010638 -0.104946 0.0400848 0.603533 -1.10986 -0.0203288 -0.306671 -0.0930188 -0.0973156 
0.0316486 0.039528 -0.029871 0.00230565 -0.0468445 0.00118813 -0.0211995 -0.0429654 -0.00118756 0.0193158 -0.0236906 0.0383849 0.127002 -0.0496094 0.120093 -0.123561 1.63772 -0.084862 -0.487889 -0.17383 -0.0106301 -0.104948 0.0400848 0.596592 -1.11595 -0.0203277 -0.30667 -0.0930198 -0.0973156 
0.0316541 0.0395391 -0.0298684 0.00230565 -0.0468445 0.00118813 -0.0211914 -0.0429654 -0.00118756 0.0193158 -0.0236906 0.0383849 0.127005 -0.0496113 0.120092 -0.123565 1.63772 -0.0848606 -0.48789 -0.17383 -0.0106328 -0.104952 0.0400836 0.58969 -1.12211 -0.0203247 -0.306667 -0.093021 -0.0973156 
0.0316541 0.0395364 -0.0298684 0.00230565 -0.0468445 0.00118813 -0.021183 -0.0429654 -0.00118756 0.019312 -0.0236906 0.0383849 0.127009 -0.0496113 0.120091 -0.12357 1.63771 -0.0848541 -0.487891 -0.173833 -0.0106421 -0.104953 0.040082 0.581974 -1.12903 -0.0203252 -0.306669 -0.0930188 -0.097312 
0.0316596 0.0395364 -0.0298684 0.00230565 -0.0468496 0.00119776 -0.0211914 -0.0429654 -0.00118756 0.0193158 -0.0236906 0.0383849 0.127009 -0.0496113 0.120093 -0.123567 1.63772 -0.0848572 -0.487889 -0.173831 -0.0106432 -0.104952 0.0400867 0.575126 -1.13515 -0.0203319 -0.306671 -0.0930198 -0.0973167 
0.0316622 0.0395335 -0.0298684 0.00230565 -0.046847 0.00119295 -0.0211995 -0.0429709 -0.00118756 0.0193232 -0.0236906 0.0383849 0.127001 -0.0496094 0.120094 -0.123562 1.63772 -0.084862 -0.487889 -0.173829 -0.0106366 -0.104954 0.0400848 0.568254 -1.14117 -0.0203295 -0.306674 -0.0930198 -0.0973407 
0.0316653 0.039528 -0.0298684 0.00231312 -0.046847 0.00119295 -0.0211914 -0.0429709 -0.00118756 0.0193158 -0.0236906 0.0383849 0.126998 -0.0496099 0.120094 -0.123565 1.63772 -0.0848606 -0.487889 -0.17383 -0.0106328 -0.104965 0.0400782 0.56038 -1.14802 -0.0203234 -0.306669 -0.0930188 -0.0973228 
0.0316596 0.039528 -0.0298655 0.00230565 -0.046847 0.00119295 -0.0211804 -0.0429682 -0.00119042 0.0193158 -0.0236906 0.0383849 0.127005 -0.0496099 0.120091 -0.12357 1.63772 -0.0848541 -0.48789 -0.173831 -0.0106413 -0.104964 0.0400734 0.553379 -1.15414 -0.0203221 -0.306674 -0.0930188 -0.0972642 
0.0316596 0.039528 -0.029871 0.00230565 -0.0468445 0.00118813 -0.021183 -0.0429654 -0.00119042 0.0193158 -0.0236906 0.0383849 0.127009 -0.0496099 0.120093 -0.123565 1.63772 -0.0848596 -0.487889 -0.173831 -0.0106351 -0.104947 0.0400879 0.545514 -1.16108 -0.0203295 -0.306676 -0.0930188 -0.0972246 
0.0316596 0.039528 -0.029871 0.00230565 -0.0468445 0.00118813 -0.021194 -0.0429654 -0.00118756 0.0193158 -0.0236906 0.0383849 0.127002 -0.0496099 0.120093 -0.123561 1.63772 -0.084861 -0.487889 -0.173829 -0.0106049 -0.104943 0.0400903 0.538429 -1.16713 -0.0203301 -0.306676 -0.0930198 -0.0972294 
0.0316513 0.039528 -0.029871 0.00230565 -0.0468445 0.00118813 -0.0211914 -0.0429654 -0.00118756 0.0193158 -0.0236906 0.0383849 0.127002 -0.0496113 0.120093 -0.123567 1.63772 -0.0848584 -0.48789 -0.173831 -0.0105977 -0.104956 0.0400856 0.531101 -1.17316 -0.0203203 -0.306674 -0.0930188 -0.0972294 
0.0316486 0.039528 -0.0298655 0.00230565 -0.0468496 0.00119776 -0.021183 -0.0429765 -0.00118756 0.0193158 -0.0236906 0.0383849 0.127002 -0.0496099 0.120091 -0.123568 1.63772 -0.0848556 -0.48789 -0.173832 -0.0106001 -0.104959 0.0400813 0.522802 -1.1798 -0.0203166 -0.306676 -0.0930188 -0.0972019 
0.0316541 0.0395364 -0.0298655 0.00230565 -0.0468522 0.00120258 -0.0211856 -0.0429654 -0.00118756 0.0193158 -0.0236906 0.0383849 0.127004 -0.0496094 0.120092 -0.123565 1.63772 -0.0848606 -0.487889 -0.17383 -0.0106039 -0.104959 0.0400903 0.515459 -1.18561 -0.0203295 -0.306681 -0.093021 -0.0971828 
0.0316458 0.0395418 -0.0298655 0.00230565 -0.0468496 0.00119776 -0.0211968 -0.0429654 -0.00118756 0.0193158 -0.0236906 0.0383849 0.127001 -0.0496094 0.120094 -0.123561 1.63772 -0.0848637 -0.487889 -0.17383 -0.0106015 -0.104958 0.0400908 0.508022 -1.1913 -0.0203338 -0.306683 -0.0930198 -0.0972031 
0.0316291 0.0395418 -0.0298684 0.00230565 -0.046847 0.00119295 -0.0211914 -0.0429626 -0.00118756 0.019312 -0.0236906 0.0383849 0.127002 -0.0496113 0.120093 -0.123567 1.63772 -0.0848572 -0.487889 -0.173831 -0.0106001 -0.104983 0.0400734 0.499501 -1.19762 -0.0203118 -0.306684 -0.0930234 -0.097233 
0.0316262 0.0395418 -0.0298684 0.00230565 -0.046847 0.00119295 -0.021183 -0.0429543 -0.0011847 0.019312 -0.0236906 0.0383849 0.127009 -0.0496113 0.120092 -0.123569 1.63772 -0.0848551 -0.48789 -0.173831 -0.010601 -0.104997 0.0400708 0.491869 -1.20307 -0.0203118 -0.306683 -0.093021 -0.0972318 
0.0316348 0.0395558 -0.029871 0.00230565 -0.046847 0.00119295 -0.0211968 -0.0429626 -0.0011847 0.0193158 -0.0236906 0.0383849 0.127009 -0.0496113 0.120093 -0.123566 1.63772 -0.0848572 -0.48789 -0.173831 -0.010603 -0.104974 0.040072 0.484127 -1.2085 -0.0203118 -0.306683 -0.0930198 -0.0972294 
0.0316401 0.0395474 -0.0298684 0.00230565 -0.046847 0.00119295 -0.0211995 -0.0429626 -0.0011847 0.0193158 -0.0236906 0.0383849 0.127004 -0.0496113 0.120094 -0.123565 1.63772 -0.084861 -0.487889 -0.17383 -0.0105879 -0.104958 0.0400786 0.474389 -1.21532 -0.0203154 -0.306685 -0.093021 -0.0972378 
0.0316458 0.0395418 -0.0298684 0.00230565 -0.0468483 0.00119535 -0.0211914 -0.0429709 -0.00118208 0.0193158 -0.0236906 0.0383849 0.127005 -0.0496113 0.120093 -0.123567 1.63772 -0.0848584 -0.48789 -0.173831 -0.0105863 -0.104824 0.0400879 0.46663 -1.22095 -0.0203179 -0.306686 -0.093021 -0.0972474 
0.0316458 0.0395418 -0.0298655 0.00230565 -0.0468483 0.00119535 -0.0211856 -0.0429654 -0.0011847 0.0193158 -0.023688 0.0383896 0.127009 -0.0496113 0.120093 -0.123567 1.63772 -0.0848572 -0.48789 -0.173832 -0.0105963 -0.104713 0.0401514 0.45889 -1.22666 -0.0203081 -0.306683 -0.0930198 -0.0972294 
0.0316513 0.0395474 -0.029871 0.00230565 -0.0468483 0.00119535 -0.0211914 -0.0429654 -0.0011847 0.0193158 -0.023688 0.0383896 0.127005 -0.0496113 0.120093 -0.123564 1.63772 -0.0848596 -0.48789 -0.173831 -0.0105984 -0.104669 0.0402277 0.450199 -1.23314 -0.0203136 -0.306691 -0.0930234 -0.0971935 
0.0316458 0.0395474 -0.0298684 0.00230565 -0.0468483 0.00119535 -0.021194 -0.0429709 -0.0011847 0.0193158 -0.023688 0.0383896 0.127005 -0.0496113 0.120094 -0.123566 1.63772 -0.084861 -0.487889 -0.173831 -0.0105908 -0.104668 0.0403082 0.442451 -1.23873 -0.0203179 -0.306691 -0.093021 -0.0971959 
0.0316458 0.0395474 -0.0298655 0.00230565 -0.0468483 0.00119535 -0.021183 -0.0429626 -0.0011847 0.0193158 -0.023688 0.0383896 0.127009 -0.0496113 0.120092 -0.123571 1.63772 -0.0848541 -0.487891 -0.173832 -0.0105925 -0.104658 0.0404992 0.43363 -1.24505 -0.0203081 -0.306688 -0.093021 -0.0971828 
0.0316541 0.0395364 -0.0298655 0.00230565 -0.0468496 0.00119776 -0.021183 -0.0429626 -0.00118756 0.0193158 -0.023688 0.0383896 0.127009 -0.0496113 0.120093 -0.123568 1.63772 -0.0848551 -0.48789 -0.173831 -0.0106015 -0.104617 0.0407219 0.425847 -1.25056 -0.0203149 -0.306689 -0.093021 -0.0971528 
0.0316458 0.039528 -0.0298655 0.00230565 -0.0468483 0.00120016 -0.0211914 -0.0429654 -0.00118756 0.0193158 -0.023688 0.0383896 0.127001 -0.049608 0.120094 -0.123563 1.63772 -0.0848606 -0.487889 -0.17383 -0.0105956 -0.10457 0.0409389 0.417989 -1.25598 -0.020324 -0.3067 -0.093021 -0.09719 
0.0316262 0.0395253 -0.0298655 0.00230565 -0.0468432 0.00119053 -0.0211914 -0.0429654 -0.00118756 0.0193158 -0.023688 0.0383896 0.127001 -0.049608 0.120094 -0.123565 1.63772 -0.0848606 -0.487889 -0.17383 -0.0105832 -0.104566 0.0411732 0.409112 -1.2618 -0.0203221 -0.306701 -0.0930234 -0.097239 
0.0316153 0.0395391 -0.0298655 0.00230565 -0.0468445 0.00118813 -0.0211914 -0.0429626 -0.00118756 0.0193158 -0.023688 0.0383896 0.12702 -0.0496099 0.120093 -0.123566 1.63772 -0.0848584 -0.487889 -0.173831 -0.0105824 -0.104528 0.0413313 0.401111 -1.26677 -0.0203247 -0.306699 -0.0930115 -0.0972426 
0.0316126 0.0395558 -0.0298793 0.00230565 -0.0468445 0.00118813 -0.0211856 -0.0429626 -0.00118756 0.0193158 -0.023688 0.0383896 0.127026 -0.0496125 0.120092 -0.123566 1.63771 -0.0848584 -0.48789 -0.173832 -0.0105915 -0.104467 0.0414119 0.39314 -1.27162 -0.0203404 -0.306706 -0.0930139 -0.0972127 
0.0315957 0.0395558 -0.029871 0.00230565 -0.0468406 0.00118091 -0.0211995 -0.0429626 -0.0011847 0.0193158 -0.023688 0.0383896 0.127024 -0.0496137 0.120094 -0.123566 1.63772 -0.0848584 -0.48789 -0.173831 -0.0105815 -0.104442 0.041455 0.384284 -1.27688 -0.0200348 -0.306717 -0.0930188 -0.0972246 
0.0315986 0.0395418 -0.029871 0.00230565 -0.0468445 0.00118813 -0.0211995 -0.0429709 -0.00118208 0.0193158 -0.023688 0.0383896 0.127023 -0.0496113 0.120093 -0.123566 1.63772 -0.0848565 -0.48789 -0.173832 -0.0105722 -0.104468 0.0415931 0.37627 -1.28159 -0.0194609 -0.30672 -0.0930198 -0.0972582 
0.0316348 0.0395169 -0.0298655 0.00230565 -0.0468496 0.00119776 -0.021194 -0.0429709 -0.00119042 0.0193158 -0.023688 0.0383896 0.127023 -0.0496094 0.120091 -0.123566 1.63772 -0.0848584 -0.48789 -0.173831 -0.0105798 -0.104577 0.0418231 0.368184 -1.2861 -0.0186054 -0.306716 -0.0930198 -0.0972582 
0.0316653 0.039528 -0.0298684 0.00231312 -0.0468496 0.00119776 -0.0211914 -0.0429682 -0.00119042 0.0193158 -0.023688 0.0383896 0.12702 -0.0496113 0.120092 -0.123562 1.63772 -0.084862 -0.487889 -0.173832 -0.0105929 -0.104918 0.0418823 0.359232 -1.29074 -0.0170817 -0.306752 -0.0930234 -0.0972593 
0.0316596 0.039528 -0.029871 0.00231312 -0.046847 0.00119295 -0.0211914 -0.0429654 -0.00119042 0.0193158 -0.023688 0.0383896 0.12702 -0.0496099 0.120093 -0.123563 1.63772 -0.084862 -0.487889 -0.17383 -0.0105929 -0.105469 0.0416503 0.35131 -1.2948 -0.0155326 -0.306756 -0.0930234 -0.0972749 
0.0316513 0.039528 -0.029871 0.00231312 -0.046847 0.00119295 -0.021183 -0.0429709 -0.00119042 0.0193158 -0.023688 0.0383896 0.127026 -0.0496125 0.120092 -0.123566 1.63772 -0.0848572 -0.48789 -0.173832 -0.0105929 -0.105963 0.0413415 0.343428 -1.29865 -0.0141637 -0.306772 -0.0930188 -0.0972785 
0.0316622 0.0395474 -0.0298765 0.00231312 -0.0468496 0.00118815 -0.021183 -0.0429682 -0.00119042 0.0193158 -0.023688 0.0383896 0.127031 -0.0496137 0.120092 -0.123566 1.63771 -0.0848572 -0.48789 -0.173832 -0.0105956 -0.106165 0.0410614 0.334435 -1.30277 -0.0129155 -0.306884 -0.0930139 -0.0971588 
0.0316734 0.0395558 -0.0298765 0.00231312 -0.0468496 0.00118815 -0.0211856 -0.0429709 -0.0011847 0.0193158 -0.023688 0.0383896 0.127031 -0.0496118 0.120095 -0.123565 1.63772 -0.0848584 -0.48789 -0.17383 -0.0105977 -0.106174 0.0409424 0.326327 -1.30667 -0.0122179 -0.307002 -0.0930259 -0.0971169 
0.0316513 0.0395224 -0.0298655 0.00231312 -0.046847 0.00119295 -0.0211914 -0.0429682 -0.00117636 0.0193158 -0.023688 0.0383896 0.127026 -0.0496118 0.120093 -0.123567 1.63772 -0.0848584 -0.48789 -0.173831 -0.0105863 -0.106165 0.0409021 0.31718 -1.31118 -0.0119365 -0.307033 -0.0930283 -0.0971421 
0.0316596 0.039528 -0.0298655 0.00230565 -0.046847 0.00119295 -0.0211856 -0.0429626 -0.00118208 0.0193158 -0.023688 0.0383896 0.127026 -0.0496113 0.120092 -0.123567 1.63772 -0.0848572 -0.48789 -0.173831 -0.0105846 -0.106168 0.0408974 0.308992 -1.31504 -0.0119244 -0.307036 -0.0930115 -0.0970966 
0.0316792 0.0395474 -0.0298655 0.00230565 -0.0468509 0.00119056 -0.021183 -0.0429626 -0.0011847 0.0193158 -0.023688 0.0383896 0.127031 -0.0496113 0.120094 -0.123565 1.63772 -0.0848582 -0.487891 -0.173831 -0.0105915 -0.106171 0.0409048 0.300736 -1.31886 -0.0119244 -0.307068 -0.0930091 -0.0970008 
0.0316653 0.0395335 -0.0298655 0.00230565 -0.0468509 0.00119056 -0.0211856 -0.0429626 -0.00118208 0.0193158 -0.023688 0.0383896 0.127026 -0.0496113 0.120094 -0.123565 1.63772 -0.084861 -0.48789 -0.17383 -0.0105956 -0.106128 0.0409088 0.291527 -1.32292 -0.0119163 -0.30711 -0.0930294 -0.0969901 
0.0316348 0.039528 -0.02986 0.00230565 -0.0468458 0.00120015 -0.0211914 -0.0429626 -0.00118208 0.0193158 -0.023688 0.0383896 0.127028 -0.0496113 0.120093 -0.123568 1.63772 -0.0848572 -0.487889 -0.173832 -0.0105915 -0.10619 0.0409069 0.283315 -1.32625 -0.0119048 -0.307113 -0.0930188 -0.0970129 
0.0316401 0.0395502 -0.029871 0.00230565 -0.0468509 0.00119056 -0.0211914 -0.0429571 -0.0011847 0.0193158 -0.023688 0.0383896 0.127031 -0.0496113 0.120093 -0.123566 1.63772 -0.0848582 -0.48789 -0.173832 -0.0105929 -0.106241 0.0409033 0.274916 -1.32939 -0.0118964 -0.307115 -0.0929971 -0.0969841 
0.0316458 0.039564 -0.029871 0.00230565 -0.046847 0.00119295 -0.0211914 -0.0429682 -0.00118208 0.0193158 -0.023688 0.0383896 0.127031 -0.0496113 0.120095 -0.123565 1.63772 -0.084861 -0.48789 -0.173831 -0.0105968 -0.106199 0.0408978 0.265305 -1.33286 -0.0118914 -0.307168 -0.0930294 -0.0969517 
0.0316095 0.0395418 -0.0298684 0.00230565 -0.0468445 0.00118813 -0.021194 -0.0429682 -0.00117636 0.0193158 -0.023688 0.0383896 0.127028 -0.0496118 0.120094 -0.123567 1.63773 -0.0848584 -0.487889 -0.173831 -0.0105832 -0.106226 0.0409265 0.256671 -1.33569 -0.0118914 -0.307179 -0.0930378 -0.097002 
0.0316207 0.0395558 -0.0298684 0.00230565 -0.046847 0.00118334 -0.0211914 -0.0429571 -0.0011847 0.0193158 -0.023688 0.0383896 0.127031 -0.0496137 0.120094 -0.123567 1.63771 -0.0848565 -0.487891 -0.173832 -0.0105808 -0.106243 0.0409303 0.246773 -1.33847 -0.0118914 -0.307179 -0.0929887 -0.097008 
0.0316458 0.0395613 -0.029871 0.00230565 -0.046847 0.00118334 -0.0211914 -0.0429626 -0.00118756 0.0193158 -0.023688 0.0383896 0.127031 -0.0496125 0.120095 -0.123566 1.63771 -0.0848606 -0.487891 -0.173831 -0.0105915 -0.106165 0.0409491 0.23796 -1.3408 -0.0118901 -0.307245 -0.0930283 -0.0969733 
0.0316262 0.0395391 -0.0298684 0.00230565 -0.0468445 0.00118813 -0.0211914 -0.0429709 -0.00118756 0.0193158 -0.023688 0.0383896 0.127026 -0.0496118 0.120094 -0.123566 1.63773 -0.0848596 -0.487889 -0.173831 -0.0105884 -0.106123 0.0409694 0.229222 -1.34319 -0.0118901 -0.307287 -0.0930547 -0.0970248 
0.0316153 0.0395418 -0.0298684 0.00230565 -0.046847 0.00118334 -0.0211914 -0.0429654 -0.00118756 0.0193158 -0.023688 0.0383896 0.127026 -0.0496118 0.120093 -0.123566 1.63772 -0.0848572 -0.48789 -0.173831 -0.0105808 -0.106187 0.0409768 0.219119 -1.34583 -0.0118742 -0.307284 -0.0929911 -0.09705 
0.0316291 0.0395558 -0.029871 0.00230565 -0.046847 0.00118334 -0.0211914 -0.0429626 -0.00119042 0.0193158 -0.023688 0.0383896 0.127031 -0.0496118 0.120094 -0.123565 1.63771 -0.0848584 -0.487892 -0.173831 -0.0105925 -0.106157 0.0409632 0.210023 -1.3479 -0.0118699 -0.307375 -0.0930128 -0.097008 
0.0316069 0.0395418 -0.029871 0.00230565 -0.046847 0.00118334 -0.0211914 -0.0429682 -0.00118208 0.0193158 -0.023688 0.0383896 0.127031 -0.0496113 0.120094 -0.123565 1.63773 -0.0848584 -0.48789 -0.173831 -0.0105898 -0.106125 0.040978 0.200991 -1.34961 -0.0118712 -0.307469 -0.0930606 -0.0971229 
0.0315819 0.0395474 -0.029871 0.00230565 -0.0468431 0.00117611 -0.0211995 -0.0429654 -0.00117636 0.0193158 -0.023688 0.0383896 0.127031 -0.0496125 0.120093 -0.123567 1.63772 -0.0848582 -0.48789 -0.173832 -0.0105762 -0.106217 0.0409968 0.19066 -1.35108 -0.0118597 -0.307472 -0.0930128 -0.0972498 
0.0315957 0.039564 -0.029871 0.00230565 -0.046847 0.00118334 -0.0211914 -0.0429515 -0.00118756 0.0193158 -0.023688 0.0383896 0.127031 -0.0496118 0.120094 -0.123566 1.6377 -0.0848584 -0.487894 -0.173831 -0.0105748 -0.106198 0.040962 0.181134 -1.35211 -0.0118474 -0.307522 -0.0930128 -0.0972521 
0.0316014 0.0395391 -0.0298655 0.00230565 -0.046847 0.00118334 -0.0211968 -0.0429709 -0.0011847 0.0193158 -0.023688 0.0383896 0.127028 -0.0496113 0.120094 -0.123566 1.63773 -0.0848584 -0.487891 -0.173832 -0.0105777 -0.106219 0.040978 0.170469 -1.35314 -0.0118437 -0.30762 -0.0930737 -0.0973539 
0.0315847 0.0395391 -0.0298655 0.00230565 -0.0468431 0.00117611 -0.0211995 -0.0429654 -0.0011847 0.0193158 -0.023688 0.0383896 0.127028 -0.0496113 0.120095 -0.123567 1.63772 -0.0848565 -0.48789 -0.173831 -0.0105693 -0.10632 0.0409997 0.161061 -1.3539 -0.0118474 -0.307632 -0.0930188 -0.0974927 
0.0315986 0.0395669 -0.0298655 0.00230565 -0.046847 0.00118334 -0.0211914 -0.0429626 -0.00119042 0.0193158 -0.023688 0.0383896 0.127031 -0.0496118 0.120093 -0.123565 1.6377 -0.0848606 -0.487895 -0.173831 -0.0105762 -0.106297 0.040978 0.151445 -1.35463 -0.0118395 -0.307645 -0.0930139 -0.0974963 
0.0315957 0.0395364 -0.0298655 0.00230565 -0.046847 0.00118334 -0.0211968 -0.0429709 -0.00118208 0.0193158 -0.023688 0.0383896 0.127028 -0.0496113 0.120094 -0.123566 1.63773 -0.0848596 -0.487891 -0.173831 -0.0105824 -0.106269 0.0409749 0.140699 -1.35554 -0.0118339 -0.307729 -0.093087 -0.0976603 
0.0315709 0.0395502 -0.0298655 0.00230565 -0.0468431 0.00117611 -0.0211995 -0.0429765 -0.00117636 0.0193158 -0.023688 0.0383896 0.127028 -0.0496125 0.120094 -0.123567 1.63772 -0.0848572 -0.487891 -0.173832 -0.010566 -0.106347 0.0409815 0.131177 -1.35631 -0.0118346 -0.307747 -0.0930367 -0.0977572 
0.0316069 0.0395724 -0.0298684 0.00230565 -0.046847 0.00118334 -0.0211914 -0.0429626 -0.0011847 0.0193158 -0.023688 0.0383896 0.127031 -0.0496113 0.120093 -0.123566 1.6377 -0.0848584 -0.487895 -0.173831 -0.0105646 -0.106389 0.0409706 0.121354 -1.35701 -0.0118297 -0.307777 -0.0930188 -0.0977464 
0.0316236 0.0395364 -0.0298655 0.00230565 -0.0468445 0.00118813 -0.0211914 -0.0429765 -0.00117636 0.0193158 -0.023688 0.0383896 0.127031 -0.0496125 0.120094 -0.123566 1.63772 -0.0848584 -0.487894 -0.173831 -0.01057 -0.106314 0.0409722 0.109264 -1.35782 -0.0118309 -0.307919 -0.0930929 -0.0977512 
0.0316069 0.0395364 -0.0298572 0.00230565 -0.046847 0.00118334 -0.0211968 -0.0429709 -0.00117373 0.0193158 -0.023688 0.0383896 0.127028 -0.0496118 0.120094 -0.123568 1.63772 -0.0848565 -0.487891 -0.173831 -0.0105629 -0.106349 0.0409894 0.0997281 -1.35841 -0.0118241 -0.307932 -0.0930378 -0.0977955 
0.0316262 0.0395474 -0.02986 0.00230565 -0.0468496 0.00118815 -0.0211914 -0.0429654 -0.0011847 0.0193158 -0.023688 0.0383896 0.127031 -0.0496118 0.120093 -0.123566 1.6377 -0.0848584 -0.487895 -0.173831 -0.0105684 -0.106379 0.0409698 0.0899453 -1.359 -0.0118194 -0.307967 -0.0930055 -0.0977991 
0.0316348 0.0395364 -0.02986 0.00230565 -0.046847 0.00119295 -0.0211914 -0.0429709 -0.00117636 0.0193158 -0.023688 0.0383896 0.127028 -0.0496118 0.120094 -0.123566 1.63772 -0.0848596 -0.487893 -0.173831 -0.0105782 -0.10633 0.0409706 0.0790262 -1.35968 -0.0118175 -0.30812 -0.0930678 -0.0978026 
0.0315931 0.0395335 -0.02986 0.00230565 -0.0468445 0.00118813 -0.021194 -0.0429709 -0.00117636 0.0193158 -0.023688 0.0383896 0.127026 -0.0496113 0.120094 -0.123567 1.63772 -0.0848582 -0.487891 -0.173831 -0.0105729 -0.106335 0.0409782 0.0694993 -1.36022 -0.0118204 -0.308147 -0.0930378 -0.0979379 
0.0315957 0.0395418 -0.0298655 0.00230565 -0.0468445 0.00118813 -0.0211914 -0.0429654 -0.00117636 0.0193158 -0.023688 0.0383896 0.127031 -0.0496118 0.120095 -0.123566 1.6377 -0.0848584 -0.487894 -0.173832 -0.01057 -0.106379 0.0409768 0.0596888 -1.36064 -0.0118175 -0.308165 -0.0930055 -0.0979475 
0.0316069 0.0395391 -0.02986 0.00230565 -0.0468445 0.00118813 -0.021194 -0.0429682 -0.00117373 0.0193158 -0.023688 0.0383896 0.127031 -0.0496113 0.120094 -0.123565 1.63771 -0.0848596 -0.487894 -0.173832 -0.0105815 -0.106322 0.040978 0.0486634 -1.36096 -0.0118175 -0.308303 -0.0930511 -0.0979571 
0.0315764 0.039528 -0.02986 0.00230565 -0.0468431 0.00118565 -0.0211995 -0.0429654 -0.00117087 0.0193158 -0.023688 0.0383896 0.127028 -0.0496125 0.120093 -0.123567 1.63772 -0.0848565 -0.487893 -0.173831 -0.01057 -0.106315 0.0409808 0.0390606 -1.36114 -0.0118181 -0.308335 -0.0930414 -0.0980361 
0.0315931 0.0395364 -0.0298655 0.00231312 -0.046847 0.00119295 -0.0211914 -0.0429626 -0.00117373 0.0193158 -0.023688 0.0383896 0.127031 -0.0496118 0.120093 -0.123566 1.6377 -0.0848584 -0.487895 -0.173831 -0.010679 -0.106384 0.0409749 0.0281079 -1.36127 -0.0118157 -0.308352 -0.0930055 -0.0980468 
0.0316126 0.0395418 -0.02986 0.00230565 -0.0468483 0.00119535 -0.0211914 -0.0429626 -0.00117636 0.0193158 -0.023688 0.0383896 0.127031 -0.0496118 0.120095 -0.123565 1.63771 -0.0848606 -0.487894 -0.173831 -0.0107596 -0.106364 0.0409727 0.0184345 -1.36134 -0.0118151 -0.308445 -0.0930343 -0.0980085 
0.0315957 0.0395253 -0.0298572 0.00230565 -0.046847 0.00119775 -0.0211995 -0.0429682 -0.00117087 0.0193158 -0.023688 0.0383896 0.127026 -0.0496113 0.120094 -0.123566 1.63771 -0.0848606 -0.487891 -0.173831 -0.0109189 -0.106323 0.0409727 0.00907493 -1.3614 -0.0118151 -0.308485 -0.0930511 -0.0980301 
0.0315874 0.039528 -0.0298572 0.00230565 -0.0468483 0.00119535 -0.0211914 -0.0429654 -0.00117373 0.0193158 -0.023688 0.0383896 0.127028 -0.0496118 0.120093 -0.123566 1.63771 -0.0848556 -0.487894 -0.173832 -0.0113044 -0.106362 0.0409679 -0.00145841 -1.36144 -0.0118139 -0.308485 -0.0930188 -0.098042 
0.0316095 0.0395391 -0.02986 0.00230565 -0.0468483 0.00119535 -0.0211914 -0.0429654 -0.00117636 0.0193158 -0.023688 0.0383896 0.127031 -0.0496118 0.120094 -0.123565 1.63771 -0.084861 -0.487894 -0.173831 -0.0116315 -0.106329 0.0409694 -0.0107453 -1.36149 -0.0118144 -0.30855 -0.0930234 -0.0979702 
0.0316069 0.0395418 -0.02986 0.00230565 -0.046847 0.00119295 -0.0211968 -0.0429654 -0.00117087 0.0193158 -0.023688 0.0383896 0.127028 -0.0496113 0.120094 -0.123564 1.63771 -0.0848606 -0.487894 -0.17383 -0.0119562 -0.106284 0.0409722 -0.019839 -1.36155 -0.0118151 -0.308614 -0.0930451 -0.0980097 
0.0315847 0.039528 -0.0298572 0.00230565 -0.046847 0.00119295 -0.0211914 -0.0429654 -0.00117087 0.0193158 -0.023688 0.0383896 0.127028 -0.0496118 0.120093 -0.12357 1.63771 -0.0848556 -0.487891 -0.173832 -0.0125217 -0.106286 0.0409706 -0.0299571 -1.36162 -0.0118144 -0.308619 -0.0930355 -0.0980564 
0.0315986 0.0395418 -0.02986 0.00230565 -0.0468496 0.00119776 -0.0211914 -0.0429654 -0.00117636 0.0193158 -0.023688 0.0383896 0.127031 -0.0496113 0.120094 -0.123566 1.6377 -0.0848572 -0.487894 -0.173831 -0.0130982 -0.106301 0.0409706 -0.038975 -1.36168 -0.0118139 -0.308631 -0.0930259 -0.0980564 
0.0316153 0.0395418 -0.02986 0.00230565 -0.046847 0.00119295 -0.021194 -0.0429682 -0.00117636 0.0193158 -0.023688 0.0383896 0.127031 -0.0496113 0.120095 -0.123565 1.63771 -0.0848606 -0.487894 -0.173831 -0.0137606 -0.106268 0.0410109 -0.0490336 -1.36175 -0.0118157 -0.3087 -0.0930402 -0.0980397 
0.0315957 0.039528 -0.02986 0.00230565 -0.0468406 0.00118091 -0.021194 -0.0429709 -0.00117636 0.019312 -0.023688 0.0383896 0.127026 -0.0496113 0.120094 -0.123566 1.63771 -0.0848596 -0.487893 -0.17383 -0.0145535 -0.106257 0.0410218 -0.0578258 -1.36178 -0.011817 -0.308712 -0.0930402 -0.0980755 
0.0315931 0.039528 -0.0298572 0.00230565 -0.0468419 0.00118332 -0.0211856 -0.0429709 -0.00117636 0.019312 -0.023688 0.0383896 0.127031 -0.0496125 0.120094 -0.123568 1.63771 -0.0848572 -0.487895 -0.173832 -0.0154827 -0.106257 0.0410218 -0.0665817 -1.3618 -0.0118157 -0.308708 -0.0930319 -0.0980923 
0.0316095 0.039528 -0.02986 0.00230565 -0.046847 0.00119775 -0.0211856 -0.0429709 -0.00117636 0.0193158 -0.023688 0.0383896 0.127031 -0.0496118 0.120094 -0.123565 1.63771 -0.0848584 -0.487894 -0.173831 -0.0164618 -0.106246 0.0410473 -0.0763984 -1.36183 -0.011817 -0.308742 -0.0930355 -0.0980791 
0.0316095 0.0395253 -0.02986 0.00230565 -0.0468432 0.00119053 -0.0211995 -0.0429709 -0.00117636 0.0193158 -0.023688 0.0383896 0.127028 -0.0496113 0.120095 -0.123565 1.63771 -0.0848606 -0.487894 -0.17383 -0.0173683 -0.106205 0.0410614 -0.0849209 -1.36186 -0.0118181 -0.308772 -0.0930402 -0.0980864 
0.0316014 0.0395253 -0.0298572 0.00230565 -0.0468432 0.00119053 -0.021194 -0.0429709 -0.00117636 0.0193158 -0.023688 0.0383896 0.127026 -0.0496113 0.120094 -0.123566 1.63771 -0.0848584 -0.487894 -0.173831 -0.0184634 -0.106241 0.0410528 -0.0934846 -1.36192 -0.011817 -0.308773 -0.0930367 -0.098103 
0.0316153 0.0395224 -0.02986 0.00230565 -0.0468483 0.00120016 -0.021183 -0.0429709 -0.00117636 0.0193158 -0.023688 0.0383896 0.127031 -0.0496113 0.120093 -0.123567 1.63771 -0.0848582 -0.487894 -0.173831 -0.0197055 -0.106276 0.0410559 -0.1031 -1.36206 -0.011817 -0.30879 -0.0930367 -0.0980791 
0.0316153 0.0395335 -0.02986 0.00230565 -0.0468483 0.00120016 -0.0211914 -0.0429765 -0.00117636 0.0193158 -0.023688 0.0383896 0.127028 -0.0496113 0.120095 -0.123564 1.63771 -0.0848606 -0.487893 -0.173831 -0.0207281 -0.106279 0.0410643 -0.111431 -1.36216 -0.0118204 -0.308851 -0.0930367 -0.0980636 
0.0315957 0.0395335 -0.02986 0.00230565 -0.0468432 0.00119053 -0.0211995 -0.0429765 -0.00117636 0.0193158 -0.023688 0.0383896 0.127028 -0.0496113 0.120094 -0.123565 1.63771 -0.084861 -0.487894 -0.17383 -0.0218606 -0.106262 0.0410151 -0.119727 -1.36219 -0.0118175 -0.308859 -0.0930378 -0.0980755 
0.0316069 0.0395253 -0.02986 0.00230565 -0.0468432 0.00119053 -0.0211856 -0.0429654 -0.00117636 0.019312 -0.023688 0.0383896 0.127028 -0.0496125 0.120093 -0.123568 1.63771 -0.0848572 -0.487894 -0.173832 -0.0232933 -0.106309 0.0409851 -0.129115 -1.3622 -0.0118108 -0.308856 -0.0930319 -0.098072 
0.0316262 0.0395335 -0.02986 0.00230565 -0.0468432 0.00119053 -0.0211804 -0.0429654 -0.00117636 0.019312 -0.023688 0.0383896 0.127031 -0.0496118 0.120094 -0.123567 1.63771 -0.0848565 -0.487895 -0.173832 -0.0244756 -0.106275 0.0409808 -0.137436 -1.36221 -0.0118139 -0.308882 -0.0930355 -0.098048 
0.0316207 0.0395364 -0.02986 0.00230565 -0.0468483 0.00120016 -0.0211914 -0.0429709 -0.00117636 0.0193232 -0.023688 0.0383896 0.127031 -0.0496125 0.120094 -0.123566 1.63771 -0.0848606 -0.487894 -0.173832 -0.0255232 -0.106204 0.0409992 -0.145541 -1.36222 -0.0118175 -0.308917 -0.0930451 -0.098048 
0.0316095 0.039528 -0.02986 0.00230565 -0.0468458 0.00119535 -0.0211995 -0.0429765 -0.00117636 0.0193232 -0.023688 0.0383896 0.127026 -0.0496113 0.120094 -0.123566 1.63771 -0.0848584 -0.487893 -0.17383 -0.0268354 -0.106185 0.0409992 -0.154589 -1.36222 -0.0118157 -0.308921 -0.0930378 -0.0980875 
0.0316236 0.039528 -0.02986 0.00230565 -0.0468458 0.00119535 -0.0211856 -0.0429709 -0.00117636 0.019312 -0.023688 0.0383896 0.127028 -0.0496125 0.120094 -0.123567 1.63771 -0.0848572 -0.487895 -0.173832 -0.0280406 -0.106197 0.0409863 -0.162842 -1.36223 -0.0118127 -0.308915 -0.0930319 -0.0980768 
0.0316291 0.0395335 -0.02986 0.00230565 -0.0468471 0.00120256 -0.0211804 -0.0429709 -0.00117636 0.019312 -0.023688 0.0383896 0.127031 -0.0496118 0.120094 -0.123566 1.63771 -0.0848572 -0.487895 -0.173832 -0.0291271 -0.106133 0.0410297 -0.171952 -1.36224 -0.0118157 -0.308976 -0.0930378 -0.0980528 
0.0316069 0.0395335 -0.02986 0.00230565 -0.0468471 0.00120256 -0.0211914 -0.0429709 -0.00117636 0.0193158 -0.023688 0.0383896 0.127028 -0.0496113 0.120095 -0.123565 1.63771 -0.0848596 -0.487894 -0.173831 -0.0300233 -0.106081 0.041064 -0.179823 -1.36224 -0.0118204 -0.309001 -0.0930426 -0.0980791 
0.0315874 0.0395335 -0.02986 0.00230565 -0.0468432 0.00119053 -0.0211995 -0.0429709 -0.00117636 0.0193158 -0.023688 0.0383896 0.127026 -0.0496113 0.120094 -0.123566 1.63771 -0.0848582 -0.487894 -0.173831 -0.0311286 -0.106065 0.0410528 -0.187891 -1.36224 -0.011812 -0.309003 -0.0930355 -0.0981067 
0.0316069 0.039528 -0.0298655 0.00230565 -0.0468432 0.00119053 -0.0211914 -0.0429709 -0.00117636 0.019312 -0.023688 0.0383896 0.127031 -0.0496125 0.120094 -0.123567 1.63771 -0.0848582 -0.487895 -0.173831 -0.0324023 -0.106091 0.0410371 -0.197124 -1.36224 -0.0118072 -0.309035 -0.0930343 -0.098066 
0.0316069 0.039528 -0.02986 0.00230565 -0.0468483 0.00120016 -0.021183 -0.0429709 -0.00117636 0.019312 -0.023688 0.0383896 0.127031 -0.0496118 0.120095 -0.123566 1.63771 -0.0848572 -0.487895 -0.173831 -0.0333345 -0.106075 0.0410438 -0.205101 -1.36225 -0.0118072 -0.309125 -0.0930367 -0.0980361 
0.0315931 0.039528 -0.02986 0.00230565 -0.0468432 0.00120975 -0.0211914 -0.0429709 -0.00117636 0.0193158 -0.023688 0.0383896 0.127028 -0.0496113 0.120095 -0.123565 1.63771 -0.0848606 -0.487894 -0.173831 -0.0342655 -0.10605 0.0410583 -0.212921 -1.36225 -0.0118114 -0.309144 -0.0930367 -0.0980552 
0.0315931 0.0395364 -0.02986 0.00230565 -0.0468419 0.00119293 -0.0211995 -0.0429765 -0.00117636 0.0193158 -0.023688 0.0383896 0.127026 -0.0496113 0.120093 -0.123565 1.63771 -0.0848584 -0.487892 -0.173831 -0.0355854 -0.106047 0.0410528 -0.221796 -1.36225 -0.0118072 -0.309144 -0.0930355 -0.098066 
0.0315957 0.0395364 -0.0298655 0.00230565 -0.0468445 0.00119774 -0.0211914 -0.0429709 -0.00117636 0.0193158 -0.023688 0.0383896 0.127031 -0.0496118 0.120094 -0.123566 1.63771 -0.0848582 -0.487894 -0.173831 -0.0368516 -0.106055 0.0410366 -0.229701 -1.36225 -0.0118035 -0.309174 -0.0930294 -0.0980217 
0.0315874 0.0395364 -0.02986 0.00230565 -0.0468458 0.00120015 -0.0211914 -0.0429709 -0.00117636 0.0193158 -0.023688 0.0383896 0.127032 -0.0496137 0.120093 -0.123567 1.63771 -0.0848582 -0.487895 -0.173831 -0.0380099 -0.106052 0.0410438 -0.237445 -1.36225 -0.0118059 -0.309258 -0.0930367 -0.0979834 
0.0315681 0.0395364 -0.02986 0.00230565 -0.0468458 0.00119535 -0.0211968 -0.0429709 -0.00117636 0.0193158 -0.023688 0.0383896 0.127031 -0.0496118 0.120094 -0.123565 1.63771 -0.0848584 -0.487894 -0.17383 -0.0393798 -0.106039 0.0410702 -0.245791 -1.36225 -0.0118096 -0.30928 -0.0930402 -0.0980397 
0.0315681 0.0395418 -0.02986 0.00230565 -0.0468432 0.00119053 -0.0211995 -0.0429709 -0.00117636 0.0193158 -0.023688 0.0383896 0.127031 -0.0496113 0.120094 -0.123567 1.63771 -0.0848582 -0.487894 -0.173831 -0.0407646 -0.106035 0.0410702 -0.253253 -1.36225 -0.0118072 -0.309283 -0.0930355 -0.098066 
0.0315819 0.0395418 -0.0298655 0.00230565 -0.0468432 0.00119053 -0.0211968 -0.0429765 -0.00117636 0.0193158 -0.023688 0.0383896 0.127031 -0.0496125 0.120093 -0.123567 1.63771 -0.0848584 -0.487895 -0.173831 -0.0423694 -0.10604 0.0410573 -0.261709 -1.36225 -0.0118035 -0.309295 -0.0930355 -0.0980611 
0.0315847 0.039528 -0.0298655 0.00230565 -0.0468432 0.00119053 -0.0211914 -0.0429765 -0.00117636 0.0193158 -0.023688 0.0383896 0.127031 -0.0496118 0.120094 -0.123566 1.63771 -0.0848596 -0.487895 -0.173832 -0.0437386 -0.106046 0.0410559 -0.269031 -1.36225 -0.011804 -0.309354 -0.0930355 -0.0980492 
0.0315847 0.039528 -0.02986 0.00230565 -0.0468432 0.00119053 -0.0211968 -0.0429709 -0.00117636 0.0193158 -0.023688 0.0383896 0.127031 -0.0496118 0.120094 -0.123565 1.63771 -0.0848596 -0.487894 -0.173831 -0.0452478 -0.106035 0.0410705 -0.276998 -1.36225 -0.0118066 -0.309377 -0.0930343 -0.0980827 
0.0315847 0.039528 -0.0298655 0.00230565 -0.0468432 0.00119053 -0.0211968 -0.0429765 -0.00117636 0.0193158 -0.023688 0.0383896 0.127031 -0.0496118 0.120094 -0.123566 1.63771 -0.0848596 -0.487895 -0.173831 -0.0468922 -0.106031 0.0410676 -0.284882 -1.36225 -0.0118072 -0.309381 -0.0930355 -0.0981222 
0.0315957 0.0395364 -0.0298655 0.00230565 -0.0468432 0.00119053 -0.0211914 -0.0429765 -0.00117636 0.0193158 -0.023688 0.0383896 0.127031 -0.0496118 0.120094 -0.123566 1.63771 -0.0848572 -0.487895 -0.17383 -0.0484302 -0.106043 0.041034 -0.291904 -1.36225 -0.011804 -0.309379 -0.0930319 -0.0980541 
0.0316069 0.0395364 -0.0298655 0.00230565 -0.0468458 0.00119535 -0.0211914 -0.0429765 -0.00117636 0.0193158 -0.023688 0.0383896 0.127031 -0.0496118 0.120094 -0.123567 1.63771 -0.0848565 -0.487894 -0.173832 -0.0498872 -0.106046 0.0410104 -0.298855 -1.36225 -0.0118022 -0.309388 -0.0930355 -0.0979116 
0.0316069 0.0395335 -0.0298655 0.00230565 -0.0468445 0.00120255 -0.0211914 -0.0429765 -0.00117636 0.0193158 -0.023688 0.0383896 0.127031 -0.0496113 0.120095 -0.123566 1.63771 -0.0848606 -0.487894 -0.173831 -0.0514059 -0.106047 0.0410042 -0.306332 -1.36225 -0.0118022 -0.309409 -0.0930367 -0.0978816 
0.0315931 0.039528 -0.02986 0.00230565 -0.0468419 0.00120735 -0.0211914 -0.0429765 -0.00117636 0.0193158 -0.023688 0.0383896 0.127031 -0.0496113 0.120094 -0.123565 1.63771 -0.0848596 -0.487895 -0.17383 -0.0527091 -0.106041 0.0410082 -0.312724 -1.36225 -0.0118035 -0.30941 -0.0930378 -0.0978816 
0.0315847 0.0395364 -0.0298655 0.00230565 -0.0468419 0.00120735 -0.0211968 -0.0429682 -0.00117636 0.0193158 -0.023688 0.0383896 0.127031 -0.0496113 0.120095 -0.123566 1.63771 -0.0848572 -0.487895 -0.173831 -0.0540283 -0.106036 0.0410156 -0.319105 -1.36225 -0.0118035 -0.309409 -0.0930355 -0.0978913 
0.0315874 0.0395364 -0.0298655 0.00230565 -0.0468419 0.00120735 -0.0211968 -0.0429654 -0.00117636 0.0193158 -0.023688 0.0383896 0.127031 -0.0496113 0.120094 -0.123566 1.63771 -0.0848582 -0.487895 -0.173831 -0.0554986 -0.106036 0.041018 -0.326239 -1.36225 -0.0118035 -0.309407 -0.0930355 -0.0978793 
0.0315874 0.0395335 -0.0298655 0.00230565 -0.0468419 0.00120735 -0.0211968 -0.0429654 -0.00117636 0.0193158 -0.023688 0.0383896 0.127031 -0.0496125 0.120094 -0.123567 1.63771 -0.0848572 -0.487894 -0.173831 -0.0566585 -0.106036 0.0410132 -0.332385 -1.36225 -0.0118022 -0.309414 -0.0930355 -0.0978506 
0.0315847 0.0395253 -0.0298655 0.00230565 -0.0468419 0.00120735 -0.0211968 -0.0429709 -0.00117636 0.0193158 -0.023688 0.0383896 0.127031 -0.0496113 0.120094 -0.123566 1.63771 -0.0848582 -0.487894 -0.173831 -0.0577822 -0.106036 0.0410104 -0.338956 -1.36225 -0.0118035 -0.309419 -0.0930343 -0.0978422 
0.0315847 0.0395224 -0.0298655 0.00230565 -0.0468419 0.00120735 -0.0211968 -0.0429709 -0.00117636 0.0193158 -0.023688 0.0383896 0.127031 -0.0496113 0.120094 -0.123566 1.63771 -0.0848584 -0.487894 -0.173832 -0.0586848 -0.106036 0.0410063 -0.344578 -1.36225 -0.0118035 -0.30942 -0.0930355 -0.097847 
0.0315957 0.0395169 -0.0298655 0.00230565 -0.0468419 0.00120735 -0.0211968 -0.0429709 -0.00117636 0.0193158 -0.023688 0.0383896 0.127031 -0.0496113 0.120094 -0.123565 1.63771 -0.0848596 -0.487894 -0.17383 -0.0595334 -0.106032 0.0410218 -0.350049 -1.36225 -0.0118035 -0.309419 -0.0930355 -0.0978565 
0.0315986 0.0395169 -0.0298655 0.00230565 -0.0468419 0.00120735 -0.021194 -0.0429709 -0.00117636 0.0193158 -0.023688 0.0383896 0.127031 -0.0496113 0.120095 -0.123566 1.63771 -0.0848596 -0.487894 -0.17383 -0.0603943 -0.10603 0.0410366 -0.356149 -1.36225 -0.011804 -0.309418 -0.0930355 -0.0978721 
0.0316207 0.0395224 -0.0298655 0.00231312 -0.0468432 0.00120975 -0.0211914 -0.0429682 -0.00118208 0.0193158 -0.023688 0.0383896 0.127031 -0.0496113 0.120095 -0.123565 1.63771 -0.0848596 -0.487895 -0.173832 -0.0610483 -0.10603 0.0410426 -0.361452 -1.36225 -0.0118059 -0.309416 -0.0930319 -0.0978781 
0.0316262 0.0395253 -0.0298655 0.00231312 -0.0468432 0.00120975 -0.0211856 -0.0429654 -0.00118208 0.0193158 -0.023688 0.0383896 0.127031 -0.0496113 0.120094 -0.123566 1.63771 -0.0848572 -0.487894 -0.173831 -0.0616107 -0.106031 0.0410366 -0.366648 -1.36225 -0.0118059 -0.30942 -0.0930319 -0.0978721 
0.0316348 0.0395224 -0.0298655 0.00231312 -0.0468432 0.00120975 -0.0211856 -0.0429709 -0.00118208 0.0193158 -0.023688 0.0383896 0.127031 -0.0496113 0.120095 -0.123566 1.63771 -0.0848584 -0.487894 -0.173832 -0.0622075 -0.106033 0.0410109 -0.372211 -1.36225 -0.011804 -0.309425 -0.0930343 -0.0978565 
0.0316262 0.0395169 -0.0298655 0.00231312 -0.0468419 0.00121215 -0.0211914 -0.0429709 -0.00117636 0.0193158 -0.023688 0.0383896 0.127031 -0.0496118 0.120094 -0.123566 1.63771 -0.0848572 -0.487894 -0.173831 -0.0627186 -0.106038 0.0409839 -0.376958 -1.36225 -0.0118035 -0.309426 -0.0930355 -0.0978518 
0.0316207 0.0395169 -0.0298655 0.00231312 -0.0468445 0.00121697 -0.0211914 -0.0429682 -0.00117636 0.0193158 -0.023688 0.0383896 0.127031 -0.0496113 0.120094 -0.123566 1.63771 -0.0848584 -0.487894 -0.173831 -0.0632317 -0.10604 0.0409694 -0.381656 -1.36225 -0.0118022 -0.309426 -0.0930355 -0.0978493 
0.0316291 0.0395169 -0.0298655 0.00231312 -0.0468445 0.00121697 -0.0211914 -0.0429654 -0.00117636 0.0193158 -0.023688 0.0383896 0.127031 -0.0496113 0.120093 -0.123566 1.63771 -0.0848584 -0.487895 -0.173831 -0.0637813 -0.106034 0.040966 -0.386884 -1.36225 -0.0118029 -0.309425 -0.0930355 -0.0978386 
0.0316401 0.0395224 -0.0298655 0.00231312 -0.0468445 0.00121697 -0.0211914 -0.0429654 -0.00118208 0.0193158 -0.023688 0.0383896 0.127031 -0.0496113 0.120094 -0.123566 1.63771 -0.0848584 -0.487894 -0.173832 -0.0642135 -0.106023 0.0409749 -0.391439 -1.36225 -0.0118029 -0.309425 -0.0930367 -0.0978338 
0.0316486 0.0395224 -0.0298655 0.00231312 -0.0468406 0.00120974 -0.0211914 -0.0429654 -0.00118208 0.019312 -0.023688 0.0383896 0.127031 -0.0496118 0.120093 -0.123566 1.63771 -0.0848584 -0.487895 -0.173831 -0.0646119 -0.106012 0.0409949 -0.396472 -1.36225 -0.0118035 -0.309426 -0.0930343 -0.0978338 
0.0316486 0.0395224 -0.0298655 0.00231312 -0.0468445 0.00121697 -0.0211856 -0.0429682 -0.0011847 0.019312 -0.023688 0.0383896 0.127031 -0.0496118 0.120094 -0.123566 1.63771 -0.0848584 -0.487895 -0.173831 -0.0649264 -0.106009 0.0410042 -0.400812 -1.36225 -0.011804 -0.309426 -0.0930319 -0.0978613 
0.0316513 0.0395169 -0.0298684 0.00231312 -0.0468419 0.00121215 -0.0211856 -0.0429765 -0.0011847 0.019312 -0.023688 0.0383896 0.127031 -0.0496118 0.120093 -0.123566 1.63771 -0.0848584 -0.487894 -0.173831 -0.0652711 -0.106009 0.0410082 -0.404995 -1.36225 -0.0118059 -0.309427 -0.0930355 -0.0978793 
0.0316513 0.0395142 -0.0298684 0.00231312 -0.0468367 0.00120252 -0.0211856 -0.0429654 -0.0011847 0.019312 -0.023688 0.0383896 0.127031 -0.0496113 0.120094 -0.123566 1.63771 -0.0848582 -0.487894 -0.173831 -0.0657246 -0.106008 0.0410044 -0.409613 -1.36225 -0.011804 -0.309428 -0.0930319 -0.0978816 
0.0316541 0.0395086 -0.029871 0.00231312 -0.0468367 0.00120252 -0.0211856 -0.0429709 -0.00118208 0.019312 -0.023688 0.0383896 0.127031 -0.0496113 0.120095 -0.123566 1.63771 -0.0848582 -0.487895 -0.17383 -0.0661802 -0.106009 0.0409968 -0.413656 -1.36225 -0.011804 -0.309427 -0.0930319 -0.0977596 
0.0316596 0.0395031 -0.0298684 0.00231312 -0.0468367 0.00120252 -0.021183 -0.0429709 -0.00118208 0.019312 -0.023688 0.0383896 0.127031 -0.0496113 0.120094 -0.123567 1.63771 -0.0848584 -0.487895 -0.173831 -0.0666797 -0.10601 0.0409997 -0.4176 -1.36225 -0.011804 -0.309429 -0.0930343 -0.0975885 
0.0316679 0.039489 -0.029871 0.00231312 -0.0468367 0.00120252 -0.0211804 -0.0429709 -0.0011847 0.019312 -0.023688 0.0383896 0.127031 -0.0496113 0.120094 -0.123566 1.63771 -0.0848584 -0.487894 -0.17383 -0.0673337 -0.106006 0.0410097 -0.421999 -1.36225 -0.0118059 -0.30943 -0.0930343 -0.0972833 
0.0316846 0.0394864 -0.0298684 0.00231312 -0.0468367 0.00120252 -0.0211804 -0.0429765 -0.0011847 0.019312 -0.023688 0.0383896 0.127031 -0.0496113 0.120093 -0.123566 1.63771 -0.0848584 -0.487894 -0.173831 -0.0680065 -0.106004 0.0410156 -0.425944 -1.36225 -0.0118059 -0.30943 -0.0930343 -0.0971001 
0.0316846 0.0394864 -0.0298684 0.00231312 -0.0468367 0.00120252 -0.0211804 -0.0429765 -0.0011847 0.019312 -0.023688 0.0383896 0.127031 -0.0496118 0.120094 -0.123566 1.63771 -0.0848584 -0.487894 -0.173831 -0.0687287 -0.106004 0.0410247 -0.42978 -1.36225 -0.0118059 -0.30943 -0.0930355 -0.0970104 
0.0316846 0.039489 -0.0298655 0.00231312 -0.0468367 0.00120252 -0.0211804 -0.0429765 -0.0011847 0.019312 -0.023688 0.0383896 0.127031 -0.0496113 0.120093 -0.123567 1.63771 -0.0848582 -0.487894 -0.173832 -0.0696003 -0.106005 0.0410171 -0.433922 -1.36225 -0.0118059 -0.30943 -0.0930355 -0.0969793 
0.0316846 0.0395142 -0.0298684 0.00230565 -0.0468367 0.00120252 -0.0211804 -0.042982 -0.0011847 0.019312 -0.023688 0.0383896 0.127031 -0.0496118 0.120093 -0.123567 1.63771 -0.0848582 -0.487895 -0.173831 -0.0704672 -0.106008 0.0409949 -0.437459 -1.36225 -0.011804 -0.309434 -0.0930355 -0.0969733 
0.0316763 0.0395142 -0.0298684 0.00230565 -0.0468367 0.00120252 -0.021183 -0.042982 -0.0011847 0.019312 -0.023688 0.0383896 0.127031 -0.0496118 0.120094 -0.123567 1.63771 -0.0848572 -0.487894 -0.173832 -0.0714273 -0.106011 0.0409465 -0.440964 -1.36225 -0.011804 -0.309435 -0.0930319 -0.0969913 
0.0316679 0.0395224 -0.0298684 0.00231312 -0.0468367 0.00120252 -0.021183 -0.0429792 -0.0011847 0.019312 -0.023688 0.0383896 0.127031 -0.0496118 0.120093 -0.123566 1.63771 -0.0848572 -0.487894 -0.173831 -0.0725996 -0.106012 0.0408926 -0.444944 -1.36225 -0.0117992 -0.309433 -0.0930319 -0.0970152 
0.0316679 0.0395224 -0.0298684 0.00231312 -0.0468367 0.00120252 -0.0211856 -0.0429792 -0.0011847 0.019312 -0.023688 0.0383896 0.127031 -0.0496113 0.120094 -0.123566 1.63771 -0.0848582 -0.487895 -0.173831 -0.0737302 -0.106009 0.0408888 -0.448555 -1.36225 -0.0117992 -0.309435 -0.0930343 -0.0970236 
0.0316653 0.0395224 -0.0298684 0.00231312 -0.0468367 0.00120252 -0.0211856 -0.0429792 -0.00118208 0.019312 -0.023688 0.0383896 0.127031 -0.0496118 0.120094 -0.123566 1.63771 -0.0848606 -0.487894 -0.17383 -0.0749259 -0.105976 0.0409491 -0.452206 -1.36225 -0.011801 -0.30944 -0.0930307 -0.0970343 
0.0316622 0.0395142 -0.029871 0.00231312 -0.0468367 0.00120252 -0.021183 -0.0429765 -0.0011847 0.019312 -0.023688 0.0383896 0.127031 -0.0496118 0.120094 -0.123567 1.63771 -0.0848584 -0.487895 -0.173831 -0.0763578 -0.105912 0.041048 -0.456492 -1.36225 -0.0118035 -0.309446 -0.0930319 -0.0970104 
0.0316679 0.0395142 -0.0298684 0.00231312 -0.0468367 0.00120252 -0.021183 -0.0429765 -0.0011847 0.019312 -0.023688 0.0383896 0.127031 -0.0496113 0.120093 -0.123566 1.63771 -0.0848582 -0.487895 -0.17383 -0.077806 -0.105885 0.0411165 -0.460534 -1.36225 -0.0118059 -0.30945 -0.0930319 -0.0968668 
0.0316846 0.0395169 -0.0298684 0.00231312 -0.0468367 0.00120252 -0.021183 -0.0429709 -0.00118756 0.019312 -0.023688 0.0383896 0.127031 -0.0496113 0.120093 -0.123567 1.63771 -0.0848584 -0.487895 -0.173832 -0.0795834 -0.105884 0.0411563 -0.465167 -1.36225 -0.0118072 -0.309473 -0.0930343 -0.0967591 
0.0316846 0.0395142 -0.0298684 0.00231312 -0.0468354 0.00120492 -0.0211804 -0.0429792 -0.00118756 0.019312 -0.023688 0.0383896 0.127031 -0.0496113 0.120093 -0.123566 1.63771 -0.0848584 -0.487895 -0.17383 -0.0811527 -0.105882 0.0411592 -0.469245 -1.36225 -0.0118072 -0.309481 -0.0930355 -0.09674 
0.0316792 0.0395142 -0.029871 0.00231312 -0.0468354 0.00120492 -0.021183 -0.0429709 -0.00118756 0.019312 -0.023688 0.0383896 0.127031 -0.0496113 0.120093 -0.123566 1.63771 -0.0848584 -0.487895 -0.173831 -0.0827773 -0.105888 0.0411072 -0.473386 -1.36225 -0.0118072 -0.309483 -0.0930367 -0.09674 
0.0316734 0.0395169 -0.0298655 0.00231312 -0.0468354 0.00120492 -0.021183 -0.042982 -0.00118756 0.019312 -0.023688 0.0383896 0.127031 -0.0496118 0.120093 -0.123567 1.63771 -0.0848572 -0.487894 -0.173831 -0.0847075 -0.105891 0.0410516 -0.478197 -1.36225 -0.0118035 -0.309482 -0.0930355 -0.0967448 
0.0316734 0.039528 -0.0298684 0.00231312 -0.0468354 0.00120492 -0.0211856 -0.0429765 -0.00118756 0.019312 -0.023688 0.0383896 0.127031 -0.0496113 0.120093 -0.123567 1.63771 -0.0848584 -0.487895 -0.173831 -0.0866823 -0.105898 0.0410044 -0.483124 -1.36225 -0.011801 -0.309484 -0.0930319 -0.0967376 
0.0316596 0.0395335 -0.0298684 0.00231312 -0.0468315 0.00121212 -0.0211914 -0.0429765 -0.00118756 0.019312 -0.023688 0.0383896 0.127031 -0.0496118 0.120094 -0.123566 1.63771 -0.0848596 -0.487894 -0.17383 -0.0884798 -0.105899 0.0409706 -0.487664 -1.36225 -0.0117992 -0.30949 -0.0930343 -0.0967339 
0.0316262 0.039528 -0.0298655 0.00230565 -0.046838 0.00120012 -0.0211914 -0.0429765 -0.00118756 0.019312 -0.023688 0.0383896 0.127031 -0.0496113 0.120094 -0.123566 1.63771 -0.0848582 -0.487895 -0.173831 -0.0905006 -0.105893 0.0410326 -0.492825 -1.36225 -0.0117992 -0.309508 -0.0930319 -0.0967364 
0.0316153 0.0395253 -0.0298655 0.00230565 -0.046838 0.00120012 -0.021194 -0.0429792 -0.00118756 0.019312 -0.023688 0.0383896 0.127031 -0.0496118 0.120093 -0.123567 1.63771 -0.0848584 -0.487894 -0.17383 -0.0923712 -0.105875 0.0411274 -0.4975 -1.36225 -0.0118035 -0.309513 -0.0930355 -0.0967376 
0.0316126 0.0395253 -0.0298655 0.00231312 -0.046838 0.00120012 -0.0211968 -0.0429792 -0.00118756 0.019312 -0.023688 0.0383896 0.127031 -0.0496113 0.120094 -0.123565 1.63771 -0.0848572 -0.487894 -0.173833 -0.0943856 -0.105861 0.0411773 -0.502332 -1.36225 -0.0118066 -0.30954 -0.0930319 -0.0967448 
0.0316126 0.039528 -0.0298655 0.00231312 -0.046838 0.00120012 -0.0211968 -0.0429792 -0.00118756 0.019312 -0.023688 0.0383896 0.127031 -0.0496113 0.120093 -0.123566 1.63771 -0.0848584 -0.487894 -0.173831 -0.0967715 -0.105854 0.0412257 -0.507868 -1.36225 -0.0118066 -0.30958 -0.0930343 -0.0967448 
0.0316095 0.039528 -0.0298684 0.00231312 -0.0468419 0.00119293 -0.0211914 -0.0429709 -0.00118756 0.019312 -0.023688 0.0383896 0.127031 -0.0496113 0.120093 -0.123566 1.63771 -0.0848582 -0.487895 -0.173831 -0.0990295 -0.105851 0.0412183 -0.51285 -1.36225 -0.011804 -0.309609 -0.0930343 -0.0967448 
0.0316153 0.0395335 -0.0298684 0.00230565 -0.046838 0.00120012 -0.0211914 -0.0429682 -0.00118756 0.019312 -0.023688 0.0383896 0.127031 -0.0496125 0.120093 -0.123567 1.63771 -0.0848584 -0.487895 -0.173831 -0.101418 -0.10585 0.0411623 -0.517948 -1.36225 -0.0118005 -0.309626 -0.0930319 -0.0967137 
0.0316153 0.0395335 -0.0298684 0.00230565 -0.0468406 0.00119533 -0.0211914 -0.0429792 -0.00118756 0.019312 -0.023688 0.0383896 0.127031 -0.0496125 0.120093 -0.123565 1.63771 -0.0848582 -0.487895 -0.173831 -0.104276 -0.105853 0.0411127 -0.523696 -1.36225 -0.0117968 -0.30966 -0.0930319 -0.0966753 
0.0316095 0.0395253 -0.0298655 0.00230565 -0.0468406 0.00119533 -0.0211914 -0.0429765 -0.00118756 0.019312 -0.023688 0.0383896 0.127031 -0.0496125 0.120094 -0.123567 1.63771 -0.0848572 -0.487895 -0.173831 -0.106897 -0.105859 0.0410998 -0.528785 -1.36225 -0.0117955 -0.309665 -0.0930319 -0.0966681 
0.0315957 0.0395253 -0.0298684 0.00230565 -0.0468406 0.00119533 -0.021194 -0.0429765 -0.00118756 0.019312 -0.023688 0.0383896 0.127031 -0.0496118 0.120093 -0.123565 1.63771 -0.0848596 -0.487894 -0.173831 -0.109905 -0.105863 0.0410931 -0.534487 -1.36225 -0.0117968 -0.309673 -0.0930343 -0.0966718 
0.0315931 0.0395253 -0.0298655 0.00230565 -0.0468406 0.00119533 -0.0211968 -0.0429765 -0.00118756 0.019312 -0.023688 0.0383896 0.127031 -0.0496113 0.120094 -0.123565 1.63771 -0.0848606 -0.487895 -0.173831 -0.112652 -0.10586 0.0410964 -0.539654 -1.36225 -0.0117974 -0.309672 -0.0930319 -0.0966681 
0.0315931 0.0395253 -0.0298684 0.00230565 -0.0468419 0.00119293 -0.0211968 -0.0429765 -0.00118756 0.019312 -0.023688 0.0383896 0.127031 -0.0496118 0.120093 -0.123565 1.63771 -0.0848584 -0.487895 -0.173831 -0.115493 -0.10586 0.0410993 -0.54499 -1.36225 -0.0117992 -0.309675 -0.0930319 -0.0966514 
0.0315874 0.0395418 -0.0298684 0.00230565 -0.0468418 0.00118805 -0.021194 -0.0429765 -0.00119042 0.019312 -0.023688 0.0383896 0.127031 -0.0496113 0.120093 -0.123566 1.63771 -0.0848584 -0.487895 -0.173831 -0.118658 -0.105864 0.0411017 -0.551095 -1.36225 -0.0117974 -0.309684 -0.0930319 -0.0965473 
0.0315735 0.0395364 -0.029871 0.00230565 -0.0468418 0.00118805 -0.0211968 -0.0429765 -0.00118756 0.019312 -0.023688 0.0383896 0.127031 -0.0496118 0.120093 -0.123566 1.63771 -0.0848584 -0.487895 -0.173831 -0.121503 -0.105866 0.0410986 -0.556464 -1.36225 -0.0117979 -0.309701 -0.0930319 -0.0965221 
0.0315542 0.0395364 -0.0298684 0.00230565 -0.0468418 0.00118805 -0.0211995 -0.0429709 -0.0011847 0.019312 -0.023688 0.0383896 0.127031 -0.0496113 0.120093 -0.123566 1.63771 -0.0848582 -0.487894 -0.173832 -0.124446 -0.105866 0.0410969 -0.561795 -1.36225 -0.0117974 -0.309701 -0.0930355 -0.0965233 
0.0315459 0.0395364 -0.0298684 0.00230565 -0.0468418 0.00118805 -0.0211995 -0.0429682 -0.0011847 0.019312 -0.023688 0.0383896 0.127031 -0.0496118 0.120093 -0.123565 1.63771 -0.0848584 -0.487895 -0.173831 -0.127866 -0.105868 0.0410876 -0.567753 -1.36225 -0.0117942 -0.309705 -0.0930319 -0.0965282 
0.0315375 0.0395364 -0.0298655 0.00230565 -0.0468406 0.00118572 -0.0211995 -0.0429682 -0.0011847 0.019312 -0.023688 0.0383896 0.127031 -0.0496113 0.120093 -0.123566 1.63771 -0.0848584 -0.487894 -0.17383 -0.131074 -0.105868 0.0410876 -0.57312 -1.36225 -0.0117949 -0.309705 -0.0930355 -0.0965329 
0.031532 0.0395364 -0.0298684 0.00230565 -0.0468419 0.00118332 -0.0211995 -0.0429654 -0.0011847 0.019312 -0.023688 0.0383896 0.127031 -0.0496137 0.120093 -0.123566 1.63771 -0.0848596 -0.487895 -0.173831 -0.134892 -0.105861 0.0410903 -0.579119 -1.36225 -0.0117937 -0.309705 -0.0930319 -0.0965114 
0.0315347 0.0395418 -0.0298684 0.00230565 -0.0468419 0.00118332 -0.0211995 -0.0429709 -0.00119042 0.019312 -0.023688 0.0383896 0.127031 -0.0496125 0.120093 -0.123566 1.63771 -0.0848584 -0.487895 -0.17383 -0.138366 -0.105859 0.0410974 -0.584453 -1.36225 -0.0117937 -0.30972 -0.0930355 -0.096454 
0.0315208 0.0395418 -0.0298684 0.00230565 -0.0468419 0.00118332 -0.0211995 -0.0429709 -0.00119042 0.019312 -0.023688 0.0383896 0.127031 -0.0496113 0.120093 -0.123566 1.63771 -0.0848584 -0.487895 -0.173831 -0.141894 -0.105859 0.0411053 -0.589602 -1.36225 -0.0117955 -0.309729 -0.0930319 -0.0964312 
0.0315154 0.0395364 -0.0298684 0.00231312 -0.0468419 0.00118332 -0.0212078 -0.0429709 -0.00119042 0.019312 -0.023688 0.0383896 0.127031 -0.0496113 0.120093 -0.123566 1.63771 -0.0848582 -0.487894 -0.173832 -0.145893 -0.105859 0.0411146 -0.595194 -1.36225 -0.0117955 -0.30973 -0.0930319 -0.096424 
0.0315099 0.039528 -0.029871 0.00231312 -0.0468419 0.00118332 -0.0212078 -0.0429709 -0.00119042 0.019312 -0.023688 0.0383896 0.127031 -0.0496125 0.120093 -0.123565 1.63771 -0.0848584 -0.487895 -0.173831 -0.149473 -0.105858 0.0411041 -0.600038 -1.36225 -0.0117908 -0.30973 -0.0930319 -0.0964085 
0.0315154 0.039528 -0.0298684 0.00231312 -0.0468419 0.00118332 -0.0212107 -0.0429765 -0.00119042 0.019312 -0.023688 0.0383896 0.127031 -0.0496118 0.120093 -0.123566 1.63771 -0.0848584 -0.487894 -0.173831 -0.153126 -0.105858 0.0410986 -0.604854 -1.36224 -0.0117888 -0.30973 -0.0930319 -0.0963953 
0.0315154 0.039528 -0.0298655 0.00231312 -0.0468419 0.00118332 -0.0212107 -0.0429765 -0.00119042 0.019312 -0.023688 0.0383896 0.127031 -0.0496125 0.120093 -0.123566 1.63771 -0.0848584 -0.487895 -0.173831 -0.157287 -0.10586 0.0410974 -0.610154 -1.36224 -0.0117888 -0.309732 -0.0930355 -0.0963869 
0.0315154 0.0395364 -0.0298655 0.00231312 -0.0468419 0.00118332 -0.0212078 -0.0429765 -0.00119042 0.019312 -0.023688 0.0383896 0.127031 -0.0496137 0.120093 -0.123566 1.63771 -0.0848582 -0.487895 -0.173831 -0.161009 -0.105858 0.0410957 -0.614689 -1.36225 -0.0117871 -0.309736 -0.0930319 -0.0963618 
0.0315154 0.0395391 -0.0298655 0.00231312 -0.0468419 0.00118332 -0.0212078 -0.0429709 -0.00119042 0.019312 -0.023688 0.0383896 0.127031 -0.0496125 0.120093 -0.123566 1.63771 -0.0848572 -0.487895 -0.173831 -0.164851 -0.105858 0.0411041 -0.619058 -1.36224 -0.0117888 -0.309736 -0.0930319 -0.0962936 
0.0315154 0.0395418 -0.0298684 0.00231312 -0.0468419 0.00118332 -0.0212078 -0.0429709 -0.00119591 0.019312 -0.023688 0.0383896 0.127031 -0.0496118 0.120093 -0.123566 1.63771 -0.0848565 -0.487895 -0.173832 -0.169258 -0.105858 0.0411079 -0.623696 -1.36224 -0.0117894 -0.309735 -0.0930343 -0.0962492 
0.0315044 0.0395364 -0.029871 0.00230565 -0.0468419 0.00118332 -0.0212107 -0.0429709 -0.00119042 0.019312 -0.023688 0.0383896 0.127031 -0.0496113 0.120093 -0.123565 1.63771 -0.0848584 -0.487894 -0.173831 -0.173181 -0.105858 0.0410986 -0.62752 -1.36224 -0.0117908 -0.309742 -0.0930319 -0.0962433 
0.031496 0.0395391 -0.0298684 0.00231312 -0.0468419 0.00118332 -0.0212216 -0.0429709 -0.00119042 0.019312 -0.023688 0.0383896 0.127031 -0.0496113 0.120093 -0.123566 1.63771 -0.0848596 -0.487894 -0.173832 -0.177163 -0.105858 0.041065 -0.631173 -1.36224 -0.0117888 -0.309744 -0.0930343 -0.0962469 
0.0314932 0.0395364 -0.0298655 0.00230565 -0.0468419 0.00118332 -0.0212247 -0.0429765 -0.00119042 0.019312 -0.023688 0.0383896 0.127031 -0.0496125 0.120093 -0.123566 1.63771 -0.0848584 -0.487895 -0.173831 -0.181652 -0.10586 0.0410473 -0.635155 -1.36225 -0.0117834 -0.309742 -0.0930343 -0.0962469 
0.0315044 0.039528 -0.0298684 0.00231312 -0.0468431 0.00118565 -0.0212247 -0.0429847 -0.00119042 0.019312 -0.023688 0.0383896 0.127031 -0.0496137 0.120092 -0.123566 1.63771 -0.0848584 -0.487895 -0.173831 -0.185682 -0.10586 0.0410438 -0.638552 -1.36224 -0.0117828 -0.309744 -0.0930343 -0.0962469 
0.0315099 0.0395335 -0.0298684 0.00231312 -0.0468431 0.00118565 -0.0212135 -0.0429765 -0.00119042 0.019312 -0.023688 0.0383896 0.127031 -0.0496137 0.120093 -0.123566 1.63771 -0.0848584 -0.487895 -0.17383 -0.190197 -0.105859 0.0410469 -0.642132 -1.36224 -0.011784 -0.309742 -0.0930319 -0.0962457 
0.0315154 0.0395364 -0.0298684 0.00230565 -0.0468431 0.00118565 -0.0212107 -0.0429765 -0.00119591 0.019312 -0.023688 0.0383896 0.127031 -0.0496125 0.120092 -0.123566 1.63771 -0.0848572 -0.487895 -0.173831 -0.194231 -0.105858 0.0410516 -0.645127 -1.36224 -0.011784 -0.309742 -0.0930343 -0.0961834 
0.0315292 0.0395391 -0.0298684 0.00230565 -0.0468431 0.00118565 -0.0211995 -0.0429765 -0.00119591 0.019312 -0.023688 0.0383896 0.127031 -0.0496118 0.120092 -0.123566 1.63771 -0.0848572 -0.487895 -0.173831 -0.198351 -0.105857 0.0410583 -0.64799 -1.36224 -0.0117865 -0.309742 -0.0930319 -0.0960183 
0.0315237 0.0395364 -0.0298684 0.00231312 -0.0468431 0.00118565 -0.0211995 -0.0429709 -0.00119591 0.019312 -0.023688 0.0383896 0.127031 -0.0496113 0.120093 -0.123565 1.63771 -0.0848596 -0.487895 -0.173831 -0.203052 -0.105858 0.0410414 -0.651 -1.36224 -0.0117857 -0.309744 -0.0930319 -0.0958184 
0.0315208 0.0395335 -0.0298684 0.00230565 -0.0468405 0.00119045 -0.0211995 -0.0429847 -0.00119591 0.019312 -0.023688 0.0383896 0.127031 -0.0496113 0.120093 -0.123565 1.63771 -0.0848584 -0.487894 -0.173831 -0.207231 -0.105863 0.0410266 -0.653431 -1.36224 -0.0117851 -0.309744 -0.0930343 -0.0956497 
0.0315154 0.0395335 -0.0298655 0.00230565 -0.0468405 0.00119045 -0.0212078 -0.042982 -0.00119042 0.019312 -0.023688 0.0383896 0.127031 -0.0496118 0.120093 -0.123565 1.63771 -0.0848596 -0.487895 -0.173831 -0.211405 -0.105865 0.0410125 -0.655679 -1.36224 -0.011784 -0.309745 -0.0930319 -0.0955587 
0.0315154 0.0395335 -0.0298655 0.00230565 -0.0468405 0.00119045 -0.0212135 -0.0429792 -0.00119042 0.019312 -0.023688 0.0383896 0.127031 -0.0496118 0.120093 -0.123565 1.63771 -0.0848582 -0.487895 -0.173831 -0.216147 -0.105863 0.0410063 -0.658118 -1.36224 -0.0117828 -0.309744 -0.0930355 -0.0954163 
0.0315154 0.0395364 -0.0298684 0.00230565 -0.0468405 0.00119045 -0.0212078 -0.0429765 -0.00119042 0.019312 -0.023688 0.0383896 0.127031 -0.0496125 0.120092 -0.123566 1.63771 -0.0848584 -0.487895 -0.173832 -0.220406 -0.105864 0.0410097 -0.660067 -1.36224 -0.0117834 -0.309744 -0.0930343 -0.0953302 
0.0315182 0.0395364 -0.0298684 0.00230565 -0.0468405 0.00119045 -0.0212078 -0.0429765 -0.00119591 0.019312 -0.023688 0.0383896 0.127031 -0.0496118 0.120093 -0.123565 1.63771 -0.0848584 -0.487895 -0.173831 -0.224661 -0.105866 0.0410125 -0.661867 -1.36225 -0.011784 -0.309744 -0.0930319 -0.095232 
0.0315154 0.0395364 -0.0298655 0.00230565 -0.0468419 0.00119293 -0.0212078 -0.0429765 -0.00119591 0.019312 -0.023688 0.0383896 0.127031 -0.0496113 0.120093 -0.123566 1.63771 -0.0848584 -0.487895 -0.173831 -0.230096 -0.105863 0.0410163 -0.663752 -1.36225 -0.0117851 -0.309744 -0.0930319 -0.0952033 
0.0315044 0.0395364 -0.0298684 0.00230565 -0.0468431 0.00118565 -0.0212107 -0.0429682 -0.00119853 0.019312 -0.023688 0.0383896 0.127031 -0.0496113 0.120093 -0.123565 1.63771 -0.0848584 -0.487895 -0.173831 -0.234522 -0.105865 0.0409982 -0.665136 -1.36225 -0.011784 -0.309744 -0.0930319 -0.095201 
0.0315015 0.0395364 -0.0298684 0.00230565 -0.0468406 0.00118572 -0.0212135 -0.0429709 -0.00119591 0.019312 -0.023688 0.0383896 0.127031 -0.0496113 0.120093 -0.123566 1.63771 -0.0848584 -0.487895 -0.173831 -0.23952 -0.105866 0.0409839 -0.666575 -1.36225 -0.0117821 -0.309744 -0.0930319 -0.0951985 
0.0314903 0.0395364 -0.0298684 0.00230565 -0.0468406 0.00118091 -0.02123 -0.0429682 -0.00119591 0.019312 -0.023688 0.0383896 0.127031 -0.0496113 0.120093 -0.123566 1.63771 -0.0848606 -0.487895 -0.173831 -0.243975 -0.105865 0.0409875 -0.66769 -1.36225 -0.0117821 -0.309745 -0.0930319 -0.0952021 
0.0314903 0.0395364 -0.0298684 0.00230565 -0.046838 0.0011761 -0.02123 -0.0429654 -0.00119591 0.019312 -0.023688 0.0383896 0.127031 -0.0496118 0.120093 -0.123566 1.63771 -0.0848582 -0.487894 -0.173831 -0.248481 -0.105865 0.0410156 -0.668789 -1.36225 -0.011784 -0.309744 -0.0930319 -0.0952057 
0.0314903 0.0395502 -0.0298684 0.00230565 -0.046838 0.0011761 -0.0212247 -0.0429654 -0.00119591 0.019312 -0.023688 0.0383896 0.127031 -0.0496137 0.120093 -0.123566 1.63771 -0.0848582 -0.487895 -0.173831 -0.253599 -0.105861 0.0410247 -0.669949 -1.36225 -0.0117871 -0.309744 -0.0930319 -0.0951914 
0.0314932 0.0395418 -0.0298684 0.00230565 -0.046838 0.0011761 -0.0212216 -0.0429654 -0.00119591 0.019312 -0.023688 0.0383896 0.127031 -0.0496125 0.120093 -0.123566 1.63771 -0.0848584 -0.487895 -0.173831 -0.258183 -0.105858 0.0410314 -0.670839 -1.36225 -0.0117871 -0.309742 -0.0930319 -0.0950537 
0.0314932 0.0395418 -0.029871 0.00230565 -0.046838 0.0011761 -0.021219 -0.0429654 -0.00119853 0.019312 -0.023688 0.0383896 0.127031 -0.0496113 0.120093 -0.123565 1.63771 -0.0848584 -0.487895 -0.173831 -0.262866 -0.105867 0.0410237 -0.671608 -1.36225 -0.0117871 -0.309748 -0.0930319 -0.094964 
0.0314708 0.0395418 -0.0298684 0.00230565 -0.046838 0.0011761 -0.0212357 -0.0429626 -0.00119853 0.019312 -0.023688 0.0383896 0.127031 -0.0496113 0.120093 -0.123565 1.63771 -0.0848584 -0.487894 -0.173831 -0.268147 -0.105867 0.0410132 -0.67239 -1.36225 -0.0117871 -0.309749 -0.0930319 -0.0949376 
0.0314543 0.0395418 -0.0298684 0.00230565 -0.046838 0.0011761 -0.0212524 -0.0429626 -0.00119591 0.019312 -0.023688 0.0383896 0.127031 -0.0496118 0.120093 -0.123565 1.63771 -0.0848606 -0.487895 -0.173831 -0.272864 -0.105867 0.0410063 -0.673055 -1.36225 -0.0117865 -0.30975 -0.0930319 -0.0949376 
0.0314517 0.0395474 -0.0298684 0.00230565 -0.046838 0.0011761 -0.0212579 -0.0429626 -0.00119591 0.019312 -0.023688 0.0383896 0.127031 -0.0496125 0.120092 -0.123566 1.63771 -0.0848572 -0.487895 -0.173831 -0.278234 -0.105865 0.0410218 -0.67372 -1.36225 -0.0117871 -0.30975 -0.0930319 -0.0949413 
0.0314627 0.0395474 -0.029871 0.00230565 -0.046838 0.0011761 -0.0212524 -0.0429626 -0.00119853 0.019312 -0.023688 0.0383896 0.127031 -0.0496137 0.120094 -0.123566 1.63771 -0.0848572 -0.487895 -0.173831 -0.283078 -0.105865 0.0410326 -0.674224 -1.36225 -0.0117881 -0.309749 -0.0930319 -0.0949424 
0.0314682 0.0395502 -0.029871 0.00230565 -0.046838 0.0011761 -0.0212438 -0.0429543 -0.00119853 0.019312 -0.023688 0.0383896 0.127031 -0.0496125 0.120091 -0.123566 1.63771 -0.0848582 -0.487895 -0.173831 -0.287951 -0.105863 0.0410326 -0.674635 -1.36225 -0.0117881 -0.30975 -0.0930319 -0.094922 
0.0314765 0.0395391 -0.0298684 0.00230565 -0.0468445 0.00118813 -0.02123 -0.0429654 -0.00119853 0.019312 -0.023688 0.0383896 0.127031 -0.0496113 0.120092 -0.123565 1.63771 -0.0848584 -0.487895 -0.173831 -0.293548 -0.105869 0.0410011 -0.674973 -1.36225 -0.0117851 -0.309751 -0.0930319 -0.0949077 
0.0314765 0.039528 -0.0298655 0.00230565 -0.0468445 0.00118813 -0.02123 -0.0429654 -0.00119853 0.019312 -0.023688 0.0383896 0.127031 -0.0496113 0.120092 -0.123565 1.63771 -0.0848606 -0.487895 -0.17383 -0.298489 -0.105869 0.0409851 -0.675164 -1.36225 -0.0117828 -0.309752 -0.0930319 -0.0949053 
0.0314708 0.0395253 -0.0298655 0.00230565 -0.0468445 0.00118813 -0.0212386 -0.0429654 -0.00119853 0.019312 -0.023688 0.0383896 0.127031 -0.0496125 0.120094 -0.123565 1.63771 -0.0848606 -0.487895 -0.17383 -0.303478 -0.105866 0.0409768 -0.675343 -1.36225 -0.0117821 -0.309752 -0.0930319 -0.0949041 
0.0314765 0.0395253 -0.0298655 0.00230565 -0.0468432 0.00119053 -0.0212386 -0.0429654 -0.00119591 0.019312 -0.023688 0.0383896 0.127032 -0.0496137 0.120093 -0.123566 1.63771 -0.0848584 -0.487895 -0.17383 -0.30913 -0.105861 0.0409982 -0.675547 -1.36225 -0.0117821 -0.309753 -0.0930307 -0.0949053 
0.0314932 0.039528 -0.0298684 0.00230565 -0.0468458 0.00119535 -0.02123 -0.0429626 -0.00119853 0.0193158 -0.023688 0.0383896 0.127031 -0.0496137 0.120091 -0.123566 1.63771 -0.0848572 -0.487895 -0.173832 -0.314133 -0.105862 0.041007 -0.675714 -1.36225 -0.0117834 -0.309752 -0.0930319 -0.0948706 
0.031507 0.039528 -0.0298684 0.00230565 -0.0468458 0.00119535 -0.0212216 -0.0429654 -0.00120139 0.0193158 -0.023688 0.0383896 0.127031 -0.0496125 0.120092 -0.123567 1.63771 -0.0848572 -0.487895 -0.173831 -0.319164 -0.10586 0.0410137 -0.675849 -1.36225 -0.0117834 -0.309753 -0.0930307 -0.0947605 
0.0315208 0.039528 -0.0298684 0.00230565 -0.046847 0.00119775 -0.0212107 -0.0429654 -0.00120139 0.0193158 -0.023688 0.0383896 0.127031 -0.0496113 0.120093 -0.123565 1.63771 -0.0848584 -0.487895 -0.173832 -0.324862 -0.105862 0.0409949 -0.675947 -1.36226 -0.0117834 -0.309755 -0.0930319 -0.0946648 
0.0315208 0.039528 -0.0298655 0.00230565 -0.0468432 0.00120975 -0.0211995 -0.0429765 -0.00119853 0.0193158 -0.023688 0.0383896 0.127031 -0.0496113 0.120093 -0.123565 1.63771 -0.0848606 -0.487894 -0.173831 -0.32986 -0.105861 0.0409815 -0.675957 -1.36226 -0.0117784 -0.309756 -0.0930319 -0.0946336 
0.0315154 0.0395169 -0.0298655 0.00230565 -0.0468432 0.00120975 -0.0212107 -0.0429765 -0.00119853 0.0193158 -0.023688 0.0383896 0.127031 -0.0496125 0.120093 -0.123565 1.63771 -0.0848596 -0.487895 -0.173831 -0.334875 -0.105863 0.0409768 -0.67599 -1.36226 -0.0117778 -0.309756 -0.0930343 -0.0946336 
0.0315154 0.0395253 -0.0298655 0.00230565 -0.0468432 0.00120975 -0.021219 -0.0429709 -0.00119853 0.0193158 -0.023688 0.0383896 0.127032 -0.0496137 0.120093 -0.123566 1.63771 -0.0848584 -0.487895 -0.173831 -0.340511 -0.105859 0.0409815 -0.67607 -1.36226 -0.0117773 -0.309756 -0.0930355 -0.0946348 
0.0315154 0.039528 -0.0298655 0.00230565 -0.0468432 0.00120975 -0.0212135 -0.0429682 -0.00120139 0.0193158 -0.023688 0.0383896 0.127034 -0.0496137 0.120093 -0.123566 1.63771 -0.0848584 -0.487895 -0.173831 -0.345478 -0.105859 0.0409894 -0.676184 -1.36226 -0.0117778 -0.309756 -0.0930319 -0.0946324 
0.0315237 0.039528 -0.0298684 0.00230565 -0.0468432 0.00120975 -0.0212107 -0.0429682 -0.00120687 0.0193158 -0.023688 0.0383896 0.127032 -0.0496137 0.120091 -0.123566 1.63771 -0.0848582 -0.487895 -0.173831 -0.351033 -0.105858 0.0409901 -0.676304 -1.36226 -0.0117784 -0.309756 -0.0930319 -0.0945307 
0.0315237 0.0395364 -0.0298655 0.00230565 -0.0468432 0.00120975 -0.0212078 -0.0429709 -0.00120687 0.0193158 -0.023688 0.0383896 0.127031 -0.0496113 0.120093 -0.123566 1.63771 -0.0848584 -0.487895 -0.173832 -0.355915 -0.105858 0.0409913 -0.67637 -1.36226 -0.0117797 -0.309756 -0.0930319 -0.0944805 
0.0315154 0.0395169 -0.0298655 0.00230565 -0.0468432 0.00120975 -0.0212107 -0.0429709 -0.00120687 0.0193158 -0.023688 0.0383896 0.127031 -0.0496094 0.120093 -0.123566 1.63771 -0.0848584 -0.487895 -0.173831 -0.360753 -0.105858 0.0409851 -0.676382 -1.36227 -0.0117784 -0.309758 -0.0930319 -0.0944673 
0.0315099 0.0395031 -0.0298684 0.00230565 -0.0468406 0.00121455 -0.0212107 -0.0429709 -0.00120687 0.0193158 -0.023688 0.0383896 0.127031 -0.0496113 0.120093 -0.123566 1.63771 -0.0848596 -0.487895 -0.173831 -0.366151 -0.105856 0.0409694 -0.676382 -1.36227 -0.0117778 -0.309758 -0.0930319 -0.0944673 
0.0315237 0.0395031 -0.0298684 0.00230565 -0.0468406 0.00121455 -0.0212107 -0.0429765 -0.00120139 0.0193158 -0.0236867 0.0383872 0.127032 -0.0496118 0.120093 -0.123566 1.63771 -0.0848596 -0.487895 -0.173831 -0.370908 -0.105859 0.0409606 -0.676372 -1.36227 -0.0117773 -0.309758 -0.0930319 -0.0944673 
0.0315459 0.0395031 -0.0298655 0.00230565 -0.0468406 0.00121455 -0.0212107 -0.042982 -0.00120139 0.0193158 -0.0236867 0.0383872 0.127032 -0.0496125 0.120093 -0.123565 1.63771 -0.0848596 -0.487895 -0.17383 -0.375638 -0.105866 0.0409586 -0.676398 -1.36228 -0.0117767 -0.309758 -0.0930319 -0.0944601 
0.0315681 0.0395086 -0.0298684 0.00230565 -0.0468406 0.00121455 -0.0212078 -0.0429765 -0.00120974 0.0193158 -0.0236867 0.0383872 0.127032 -0.0496113 0.120092 -0.123566 1.63771 -0.0848582 -0.487895 -0.173831 -0.380866 -0.105868 0.0409577 -0.676448 -1.36228 -0.0117784 -0.309761 -0.0930319 -0.0944566 
0.0315819 0.0395086 -0.0298655 0.00230565 -0.0468406 0.00121455 -0.0212052 -0.0429709 -0.0012126 0.0193158 -0.0236867 0.0383872 0.127031 -0.0496113 0.120093 -0.123567 1.63771 -0.0848582 -0.487895 -0.173832 -0.38548 -0.105867 0.0409565 -0.676546 -1.36228 -0.0117778 -0.309761 -0.0930319 -0.0943919 
0.0315819 0.0395031 -0.0298655 0.00230565 -0.0468406 0.00121455 -0.0211995 -0.0429682 -0.00121522 0.0193158 -0.0236867 0.0383872 0.127031 -0.0496113 0.120093 -0.123566 1.63771 -0.0848584 -0.487895 -0.17383 -0.390615 -0.105868 0.040952 -0.676623 -1.36229 -0.0117784 -0.309762 -0.0930319 -0.0943488 
0.0315819 0.0394975 -0.0298655 0.00230565 -0.0468406 0.00121455 -0.0211995 -0.0429682 -0.00121522 0.0193158 -0.0236867 0.0383872 0.127032 -0.0496113 0.120093 -0.123566 1.63771 -0.0848596 -0.487895 -0.173831 -0.395045 -0.105868 0.040951 -0.676626 -1.36229 -0.0117778 -0.309764 -0.0930355 -0.0943344 
0.0315735 0.039489 -0.0298655 0.00231312 -0.0468406 0.00121455 -0.0211995 -0.0429765 -0.0012126 0.0193158 -0.0236867 0.0383872 0.127031 -0.0496113 0.120093 -0.123566 1.63771 -0.0848572 -0.487895 -0.173831 -0.399419 -0.105868 0.0409491 -0.67663 -1.36229 -0.0117778 -0.309764 -0.0930319 -0.0943344 
0.0315847 0.0394864 -0.0298684 0.00231312 -0.0468406 0.00121455 -0.0212052 -0.0429765 -0.0012126 0.0193158 -0.0236867 0.0383872 0.127031 -0.0496113 0.120093 -0.123566 1.63771 -0.0848596 -0.487895 -0.173831 -0.404259 -0.105868 0.0409491 -0.67663 -1.36229 -0.0117778 -0.309764 -0.0930343 -0.0943344 
0.0316014 0.0394753 -0.0298684 0.00231312 -0.0468406 0.00121455 -0.0211995 -0.0429654 -0.0012126 0.0193158 -0.0236867 0.0383872 0.127031 -0.0496118 0.120093 -0.123565 1.63771 -0.0848606 -0.487895 -0.173831 -0.408475 -0.105869 0.0409491 -0.676635 -1.36229 -0.0117778 -0.309764 -0.0930319 -0.094332 
0.0316126 0.0394753 -0.0298684 0.00231312 -0.0468393 0.00121695 -0.0211995 -0.0429654 -0.00121522 0.0193158 -0.0236867 0.0383872 0.127031 -0.0496113 0.120093 -0.123566 1.63771 -0.0848584 -0.487895 -0.173831 -0.412627 -0.105869 0.0409465 -0.676635 -1.3623 -0.0117778 -0.309764 -0.0930343 -0.0943213 
0.0316513 0.0394753 -0.0298684 0.00231312 -0.0468393 0.00121695 -0.0211968 -0.0429847 -0.00121522 0.0193158 -0.0236867 0.0383872 0.127032 -0.0496118 0.120093 -0.123567 1.63771 -0.0848584 -0.487895 -0.173831 -0.417275 -0.105868 0.0409498 -0.676632 -1.3623 -0.0117778 -0.309764 -0.0930343 -0.0942374 
0.0316763 0.0394753 -0.0298655 0.00231312 -0.0468367 0.00121213 -0.0211914 -0.0429709 -0.00121522 0.0193158 -0.0236867 0.0383872 0.127031 -0.0496113 0.120092 -0.123566 1.63771 -0.0848584 -0.487895 -0.173832 -0.421355 -0.105868 0.040952 -0.676671 -1.36231 -0.0117784 -0.309765 -0.0930355 -0.0940927 
0.0316846 0.0394753 -0.029871 0.00231312 -0.0468315 0.00121212 -0.0211914 -0.0429709 -0.00121522 0.0193158 -0.0236867 0.0383872 0.127031 -0.0496113 0.120093 -0.123566 1.63771 -0.0848584 -0.487895 -0.173831 -0.425346 -0.105868 0.040951 -0.676692 -1.36231 -0.0117784 -0.309766 -0.0930355 -0.0939384 
0.0316846 0.0394641 -0.029871 0.00231312 -0.0468302 0.00120963 -0.0211914 -0.0429792 -0.00121522 0.0193158 -0.0236867 0.0383872 0.127031 -0.0496113 0.120093 -0.123566 1.63771 -0.0848584 -0.487895 -0.173831 -0.429687 -0.105868 0.0409498 -0.676694 -1.36231 -0.0117784 -0.309766 -0.0930367 -0.0938318 
0.0316846 0.0394696 -0.029871 0.00231312 -0.0468302 0.00120963 -0.0211914 -0.0429792 -0.00121522 0.0193158 -0.0236867 0.0383872 0.127031 -0.0496113 0.120093 -0.123566 1.63771 -0.0848584 -0.487895 -0.173831 -0.433434 -0.105867 0.0409465 -0.676693 -1.36231 -0.0117784 -0.309766 -0.0930378 -0.0937516 
0.0316985 0.0394558 -0.0298765 0.00231312 -0.0468302 0.00120963 -0.0211914 -0.0429792 -0.00121522 0.0193158 -0.0236867 0.0383872 0.127031 -0.0496113 0.120093 -0.123566 1.63771 -0.0848596 -0.487895 -0.173832 -0.437609 -0.105868 0.0409472 -0.676693 -1.36231 -0.0117784 -0.309766 -0.0930378 -0.0936953 
0.0317152 0.0394504 -0.029871 0.00231312 -0.0468302 0.00120963 -0.0211914 -0.0429765 -0.00121522 0.0193158 -0.0236867 0.0383872 0.127032 -0.0496113 0.120093 -0.123566 1.63771 -0.0848582 -0.487895 -0.173831 -0.441714 -0.105869 0.040946 -0.676701 -1.36231 -0.0117784 -0.309766 -0.0930378 -0.093681 
0.0317178 0.0394504 -0.029871 0.00231312 -0.0468315 0.00121212 -0.0211914 -0.0429765 -0.00121522 0.0193158 -0.0236867 0.0383872 0.127032 -0.0496113 0.120094 -0.123566 1.63771 -0.0848584 -0.487895 -0.173831 -0.445306 -0.10587 0.0409436 -0.676708 -1.36231 -0.0117784 -0.309766 -0.0930367 -0.0936618 
0.0317261 0.0394504 -0.029871 0.00231312 -0.0468315 0.00121212 -0.021194 -0.0429847 -0.00121522 0.0193158 -0.0236867 0.0383872 0.127031 -0.0496113 0.120093 -0.123566 1.63771 -0.0848582 -0.487895 -0.173831 -0.449429 -0.105869 0.0409451 -0.676708 -1.36231 -0.0117784 -0.309767 -0.0930378 -0.0936104 
0.0317206 0.0394753 -0.029871 0.00231312 -0.0468315 0.00121212 -0.0211995 -0.0429847 -0.00121522 0.0193158 -0.0236867 0.0383872 0.127031 -0.0496113 0.120094 -0.123566 1.63771 -0.0848584 -0.487895 -0.173832 -0.453107 -0.105869 0.0409451 -0.676708 -1.36231 -0.0117784 -0.309767 -0.0930367 -0.0935374 
0.0316985 0.0394753 -0.029871 0.00231312 -0.0468315 0.00121212 -0.0211995 -0.0429847 -0.00121522 0.0193158 -0.0236867 0.0383872 0.127031 -0.0496113 0.120094 -0.123566 1.63771 -0.0848584 -0.487894 -0.173831 -0.456734 -0.105868 0.040946 -0.676688 -1.36231 -0.0117784 -0.309767 -0.0930402 -0.093511 
0.0316734 0.0394779 -0.0298765 0.00231312 -0.0468315 0.00121212 -0.0212107 -0.0429847 -0.00121522 0.0193158 -0.0236867 0.0383872 0.127031 -0.0496113 0.120093 -0.123566 1.63771 -0.0848584 -0.487895 -0.173831 -0.460823 -0.105869 0.040946 -0.676669 -1.36231 -0.0117784 -0.309767 -0.0930402 -0.0935014 
0.0316596 0.0394837 -0.0298765 0.00231312 -0.0468315 0.00121212 -0.0212247 -0.042982 -0.00121522 0.0193158 -0.0236867 0.0383872 0.127031 -0.0496113 0.120093 -0.123566 1.63771 -0.0848584 -0.487895 -0.173831 -0.464444 -0.105869 0.0409436 -0.676666 -1.36231 -0.0117784 -0.309767 -0.0930378 -0.0935014 
0.0316596 0.0394975 -0.0298765 0.00231312 -0.0468315 0.00121212 -0.02123 -0.0429847 -0.00121522 0.0193158 -0.0236867 0.0383872 0.127031 -0.0496113 0.120094 -0.123565 1.63771 -0.0848584 -0.487895 -0.173831 -0.468108 -0.105868 0.0409436 -0.676666 -1.36231 -0.0117778 -0.309767 -0.0930378 -0.0935039 
0.0316458 0.0395169 -0.0298765 0.00231312 -0.0468315 0.00121212 -0.0212386 -0.0429847 -0.00121522 0.0193158 -0.0236867 0.0383872 0.127031 -0.0496113 0.120093 -0.123566 1.63771 -0.0848584 -0.487895 -0.173831 -0.472252 -0.105869 0.0409451 -0.676628 -1.36231 -0.0117773 -0.309767 -0.0930402 -0.0935039 
0.0316401 0.0395364 -0.0298765 0.00231312 -0.0468315 0.00121212 -0.0212438 -0.042982 -0.00121522 0.0193158 -0.0236867 0.0383872 0.127031 -0.0496113 0.120094 -0.123566 1.63771 -0.0848582 -0.487895 -0.173831 -0.475981 -0.105868 0.0409436 -0.676583 -1.36231 -0.0117778 -0.309767 -0.0930402 -0.0934752 
0.0316348 0.0395418 -0.0298765 0.00231312 -0.0468302 0.00120963 -0.0212495 -0.042982 -0.00121522 0.019312 -0.0236893 0.0383825 0.127031 -0.0496113 0.120093 -0.123566 1.63771 -0.0848584 -0.487895 -0.173831 -0.479875 -0.105868 0.0409498 -0.676536 -1.36231 -0.0117784 -0.309767 -0.0930402 -0.0933567 
0.0316126 0.0395418 -0.0298765 0.00231312 -0.0468354 0.00120004 -0.0212524 -0.0429709 -0.0012207 0.019312 -0.0236893 0.0383825 0.127031 -0.0496113 0.120093 -0.123566 1.63771 -0.0848582 -0.487895 -0.173832 -0.484343 -0.105869 0.0409443 -0.676397 -1.36231 -0.0117784 -0.309767 -0.0930414 -0.0932119 
0.0315819 0.0395391 -0.0298765 0.00231312 -0.0468328 0.0011953 -0.0212579 -0.0429682 -0.0012207 0.019312 -0.0236893 0.0383825 0.127031 -0.0496113 0.120094 -0.123566 1.63771 -0.0848584 -0.487895 -0.173831 -0.488342 -0.10587 0.040935 -0.676268 -1.36231 -0.0117754 -0.309768 -0.0930426 -0.0930862 
0.0315459 0.0395391 -0.0298765 0.00231312 -0.0468341 0.0011929 -0.0212691 -0.0429765 -0.00121522 0.019312 -0.0236893 0.0383825 0.127031 -0.0496113 0.120093 -0.123566 1.63771 -0.0848596 -0.487895 -0.173831 -0.492946 -0.105871 0.0409303 -0.67613 -1.36231 -0.0117748 -0.309768 -0.0930451 -0.0929653 
0.0315237 0.0395418 -0.0298765 0.00231312 -0.0468367 0.00118811 -0.0212717 -0.0429682 -0.00121522 0.019312 -0.0236893 0.0383825 0.127031 -0.0496113 0.120093 -0.123566 1.63771 -0.0848584 -0.487895 -0.173831 -0.497087 -0.105868 0.0409296 -0.676023 -1.36231 -0.0117748 -0.309769 -0.0930451 -0.09289 
0.0315044 0.0395613 -0.0298765 0.00231312 -0.0468367 0.0011785 -0.0212829 -0.0429682 -0.00121522 0.019312 -0.0236893 0.0383825 0.127032 -0.0496125 0.120094 -0.123567 1.63771 -0.0848582 -0.487895 -0.173831 -0.501346 -0.105869 0.0409424 -0.675982 -1.36231 -0.0117743 -0.309768 -0.0930426 -0.0928385 
0.0314848 0.0395669 -0.0298765 0.00231312 -0.0468354 0.00117128 -0.0212967 -0.0429654 -0.0012207 0.019312 -0.0236893 0.0383825 0.127032 -0.0496125 0.120093 -0.123567 1.63771 -0.0848565 -0.487895 -0.17383 -0.506233 -0.105868 0.040946 -0.675974 -1.36231 -0.0117754 -0.309769 -0.0930426 -0.0926338 
0.0314708 0.0395862 -0.0298765 0.00231312 -0.0468341 0.00115926 -0.0213051 -0.0429626 -0.0012207 0.019312 -0.0236893 0.0383825 0.127031 -0.0496113 0.120094 -0.123568 1.63771 -0.0848572 -0.487895 -0.173831 -0.510703 -0.105868 0.0409498 -0.67597 -1.36231 -0.0117767 -0.30977 -0.0930451 -0.0924232 
0.0314376 0.0395807 -0.0298765 0.00231312 -0.0468341 0.00115926 -0.0213218 -0.0429571 -0.00122356 0.019312 -0.0236893 0.0383825 0.127031 -0.0496113 0.120094 -0.123565 1.63771 -0.0848596 -0.487895 -0.173832 -0.515849 -0.105873 0.0409362 -0.675954 -1.36231 -0.0117767 -0.309772 -0.0930451 -0.0921683 
0.0314043 0.0395751 -0.0298765 0.00231312 -0.0468341 0.00115926 -0.0213411 -0.0429571 -0.0012207 0.019312 -0.0236893 0.0383825 0.127031 -0.0496113 0.120094 -0.123565 1.63771 -0.0848596 -0.487895 -0.173831 -0.520468 -0.105873 0.0409303 -0.675912 -1.36231 -0.0117748 -0.309773 -0.0930426 -0.0919876 
0.0313849 0.0395724 -0.0298765 0.00231312 -0.0468341 0.00115926 -0.0213523 -0.0429571 -0.00121522 0.019312 -0.0236893 0.0383825 0.127031 -0.0496113 0.120094 -0.123565 1.63771 -0.0848606 -0.487895 -0.173831 -0.525137 -0.105871 0.0409265 -0.675878 -1.36231 -0.0117743 -0.309773 -0.0930451 -0.0918069 
0.0313849 0.0395751 -0.0298765 0.00231312 -0.0468341 0.00115926 -0.0213549 -0.0429571 -0.00121522 0.019312 -0.0236893 0.0383825 0.127031 -0.0496125 0.120093 -0.123567 1.63771 -0.0848606 -0.487895 -0.173831 -0.530463 -0.105869 0.0409498 -0.675851 -1.36231 -0.0117743 -0.309773 -0.0930451 -0.0915782 
0.0313766 0.039578 -0.0298765 0.00231312 -0.0468341 0.00115926 -0.0213549 -0.0429571 -0.00122356 0.019312 -0.0236893 0.0383825 0.127032 -0.0496137 0.120093 -0.123566 1.63771 -0.0848584 -0.487895 -0.173831 -0.535264 -0.105868 0.0409594 -0.675849 -1.36231 -0.0117773 -0.309773 -0.0930451 -0.0912946 
0.0313766 0.0396056 -0.0298765 0.00231312 -0.0468341 0.00115926 -0.0213633 -0.042946 -0.00122643 0.019312 -0.0236893 0.0383825 0.127032 -0.0496118 0.120093 -0.123567 1.63771 -0.0848572 -0.487895 -0.173831 -0.54069 -0.105861 0.0409667 -0.675848 -1.36231 -0.0117767 -0.309774 -0.0930426 -0.0908411 
0.0313461 0.0396167 -0.0298765 0.00231312 -0.0468341 0.00115926 -0.0213661 -0.0429376 -0.00122643 0.019312 -0.0236893 0.0383825 0.127031 -0.0496118 0.120094 -0.123566 1.63771 -0.0848584 -0.487895 -0.173831 -0.545574 -0.105861 0.0409667 -0.675852 -1.36231 -0.0117767 -0.309774 -0.0930426 -0.0904509 
0.0312879 0.0396167 -0.0298765 0.00231312 -0.0468341 0.00115926 -0.0213909 -0.042932 -0.00122643 0.019312 -0.0236893 0.0383825 0.127031 -0.0496125 0.120093 -0.123566 1.63771 -0.0848582 -0.487895 -0.173831 -0.550371 -0.105863 0.0409646 -0.675836 -1.36231 -0.0117748 -0.309775 -0.0930451 -0.0901554 
0.0312545 0.0396167 -0.029871 0.00231312 -0.0468341 0.00115926 -0.0214217 -0.0429293 -0.00122643 0.019312 -0.0236893 0.0383825 0.127031 -0.0496113 0.120094 -0.123566 1.63771 -0.0848584 -0.487895 -0.173831 -0.555626 -0.105861 0.0409646 -0.675833 -1.36231 -0.0117736 -0.309776 -0.0930451 -0.0898681 
0.0312407 0.0396167 -0.0298765 0.00231312 -0.0468341 0.00115926 -0.021441 -0.0429293 -0.00122643 0.019312 -0.0236893 0.0383825 0.127031 -0.0496125 0.120094 -0.123566 1.63771 -0.0848606 -0.487895 -0.173831 -0.560225 -0.105861 0.0409646 -0.675819 -1.36231 -0.0117723 -0.309775 -0.0930451 -0.0896228 
0.0312462 0.0396167 -0.029871 0.00231312 -0.0468341 0.00115926 -0.0214353 -0.042932 -0.00122643 0.019312 -0.0236893 0.0383825 0.127031 -0.0496125 0.120094 -0.123565 1.63771 -0.0848596 -0.487895 -0.173831 -0.564672 -0.105861 0.0409651 -0.675813 -1.36231 -0.0117717 -0.309774 -0.0930426 -0.0892888 
0.0312545 0.0396167 -0.0298765 0.00231312 -0.0468341 0.00115926 -0.0214326 -0.0429376 -0.00122905 0.019312 -0.0236893 0.0383825 0.127032 -0.0496118 0.120094 -0.123566 1.63771 -0.0848584 -0.487895 -0.173831 -0.569503 -0.105858 0.040962 -0.675784 -1.36231 -0.0117717 -0.309774 -0.0930451 -0.0887874 
0.0312545 0.039625 -0.0298765 0.00231312 -0.0468341 0.00115926 -0.02143 -0.0429376 -0.00122905 0.019312 -0.0236893 0.0383825 0.127031 -0.0496118 0.120095 -0.123566 1.63771 -0.0848584 -0.487895 -0.173831 -0.573641 -0.105853 0.040962 -0.675853 -1.36231 -0.0117717 -0.309774 -0.0930451 -0.0883075 
0.0312433 0.0396278 -0.029871 0.00231312 -0.0468341 0.00115926 -0.02143 -0.042932 -0.00122905 0.019312 -0.0236893 0.0383825 0.127031 -0.0496118 0.120095 -0.123566 1.63771 -0.0848584 -0.487895 -0.173832 -0.578088 -0.105805 0.0409675 -0.676137 -1.36231 -0.0117723 -0.309774 -0.0930474 -0.087891 
0.0312297 0.039625 -0.029871 0.00231312 -0.0468341 0.00115926 -0.0214353 -0.0429155 -0.00122905 0.019312 -0.0236893 0.0383825 0.127031 -0.0496125 0.120095 -0.123566 1.63771 -0.0848584 -0.487895 -0.173831 -0.581774 -0.105767 0.0409679 -0.676568 -1.36231 -0.0117717 -0.309778 -0.0930451 -0.0875775 
0.031224 0.0396308 -0.0298765 0.00231312 -0.0468341 0.00115926 -0.021441 -0.0429127 -0.00123477 0.019312 -0.0236893 0.0383825 0.127031 -0.0496118 0.120094 -0.123566 1.63771 -0.0848584 -0.487895 -0.173831 -0.585187 -0.105763 0.0409675 -0.677238 -1.36231 -0.0117693 -0.309777 -0.0930451 -0.0871958 
0.0312185 0.0396308 -0.0298765 0.00231312 -0.0468341 0.00115926 -0.0214438 -0.0429071 -0.00123739 0.019312 -0.0236893 0.0383825 0.127031 -0.0496125 0.120094 -0.123566 1.63771 -0.0848582 -0.487895 -0.173831 -0.588718 -0.10575 0.0409698 -0.678206 -1.36231 -0.0117693 -0.309777 -0.0930474 -0.0867182 
0.0312159 0.0396334 -0.0298765 0.00231312 -0.0468341 0.00115926 -0.0214438 -0.0429044 -0.00123739 0.019312 -0.0236893 0.0383825 0.127031 -0.0496118 0.120095 -0.123567 1.63771 -0.0848584 -0.487895 -0.173831 -0.591501 -0.105741 0.0409698 -0.679175 -1.36231 -0.0117693 -0.309778 -0.0930474 -0.0863807 
0.0312047 0.0396334 -0.0298765 0.00231312 -0.0468341 0.00115926 -0.0214438 -0.0429044 -0.00123739 0.019312 -0.0236893 0.0383825 0.127032 -0.0496125 0.120095 -0.123566 1.63771 -0.0848584 -0.487895 -0.17383 -0.593967 -0.105735 0.0409679 -0.680344 -1.36231 -0.011768 -0.309778 -0.0930462 -0.0860828 
0.0312047 0.0396334 -0.029871 0.00231312 -0.0468341 0.00115926 -0.0214438 -0.0428988 -0.00123739 0.0193158 -0.0236893 0.0383825 0.127032 -0.0496125 0.120095 -0.123566 1.63771 -0.0848584 -0.487894 -0.173831 -0.596475 -0.105709 0.0409679 -0.681846 -1.36231 -0.011768 -0.309778 -0.0930451 -0.0858542 
0.0312047 0.0396334 -0.0298765 0.00231312 -0.0468341 0.00115926 -0.0214438 -0.0428988 -0.00124025 0.0193158 -0.0236893 0.0383825 0.127031 -0.0496137 0.120095 -0.123565 1.63771 -0.0848584 -0.487895 -0.173831 -0.598484 -0.10569 0.0409675 -0.683207 -1.36231 -0.0117669 -0.309778 -0.0930451 -0.0856423 
0.0312047 0.0396472 -0.0298765 0.00231312 -0.0468341 0.00115926 -0.0214353 -0.0428933 -0.00124025 0.0193158 -0.0236893 0.0383825 0.127031 -0.0496118 0.120097 -0.123566 1.63771 -0.0848596 -0.487895 -0.173831 -0.60049 -0.105654 0.0409667 -0.684854 -1.36231 -0.0117669 -0.309778 -0.0930451 -0.0854903 
0.0312047 0.0396472 -0.0298765 0.00231312 -0.0468341 0.00115926 -0.0214272 -0.0428933 -0.0012486 0.0193158 -0.0236893 0.0383825 0.127031 -0.0496118 0.120095 -0.123566 1.63771 -0.0848584 -0.487895 -0.173831 -0.602324 -0.105612 0.0409706 -0.686484 -1.36231 -0.0117669 -0.309778 -0.0930451 -0.0854329 
0.0312047 0.0396472 -0.0298765 0.00231312 -0.0468341 0.00115926 -0.0214217 -0.0428905 -0.00125122 0.0193158 -0.0236893 0.0383825 0.127031 -0.0496137 0.120095 -0.123566 1.63771 -0.0848584 -0.487895 -0.173831 -0.603781 -0.105599 0.0409706 -0.687953 -1.36231 -0.0117669 -0.309778 -0.0930462 -0.0854089 
0.0312102 0.0396529 -0.0298765 0.00231312 -0.0468341 0.00115926 -0.0214131 -0.0428877 -0.00125122 0.0193158 -0.0236893 0.0383825 0.127031 -0.0496118 0.120097 -0.123566 1.63771 -0.0848584 -0.487895 -0.173831 -0.605276 -0.105577 0.0409727 -0.689715 -1.36231 -0.0117669 -0.309778 -0.0930451 -0.0853958 
0.0312159 0.0396529 -0.0298765 0.00231312 -0.0468341 0.00115926 -0.0214047 -0.0428877 -0.00125408 0.0193158 -0.0236893 0.0383825 0.127031 -0.0496125 0.120095 -0.123566 1.63771 -0.0848584 -0.487895 -0.17383 -0.606424 -0.105572 0.0409727 -0.691231 -1.36232 -0.0117662 -0.309778 -0.0930474 -0.0853946 
0.0312212 0.0396445 -0.0298793 0.00231312 -0.0468341 0.00115926 -0.0213938 -0.0428933 -0.00125408 0.0193158 -0.0236893 0.0383825 0.127031 -0.0496137 0.120097 -0.123566 1.63771 -0.0848584 -0.487895 -0.173832 -0.607413 -0.105572 0.0409694 -0.692825 -1.36232 -0.0117638 -0.309778 -0.0930474 -0.0853946 
0.0312297 0.0396389 -0.0298765 0.00231312 -0.0468341 0.00115926 -0.0213687 -0.0428933 -0.00125957 0.0193158 -0.0236893 0.0383825 0.127031 -0.0496125 0.120097 -0.123566 1.63771 -0.0848584 -0.487895 -0.173831 -0.608354 -0.105571 0.040962 -0.694573 -1.36232 -0.0117632 -0.309778 -0.0930474 -0.0853922 
0.0312545 0.0396389 -0.0298765 0.00231312 -0.0468341 0.00115926 -0.0213411 -0.0429044 -0.00125957 0.0193158 -0.0236893 0.0383825 0.127031 -0.0496125 0.120097 -0.123567 1.63771 -0.0848584 -0.487895 -0.173832 -0.609036 -0.105571 0.040952 -0.69613 -1.36232 -0.0117619 -0.309778 -0.0930462 -0.0853862 
0.0312712 0.0396389 -0.0298765 0.00231312 -0.0468341 0.00115926 -0.0212913 -0.0429127 -0.00125957 0.0193158 -0.0236893 0.0383825 0.127031 -0.0496118 0.120097 -0.123566 1.63771 -0.0848606 -0.487895 -0.173831 -0.609634 -0.105569 0.0409491 -0.697914 -1.36232 -0.0117601 -0.309778 -0.0930462 -0.0853695 
0.0312989 0.0396334 -0.0298765 0.00231312 -0.0468367 0.00116408 -0.0212386 -0.0429155 -0.00125957 0.0193158 -0.0236893 0.0383825 0.127031 -0.0496125 0.120097 -0.123566 1.63771 -0.0848584 -0.487895 -0.173831 -0.610043 -0.105569 0.0409491 -0.699464 -1.36232 -0.0117595 -0.309778 -0.0930451 -0.085336 
0.0313323 0.0396194 -0.0298765 0.00231312 -0.046838 0.00116649 -0.0211914 -0.0429265 -0.00125957 0.0193158 -0.0236893 0.0383825 0.127032 -0.0496125 0.120097 -0.123566 1.63771 -0.0848584 -0.487895 -0.173831 -0.610378 -0.105562 0.0409472 -0.701249 -1.36232 -0.0117595 -0.309778 -0.0930451 -0.0852247 
0.0313628 0.0396194 -0.0298765 0.00231312 -0.046838 0.00116649 -0.0211468 -0.0429293 -0.00126243 0.0193158 -0.0236893 0.0383825 0.127031 -0.0496125 0.120097 -0.123566 1.63771 -0.0848584 -0.487895 -0.173832 -0.610581 -0.105563 0.0409472 -0.702783 -1.36232 -0.0117582 -0.309778 -0.0930487 -0.0851241 
0.0313878 0.0396194 -0.0298765 0.00231312 -0.046838 0.00116649 -0.0211082 -0.0429376 -0.00126243 0.0193158 -0.0236893 0.0383825 0.127031 -0.0496125 0.120097 -0.123566 1.63771 -0.0848584 -0.487895 -0.173831 -0.610728 -0.10556 0.0409472 -0.704358 -1.36232 -0.0117582 -0.309778 -0.0930487 -0.0850452 
0.0314155 0.0396056 -0.0298765 0.00231312 -0.046838 0.00116649 -0.0210555 -0.0429432 -0.00126243 0.0193158 -0.0236893 0.0383825 0.127031 -0.0496113 0.120097 -0.123566 1.63771 -0.0848584 -0.487895 -0.173831 -0.610845 -0.105555 0.0409491 -0.706069 -1.36232 -0.0117582 -0.309779 -0.0930462 -0.0849099 
0.0314517 0.0395918 -0.0298765 0.00231312 -0.046838 0.00116649 -0.0210111 -0.0429571 -0.00126529 0.0193158 -0.0236893 0.0383825 0.127031 -0.0496118 0.120098 -0.123566 1.63771 -0.0848606 -0.487895 -0.173832 -0.610929 -0.105555 0.0409436 -0.707607 -1.36232 -0.0117582 -0.309779 -0.0930474 -0.0847412 
0.0314848 0.0395862 -0.0298765 0.00231312 -0.046838 0.00116649 -0.0209556 -0.0429571 -0.00126791 0.0193158 -0.0236893 0.0383825 0.127031 -0.0496125 0.120097 -0.123566 1.63771 -0.0848584 -0.487895 -0.173831 -0.611008 -0.105549 0.0409436 -0.709321 -1.36232 -0.0117582 -0.309778 -0.0930487 -0.0845425 
0.0315154 0.0395862 -0.0298765 0.00231312 -0.046838 0.00116649 -0.0208972 -0.0429571 -0.00126791 0.0193158 -0.0236893 0.0383825 0.127031 -0.0496125 0.120098 -0.123566 1.63771 -0.0848582 -0.487895 -0.173831 -0.611069 -0.105544 0.0409436 -0.710693 -1.36232 -0.0117582 -0.30978 -0.0930511 -0.0844432 
0.0315459 0.039578 -0.0298765 0.00231312 -0.0468393 0.00116889 -0.0208557 -0.0429654 -0.00126791 0.0193158 -0.0236893 0.0383825 0.127032 -0.0496125 0.120098 -0.123567 1.63771 -0.0848584 -0.487895 -0.173832 -0.611126 -0.105543 0.0409412 -0.712149 -1.36232 -0.0117582 -0.309779 -0.0930462 -0.0842912 
0.0315819 0.039564 -0.0298765 0.00231312 -0.0468393 0.00116889 -0.0208168 -0.0429709 -0.00127339 0.0193158 -0.0236893 0.0383825 0.127031 -0.0496125 0.120097 -0.123566 1.63771 -0.0848584 -0.487895 -0.173831 -0.611165 -0.105542 0.0409424 -0.713725 -1.36232 -0.0117582 -0.309778 -0.0930474 -0.08412 
0.0316069 0.0395613 -0.0298765 0.00231312 -0.0468393 0.00116889 -0.0207751 -0.0429709 -0.00127649 0.0193158 -0.0236893 0.0383825 0.127031 -0.0496118 0.120098 -0.123565 1.63771 -0.0848584 -0.487895 -0.173831 -0.611191 -0.105536 0.0409443 -0.714951 -1.36232 -0.0117582 -0.309779 -0.0930462 -0.0839884 
0.0316262 0.0395613 -0.0298765 0.00231312 -0.0468393 0.00116889 -0.0207169 -0.0429709 -0.00127912 0.0193158 -0.0236893 0.0383825 0.127031 -0.0496113 0.120098 -0.123567 1.63771 -0.0848584 -0.487895 -0.173831 -0.611227 -0.105536 0.040946 -0.716182 -1.36232 -0.0117577 -0.309779 -0.0930462 -0.0837933 
0.0316596 0.0395558 -0.0298765 0.00231686 -0.0468406 0.0011713 -0.0206809 -0.0429765 -0.00127912 0.0193158 -0.0236867 0.0383872 0.127032 -0.0496137 0.120098 -0.123566 1.63771 -0.0848596 -0.487895 -0.173831 -0.61127 -0.105535 0.0409451 -0.717498 -1.36232 -0.0117582 -0.309778 -0.0930487 -0.0835803 
0.0316792 0.0395502 -0.0298765 0.00231312 -0.0468431 0.00117611 -0.0206642 -0.0429765 -0.00127912 0.0193158 -0.0236867 0.0383872 0.127031 -0.0496125 0.120098 -0.123566 1.63771 -0.0848584 -0.487895 -0.173831 -0.611292 -0.105537 0.040946 -0.718515 -1.36232 -0.0117582 -0.309778 -0.0930511 -0.0834642 
0.0316901 0.0395502 -0.0298765 0.00231312 -0.0468431 0.00117611 -0.0206418 -0.0429765 -0.00127912 0.0193232 -0.0236867 0.0383872 0.127031 -0.0496118 0.120097 -0.123567 1.63771 -0.0848584 -0.487895 -0.173831 -0.611303 -0.105536 0.0409412 -0.719588 -1.36232 -0.0117582 -0.309779 -0.0930451 -0.0834187 
0.0317068 0.0395502 -0.0298765 0.00231312 -0.0468431 0.00118565 -0.0206113 -0.0429765 -0.00127912 0.0193232 -0.0236867 0.0383872 0.127031 -0.0496118 0.1201 -0.123567 1.63771 -0.0848582 -0.487895 -0.173831 -0.611312 -0.105535 0.0409362 -0.720537 -1.36232 -0.0117565 -0.30978 -0.0930462 -0.0833553 
0.0317261 0.0395418 -0.0298765 0.00231312 -0.0468445 0.00118813 -0.0205865 -0.042982 -0.00128174 0.0193232 -0.0236867 0.0383872 0.127031 -0.0496125 0.120098 -0.123566 1.63771 -0.0848606 -0.487895 -0.173832 -0.611327 -0.105536 0.0409236 -0.721437 -1.36232 -0.0117577 -0.309779 -0.0930511 -0.0832596 
0.0317428 0.0395418 -0.0298765 0.00231312 -0.0468445 0.00118813 -0.0205669 -0.0429792 -0.00128746 0.0193232 -0.0236867 0.0383872 0.127031 -0.0496125 0.120098 -0.123566 1.63771 -0.0848584 -0.487895 -0.173831 -0.611342 -0.105535 0.0410132 -0.722302 -1.36232 -0.0117571 -0.309778 -0.0930487 -0.0831674 
0.0317512 0.0395418 -0.029871 0.00231312 -0.0468445 0.00118813 -0.020556 -0.042982 -0.00129008 0.0193232 -0.0236867 0.0383872 0.127031 -0.0496118 0.1201 -0.123566 1.63771 -0.0848584 -0.487895 -0.173831 -0.611349 -0.105533 0.0411909 -0.723001 -1.36232 -0.0117565 -0.309779 -0.0930511 -0.0831124 
0.0317566 0.0395474 -0.029871 0.00231312 -0.0468445 0.00118813 -0.0205505 -0.0429847 -0.00129008 0.0193232 -0.0236867 0.0383872 0.127032 -0.0496113 0.120098 -0.123567 1.63771 -0.0848584 -0.487895 -0.173831 -0.611352 -0.105532 0.0414495 -0.723706 -1.36232 -0.0117565 -0.309779 -0.0930487 -0.0830705 
0.0317845 0.0395364 -0.029871 0.00231312 -0.046847 0.00119295 -0.0205338 -0.0429847 -0.00129867 0.0193232 -0.0236867 0.0383872 0.127031 -0.0496125 0.120098 -0.123567 1.63771 -0.0848596 -0.487895 -0.173832 -0.611382 -0.105532 0.0418372 -0.724438 -1.36232 -0.0117565 -0.309778 -0.0930487 -0.0830094 
0.0318041 0.0395364 -0.029871 0.00231312 -0.0468483 0.00120016 -0.02052 -0.0429847 -0.00129867 0.0193232 -0.0236867 0.0383872 0.127031 -0.0496113 0.120098 -0.123566 1.63771 -0.0848584 -0.487895 -0.173831 -0.611418 -0.105532 0.0423243 -0.724952 -1.36232 -0.0117565 -0.309779 -0.0930462 -0.0829197 
0.0318205 0.039528 -0.029871 0.00231312 -0.0468483 0.00120016 -0.0204921 -0.0429847 -0.00130129 0.0193232 -0.0236867 0.0383872 0.127031 -0.0496118 0.120098 -0.123566 1.63771 -0.0848584 -0.487895 -0.173831 -0.611459 -0.105532 0.043031 -0.725369 -1.36232 -0.0117565 -0.309778 -0.0930487 -0.0828287 
0.0318315 0.039528 -0.029871 0.00231312 -0.0468458 0.00121457 -0.0204673 -0.0429847 -0.00130129 0.019327 -0.0236867 0.0383872 0.127031 -0.0496118 0.1201 -0.123566 1.63771 -0.0848584 -0.487895 -0.173832 -0.611551 -0.105532 0.04375 -0.725664 -1.36232 -0.0117565 -0.309778 -0.0930451 -0.0826696 
0.0318315 0.0395253 -0.0298765 0.00231312 -0.0468458 0.00121457 -0.0204282 -0.0429847 -0.00130129 0.019327 -0.0236867 0.0383872 0.127031 -0.0496113 0.120098 -0.123566 1.63771 -0.0848596 -0.487895 -0.173832 -0.61161 -0.105533 0.0445614 -0.725885 -1.36232 -0.0117552 -0.309778 -0.0930511 -0.0824984 
0.0318427 0.0395142 -0.029871 0.00231312 -0.0468445 0.00121697 -0.0203979 -0.0429847 -0.00130701 0.019327 -0.0236867 0.0383872 0.127032 -0.0496118 0.120098 -0.123566 1.63771 -0.0848582 -0.487895 -0.17383 -0.611632 -0.105529 0.0455773 -0.726061 -1.36232 -0.0117552 -0.309778 -0.0930511 -0.0822842 
0.0318511 0.0395031 -0.0298765 0.00231312 -0.0468445 0.00121697 -0.0203812 -0.0429958 -0.00131249 0.019327 -0.0236867 0.0383872 0.127032 -0.0496113 0.120098 -0.123567 1.63771 -0.0848582 -0.487895 -0.173831 -0.61164 -0.105516 0.0465384 -0.726187 -1.36232 -0.0117552 -0.309778 -0.0930487 -0.0819778 
0.0318675 0.0395031 -0.0298765 0.00231312 -0.0468432 0.00121936 -0.0203674 -0.0429958 -0.00131249 0.019327 -0.0236867 0.0383872 0.127032 -0.0496118 0.1201 -0.123567 1.63771 -0.0848596 -0.487895 -0.173831 -0.611649 -0.105503 0.0475414 -0.726315 -1.36232 -0.0117552 -0.309778 -0.0930487 -0.0816631 
0.0318761 0.0394948 -0.0298765 0.00231312 -0.046838 0.00120974 -0.020359 -0.0430069 -0.00131249 0.019327 -0.0236867 0.0383872 0.127032 -0.0496113 0.1201 -0.123566 1.63771 -0.0848582 -0.487895 -0.173831 -0.611657 -0.105499 0.0487964 -0.726433 -1.36232 -0.0117552 -0.309778 -0.0930474 -0.0812669 
0.0318871 0.039489 -0.029871 0.00231312 -0.046838 0.00120974 -0.0203478 -0.0430042 -0.00131512 0.019327 -0.0236867 0.0383872 0.127032 -0.0496118 0.1201 -0.123567 1.63771 -0.0848582 -0.487895 -0.17383 -0.611663 -0.1055 0.0500579 -0.726537 -1.36232 -0.0117565 -0.309778 -0.0930462 -0.0810431 
0.0318899 0.0394837 -0.0298765 0.00231312 -0.0468354 0.00120492 -0.0203369 -0.0429987 -0.00131798 0.019327 -0.0236867 0.0383872 0.127031 -0.0496113 0.1201 -0.123566 1.63771 -0.0848582 -0.487895 -0.173831 -0.611668 -0.105499 0.0514402 -0.726614 -1.36232 -0.0117552 -0.309778 -0.0930451 -0.0808505 
0.0318954 0.0394837 -0.0298765 0.00231312 -0.0468341 0.00120244 -0.0203285 -0.0429987 -0.00131798 0.019327 -0.0236867 0.0383872 0.127032 -0.0496118 0.1201 -0.123567 1.63771 -0.0848572 -0.487895 -0.173831 -0.611673 -0.1055 0.0531213 -0.726674 -1.36232 -0.0117552 -0.309778 -0.0930451 -0.0806602 
0.0319066 0.0394837 -0.0298765 0.00231312 -0.0468354 0.00120492 -0.0203173 -0.0429987 -0.00131798 0.019327 -0.0236867 0.0383872 0.127032 -0.0496113 0.1201 -0.123567 1.63771 -0.0848584 -0.487895 -0.173831 -0.611676 -0.1055 0.0546596 -0.726705 -1.36232 -0.0117552 -0.309778 -0.0930451 -0.0804939 
0.0319233 0.0394779 -0.0298765 0.00231312 -0.0468341 0.00120244 -0.0203118 -0.0430042 -0.00131798 0.019327 -0.0236867 0.0383872 0.127032 -0.0496118 0.1201 -0.123566 1.63771 -0.0848584 -0.487895 -0.173831 -0.61168 -0.105498 0.0564113 -0.726719 -1.36233 -0.0117577 -0.309778 -0.0930462 -0.0802113 
0.0319426 0.0394753 -0.0298765 0.00231312 -0.0468341 0.00120244 -0.020309 -0.0429987 -0.00132084 0.019327 -0.0236867 0.0383872 0.127032 -0.0496113 0.1201 -0.123566 1.63771 -0.0848582 -0.487895 -0.173831 -0.611682 -0.105494 0.0580459 -0.726725 -1.36233 -0.0117582 -0.309778 -0.0930451 -0.0798547 
0.0319676 0.0394696 -0.0298765 0.00231312 -0.0468341 0.00120244 -0.020298 -0.0429987 -0.00132084 0.019327 -0.0236867 0.0383872 0.127032 -0.0496113 0.1201 -0.123566 1.63771 -0.0848572 -0.487895 -0.173831 -0.611685 -0.105491 0.0598714 -0.726727 -1.36233 -0.0117582 -0.309777 -0.0930451 -0.0793844 
0.031987 0.0394641 -0.0298765 0.00231312 -0.0468341 0.00120244 -0.0202897 -0.0430069 -0.00132084 0.019327 -0.0236867 0.0383872 0.127031 -0.0496113 0.1201 -0.123567 1.63771 -0.0848582 -0.487895 -0.173832 -0.61169 -0.10549 0.0617287 -0.726732 -1.36233 -0.0117582 -0.309777 -0.0930462 -0.0789225 
0.0320036 0.0394641 -0.0298765 0.00231312 -0.0468341 0.00120244 -0.0202813 -0.0430069 -0.00132084 0.019327 -0.0236867 0.0383872 0.127032 -0.0496113 0.1201 -0.123566 1.63771 -0.0848584 -0.487895 -0.173832 -0.61169 -0.105491 0.0633831 -0.726736 -1.36233 -0.0117608 -0.309778 -0.0930462 -0.078603 
0.032012 0.0394585 -0.0298765 0.00231312 -0.0468341 0.00120244 -0.0202785 -0.0430042 -0.00132084 0.019327 -0.0236867 0.0383872 0.127032 -0.0496113 0.1201 -0.123566 1.63771 -0.0848584 -0.487895 -0.173831 -0.611692 -0.10549 0.0651062 -0.726738 -1.36233 -0.0117608 -0.309778 -0.0930462 -0.0783815 
0.032012 0.0394615 -0.029871 0.00231312 -0.0468341 0.00120244 -0.0202758 -0.0430098 -0.00132084 0.019327 -0.0236867 0.0383872 0.127032 -0.0496113 0.1201 -0.123566 1.63771 -0.0848582 -0.487895 -0.173831 -0.611695 -0.105491 0.0670497 -0.726753 -1.36233 -0.0117669 -0.309778 -0.0930451 -0.0782594 
0.0320146 0.0394641 -0.0298765 0.00231312 -0.0468341 0.00120244 -0.0202758 -0.0429987 -0.00132608 0.019327 -0.0236867 0.0383872 0.127032 -0.0496113 0.1201 -0.123567 1.63771 -0.0848582 -0.487895 -0.173831 -0.6117 -0.105491 0.0687604 -0.726755 -1.36233 -0.0117773 -0.309778 -0.0930451 -0.0781804 
0.0320146 0.0394753 -0.0298765 0.00231312 -0.0468341 0.00120244 -0.0202758 -0.0429958 -0.00132608 0.019327 -0.0236867 0.0383872 0.127031 -0.0496113 0.1201 -0.123567 1.63771 -0.0848582 -0.487895 -0.17383 -0.611701 -0.105489 0.0704029 -0.726755 -1.36234 -0.0117937 -0.309778 -0.0930462 -0.0780991 
0.032012 0.0394779 -0.0298765 0.00231686 -0.0468341 0.00120244 -0.0202646 -0.0430098 -0.00132918 0.019327 -0.0236867 0.0383872 0.127031 -0.0496113 0.1201 -0.123566 1.63771 -0.0848582 -0.487895 -0.173831 -0.611702 -0.105484 0.07216 -0.726754 -1.36234 -0.0117998 -0.309778 -0.0930451 -0.0780189 
0.032012 0.0394753 -0.0298765 0.00231686 -0.0468328 0.00120011 -0.0202591 -0.0429987 -0.00132918 0.019327 -0.0236867 0.0383872 0.127031 -0.0496113 0.1201 -0.123566 1.63771 -0.0848572 -0.487895 -0.173831 -0.611701 -0.105484 0.0737 -0.726755 -1.36234 -0.011801 -0.309777 -0.0930462 -0.0778933 
0.0320175 0.0394696 -0.0298765 0.00231686 -0.0468328 0.00120011 -0.0202591 -0.0429987 -0.00132608 0.019327 -0.0236867 0.0383872 0.127032 -0.0496113 0.1201 -0.123566 1.63771 -0.0848584 -0.487895 -0.173831 -0.611701 -0.105484 0.0753498 -0.726756 -1.36234 -0.0118022 -0.309778 -0.0930487 -0.0777485 
0.0320258 0.0394641 -0.0298765 0.00231686 -0.0468328 0.00120011 -0.0202563 -0.0429987 -0.00132608 0.019327 -0.0236867 0.0383872 0.127034 -0.0496113 0.1201 -0.123567 1.63771 -0.0848572 -0.487895 -0.173831 -0.611702 -0.105484 0.0768249 -0.726757 -1.36234 -0.0118022 -0.309778 -0.0930474 -0.0776276 
0.0320399 0.0394641 -0.0298765 0.00231686 -0.0468328 0.00120011 -0.0202451 -0.0429987 -0.00132918 0.019327 -0.0236867 0.0383872 0.127032 -0.0496113 0.1201 -0.123567 1.63771 -0.0848584 -0.487895 -0.173831 -0.611705 -0.105483 0.0782537 -0.726757 -1.36235 -0.0118194 -0.309777 -0.0930451 -0.077472 
0.0320508 0.0394641 -0.0298765 0.00231686 -0.0468328 0.00120011 -0.0202425 -0.0429987 -0.00133181 0.019327 -0.0236867 0.0383872 0.127032 -0.0496113 0.1201 -0.123567 1.63771 -0.0848584 -0.487895 -0.173831 -0.61171 -0.105483 0.079803 -0.726759 -1.36235 -0.011898 -0.309777 -0.0930462 -0.0773762 
0.0320537 0.0394753 -0.0298765 0.00231686 -0.0468328 0.00120011 -0.020237 -0.0429987 -0.00133181 0.019327 -0.0236867 0.0383872 0.127031 -0.0496113 0.1201 -0.123566 1.63771 -0.0848596 -0.487895 -0.173831 -0.611711 -0.105481 0.0811536 -0.726758 -1.36235 -0.0120013 -0.309778 -0.0930487 -0.0773033 
0.0320563 0.0394753 -0.0298765 0.00231312 -0.0468328 0.00120011 -0.020237 -0.0429987 -0.00133181 0.019327 -0.0236867 0.0383872 0.127032 -0.0496113 0.120101 -0.123567 1.63771 -0.0848572 -0.487895 -0.173831 -0.611711 -0.10548 0.0824056 -0.726759 -1.36236 -0.0121201 -0.309777 -0.0930451 -0.0772182 
0.032059 0.0394753 -0.0298765 0.00231312 -0.0468328 0.00120011 -0.0202286 -0.0429987 -0.00133181 0.019327 -0.0236867 0.0383872 0.127032 -0.0496113 0.1201 -0.123566 1.63771 -0.0848582 -0.487895 -0.173831 -0.61171 -0.10548 0.0837121 -0.726758 -1.36236 -0.0123461 -0.309778 -0.0930474 -0.077107 
0.032059 0.0394641 -0.0298765 0.00231312 -0.0468328 0.00120011 -0.0202286 -0.0429987 -0.00133181 0.019327 -0.0236867 0.0383872 0.127034 -0.0496118 0.120101 -0.123566 1.63771 -0.0848582 -0.487895 -0.173831 -0.61171 -0.105479 0.0847895 -0.726759 -1.36236 -0.0126115 -0.309777 -0.0930451 -0.0770496 
0.032059 0.0394641 -0.0298793 0.00231312 -0.0468341 0.00120244 -0.0202286 -0.0429987 -0.00133181 0.019327 -0.0236867 0.0383872 0.127032 -0.0496113 0.120101 -0.123566 1.63771 -0.0848584 -0.487895 -0.17383 -0.61171 -0.10548 0.08588 -0.72676 -1.36236 -0.012979 -0.309778 -0.0930462 -0.0769849 
0.032059 0.0394615 -0.0298765 0.00231312 -0.0468341 0.00120244 -0.0202286 -0.0429987 -0.00133467 0.019327 -0.0236841 0.0383824 0.127032 -0.0496113 0.120101 -0.123567 1.63771 -0.0848584 -0.487895 -0.173831 -0.611711 -0.105482 0.0867286 -0.726759 -1.36236 -0.0134161 -0.309778 -0.0930451 -0.0769179 
0.032059 0.0394696 -0.0298765 0.00231312 -0.0468341 0.00120244 -0.0202286 -0.0429987 -0.00134015 0.019327 -0.0236841 0.0383824 0.127032 -0.0496113 0.120101 -0.123567 1.63771 -0.0848584 -0.487895 -0.17383 -0.611713 -0.105472 0.0874794 -0.72676 -1.36236 -0.0138469 -0.309777 -0.0930462 -0.07687 
0.032059 0.0394837 -0.0298765 0.00231312 -0.0468341 0.00120244 -0.020226 -0.0429987 -0.00134015 0.019327 -0.0236841 0.0383824 0.127032 -0.0496113 0.120101 -0.123566 1.63771 -0.0848572 -0.487895 -0.173831 -0.61171 -0.105456 0.088202 -0.726759 -1.36237 -0.0142034 -0.309777 -0.0930451 -0.076858 
0.0320537 0.039489 -0.0298765 0.00231312 -0.0468341 0.00120244 -0.0202286 -0.0429987 -0.00134015 0.019327 -0.0236841 0.0383824 0.127032 -0.0496113 0.120101 -0.123566 1.63771 -0.0848584 -0.487895 -0.173831 -0.611708 -0.10546 0.088666 -0.726759 -1.36237 -0.0143639 -0.309777 -0.0930462 -0.076858 
0.0320537 0.039489 -0.0298765 0.00231312 -0.0468341 0.00120244 -0.020237 -0.0429987 -0.00134301 0.019327 -0.0236841 0.0383824 0.127032 -0.0496113 0.120101 -0.123567 1.63771 -0.0848596 -0.487895 -0.173831 -0.611707 -0.105572 0.0889244 -0.726756 -1.36237 -0.0144536 -0.309777 -0.0930451 -0.0768545 
0.0320563 0.0394948 -0.0298793 0.00231312 -0.0468341 0.00120244 -0.0202563 -0.0429987 -0.00134015 0.0193232 -0.0236841 0.0383824 0.127034 -0.0496113 0.120102 -0.123566 1.63771 -0.0848572 -0.487895 -0.173831 -0.611707 -0.105815 0.0886829 -0.726756 -1.36237 -0.0145233 -0.309777 -0.0930451 -0.0768593 
0.0320563 0.0394948 -0.0298765 0.00231312 -0.0468341 0.00120244 -0.0202785 -0.0429987 -0.00134301 0.0193232 -0.0236841 0.0383824 0.127034 -0.0496113 0.120102 -0.123567 1.63771 -0.0848582 -0.487895 -0.173831 -0.611699 -0.106114 0.0878394 -0.726755 -1.36238 -0.0145575 -0.309777 -0.0930474 -0.0768545 
0.0320508 0.0394948 -0.0298765 0.00231686 -0.0468341 0.00120244 -0.0203035 -0.0429987 -0.00134563 0.0193232 -0.0236841 0.0383824 0.127032 -0.0496099 0.120102 -0.123566 1.63771 -0.0848572 -0.487895 -0.173831 -0.611672 -0.106456 0.0864422 -0.726755 -1.36238 -0.0145928 -0.309778 -0.0930474 -0.0768521 
0.0320508 0.039489 -0.0298765 0.00231312 -0.0468341 0.00120244 -0.0203311 -0.0429987 -0.00134563 0.0193232 -0.0236841 0.0383824 0.127032 -0.0496113 0.120102 -0.123567 1.63771 -0.0848572 -0.487895 -0.173831 -0.611624 -0.106847 0.0841095 -0.726755 -1.36217 -0.0146356 -0.309777 -0.0930451 -0.0768496 
0.0320508 0.0395001 -0.0298765 0.00231312 -0.0468354 0.00120492 -0.0203674 -0.0429987 -0.00134563 0.0193232 -0.0236841 0.0383824 0.127032 -0.0496113 0.120102 -0.123566 1.63771 -0.0848584 -0.487895 -0.173831 -0.611572 -0.107191 0.0813251 -0.726738 -1.3616 -0.0146434 -0.309776 -0.0930451 -0.0768437 
0.0320537 0.0395169 -0.0298765 0.00231312 -0.0468367 0.00120252 -0.0203979 -0.0429987 -0.00135136 0.0193232 -0.0236841 0.0383824 0.127032 -0.0496118 0.120102 -0.123567 1.63771 -0.0848584 -0.487895 -0.173831 -0.611521 -0.107509 0.0779369 -0.726726 -1.36055 -0.0146692 -0.309777 -0.0930451 -0.0768389 
0.0320563 0.0395364 -0.0298765 0.00231312 -0.0468315 0.00121212 -0.0204201 -0.0429987 -0.00134563 0.0193232 -0.0236841 0.0383824 0.127032 -0.0496113 0.120102 -0.123567 1.63771 -0.0848584 -0.487895 -0.173831 -0.611469 -0.10782 0.0733259 -0.726726 -1.35866 -0.0147032 -0.309777 -0.0930474 -0.0768461 
0.0320425 0.0395502 -0.0298765 0.00231312 -0.0468341 0.00120732 -0.0204256 -0.0429987 -0.00134563 0.0193232 -0.0236841 0.0383824 0.127032 -0.0496113 0.120102 -0.123567 1.63771 -0.0848582 -0.487895 -0.173832 -0.611425 -0.108033 0.068578 -0.726726 -1.35649 -0.0147058 -0.309777 -0.0930451 -0.0768353 
0.032012 0.039564 -0.0298765 0.00231312 -0.046838 0.00120012 -0.0204368 -0.0429987 -0.00134563 0.0193232 -0.0236841 0.0383824 0.127031 -0.0496113 0.120102 -0.123566 1.63771 -0.0848582 -0.487895 -0.173831 -0.611379 -0.10819 0.0626435 -0.72672 -1.35363 -0.0147704 -0.309777 -0.0930462 -0.0768318 
0.031976 0.0395669 -0.0298793 0.00231312 -0.0468406 0.00119533 -0.0204477 -0.0429958 -0.00134301 0.0193232 -0.0236841 0.0383824 0.127032 -0.0496113 0.120102 -0.123567 1.63771 -0.0848584 -0.487895 -0.173831 -0.611356 -0.108272 0.056689 -0.72672 -1.35085 -0.0148302 -0.309776 -0.0930451 -0.0768473 
0.031951 0.0395724 -0.0298765 0.00231312 -0.0468432 0.00119053 -0.0204589 -0.0429903 -0.00134563 0.0193232 -0.0236841 0.0383824 0.127032 -0.0496113 0.120102 -0.123567 1.63771 -0.0848584 -0.487895 -0.173831 -0.611346 -0.108333 0.0502052 -0.726713 -1.34771 -0.0148528 -0.309776 -0.0930402 -0.0768616 
0.0319343 0.0395751 -0.0298793 0.00231312 -0.0468445 0.00118813 -0.0204589 -0.0429958 -0.00135136 0.0193232 -0.0236841 0.0383824 0.127031 -0.0496118 0.120104 -0.123566 1.63771 -0.0848584 -0.487895 -0.173831 -0.611343 -0.108358 0.0422583 -0.726705 -1.34356 -0.0148559 -0.309778 -0.0930343 -0.0768772 
0.0319288 0.0395862 -0.0298793 0.00231312 -0.0468431 0.00118565 -0.0204589 -0.0429847 -0.00135136 0.0193232 -0.0236828 0.03838 0.127032 -0.0496113 0.120106 -0.123566 1.63771 -0.0848572 -0.487895 -0.173831 -0.611343 -0.108371 0.0346045 -0.726702 -1.33955 -0.014873 -0.309778 -0.0930294 -0.076876 
0.0319288 0.0395918 -0.0298793 0.00231312 -0.0468431 0.00118565 -0.0204589 -0.0429847 -0.00135398 0.0193232 -0.0236828 0.03838 0.127032 -0.0496118 0.120104 -0.123567 1.63771 -0.0848572 -0.487895 -0.173831 -0.611343 -0.108401 0.0264337 -0.726701 -1.33524 -0.0148821 -0.309777 -0.0930307 -0.0768856 
0.0319343 0.0395945 -0.0298822 0.00231312 -0.0468431 0.00118565 -0.0204535 -0.0429847 -0.00135398 0.0193232 -0.0236828 0.03838 0.127032 -0.0496113 0.120104 -0.123566 1.63771 -0.0848582 -0.487895 -0.173831 -0.611343 -0.108456 0.0166628 -0.726702 -1.33001 -0.0148906 -0.309777 -0.0930294 -0.0768808 
0.0319343 0.0395945 -0.0298822 0.00231312 -0.0468431 0.00118565 -0.0204504 -0.0429931 -0.00135398 0.0193232 -0.0236828 0.03838 0.127032 -0.0496113 0.120104 -0.123567 1.63771 -0.0848582 -0.487895 -0.173831 -0.611342 -0.10853 0.00767708 -0.726709 -1.32527 -0.0148888 -0.309777 -0.0930294 -0.0768748 
0.0319343 0.0395945 -0.0298822 0.00231312 -0.0468445 0.00118813 -0.0204504 -0.0429931 -0.00135398 0.0193232 -0.0236828 0.03838 0.127032 -0.0496137 0.120104 -0.123567 1.63771 -0.0848572 -0.487895 -0.173831 -0.611343 -0.10862 -0.00283194 -0.726733 -1.31968 -0.0148906 -0.309777 -0.0930307 -0.0768723 
0.0319343 0.0395945 -0.0298793 0.00231312 -0.0468445 0.00118813 -0.0204504 -0.0429958 -0.00135398 0.0193232 -0.0236828 0.03838 0.127032 -0.0496125 0.120106 -0.123567 1.63771 -0.0848584 -0.487895 -0.173831 -0.611342 -0.108686 -0.0123792 -0.726739 -1.31466 -0.0148942 -0.309777 -0.0930283 -0.0768353 
0.0319343 0.0395945 -0.0298793 0.00231312 -0.0468445 0.00118813 -0.0204504 -0.0429931 -0.00135684 0.0193232 -0.0236828 0.03838 0.127032 -0.0496118 0.120104 -0.123566 1.63771 -0.0848584 -0.487895 -0.173831 -0.611342 -0.108761 -0.0234094 -0.72674 -1.30898 -0.0148906 -0.309778 -0.0930319 -0.0767144 
0.0319426 0.0395945 -0.0298822 0.00231312 -0.0468445 0.00118813 -0.0204504 -0.0429903 -0.00135684 0.0193232 -0.0236815 0.0383776 0.127032 -0.0496118 0.120106 -0.123566 1.63771 -0.0848584 -0.487895 -0.173831 -0.611342 -0.108851 -0.0346477 -0.726749 -1.30324 -0.0148919 -0.309778 -0.0930307 -0.0765157 
0.0319481 0.0395945 -0.0298822 0.00231312 -0.0468445 0.00118813 -0.0204477 -0.0429987 -0.00135684 0.0193232 -0.0236815 0.0383776 0.127032 -0.0496118 0.120104 -0.123566 1.63771 -0.0848582 -0.487895 -0.173831 -0.611342 -0.108948 -0.0448163 -0.726752 -1.2982 -0.0148942 -0.309778 -0.0930283 -0.0762848 
0.0319593 0.0396001 -0.0298822 0.00231312 -0.0468445 0.00118813 -0.0204422 -0.0429987 -0.00135684 0.0193232 -0.0236815 0.0383776 0.127032 -0.0496113 0.120104 -0.123567 1.63771 -0.0848584 -0.487895 -0.173832 -0.611342 -0.109059 -0.0551209 -0.726753 -1.2931 -0.0148919 -0.309779 -0.0930283 -0.0760742 
0.0319648 0.0395862 -0.0298822 0.00231312 -0.0468445 0.00118813 -0.0204394 -0.0429987 -0.00135684 0.0193232 -0.0236815 0.0383776 0.127032 -0.0496125 0.120106 -0.123566 1.63771 -0.0848582 -0.487895 -0.173831 -0.611342 -0.109164 -0.0669312 -0.726757 -1.28734 -0.0148932 -0.309781 -0.093021 -0.0758384 
0.0319815 0.0395862 -0.0298822 0.00231312 -0.0468445 0.00118813 -0.0204368 -0.0429987 -0.00135684 0.0193232 -0.0236815 0.0383776 0.127032 -0.0496125 0.120106 -0.123567 1.63771 -0.0848584 -0.487895 -0.173832 -0.611341 -0.109219 -0.0775495 -0.726757 -1.2821 -0.0148937 -0.309781 -0.0930139 -0.0755787 
0.0319924 0.0395862 -0.0298822 0.00231312 -0.0468431 0.00118565 -0.0204368 -0.0429987 -0.00135684 0.0193232 -0.0236815 0.0383776 0.127032 -0.0496118 0.120106 -0.123567 1.63771 -0.0848584 -0.487895 -0.173831 -0.611341 -0.109246 -0.0881371 -0.726759 -1.27683 -0.0148937 -0.30978 -0.0930091 -0.0752987 
0.0320008 0.0395862 -0.0298848 0.00231686 -0.0468431 0.00118565 -0.0204339 -0.0429987 -0.00135946 0.0193232 -0.0236815 0.0383776 0.127032 -0.0496118 0.120106 -0.123566 1.63771 -0.0848584 -0.487895 -0.173831 -0.611341 -0.109258 -0.100247 -0.726764 -1.27091 -0.0148993 -0.309779 -0.0930091 -0.0749409 
0.0320146 0.0395862 -0.0298848 0.00231686 -0.0468431 0.00118565 -0.0204282 -0.0429987 -0.00135684 0.0193232 -0.0236815 0.0383776 0.127032 -0.0496118 0.120106 -0.123567 1.63771 -0.0848572 -0.487895 -0.173832 -0.611342 -0.109263 -0.111109 -0.726765 -1.26564 -0.0148901 -0.309778 -0.0930091 -0.0745615 
0.0320175 0.0395945 -0.0298848 0.00231686 -0.0468431 0.00118565 -0.0204282 -0.0429903 -0.00135684 0.0193232 -0.0236828 0.03838 0.127032 -0.0496113 0.120106 -0.123566 1.63771 -0.0848582 -0.487895 -0.173831 -0.611341 -0.109296 -0.121964 -0.726767 -1.26059 -0.0148852 -0.309778 -0.0930066 -0.0742227 
0.0320175 0.0395945 -0.0298848 0.00231686 -0.0468431 0.00118565 -0.0204282 -0.0429987 -0.00135684 0.0193232 -0.0236828 0.03838 0.127032 -0.0496118 0.120106 -0.123567 1.63771 -0.0848584 -0.487895 -0.173831 -0.611335 -0.109364 -0.134327 -0.726767 -1.25492 -0.0148845 -0.309778 -0.0930055 -0.0739499 
0.032012 0.0395945 -0.0298848 0.00231686 -0.0468431 0.00118565 -0.0204368 -0.0429987 -0.00135684 0.0193232 -0.0236828 0.03838 0.127032 -0.0496113 0.120106 -0.123567 1.63771 -0.0848572 -0.487895 -0.173831 -0.611332 -0.109451 -0.145338 -0.726767 -1.25004 -0.0148791 -0.309778 -0.0929971 -0.07378 
0.032012 0.0395945 -0.0298848 0.00231686 -0.0468431 0.00118565 -0.0204394 -0.0429847 -0.00135398 0.0193232 -0.0236828 0.03838 0.127032 -0.0496113 0.120106 -0.123567 1.63771 -0.0848584 -0.487895 -0.173831 -0.611312 -0.109561 -0.15761 -0.726756 -1.24456 -0.0148754 -0.309781 -0.0929816 -0.0736974 
0.032012 0.0395945 -0.0298905 0.00231686 -0.0468419 0.00118332 -0.0204394 -0.0429987 -0.00135398 0.0193232 -0.0236828 0.03838 0.127032 -0.0496125 0.120106 -0.123567 1.63771 -0.0848584 -0.487895 -0.173831 -0.611302 -0.109623 -0.168581 -0.726676 -1.23967 -0.0148669 -0.309781 -0.0929552 -0.0736447 
0.032012 0.0395945 -0.0298848 0.00231686 -0.0468406 0.00118091 -0.0204477 -0.0429987 -0.00135398 0.0193232 -0.0236828 0.03838 0.127032 -0.0496118 0.120106 -0.123567 1.63771 -0.0848584 -0.487895 -0.173831 -0.611303 -0.109652 -0.179441 -0.726513 -1.23485 -0.0148602 -0.309781 -0.0928967 -0.073628 
0.0320036 0.0395945 -0.0298905 0.00231686 -0.0468406 0.00118091 -0.0204589 -0.0430042 -0.00135398 0.0193232 -0.0236828 0.03838 0.127032 -0.0496125 0.120106 -0.123566 1.63771 -0.0848584 -0.487895 -0.173831 -0.6113 -0.109672 -0.191561 -0.726199 -1.2293 -0.0148602 -0.309785 -0.0928344 -0.0736244 
0.0319982 0.0395945 -0.0298905 0.00231686 -0.046838 0.0011761 -0.0204673 -0.0430069 -0.00135398 0.0193232 -0.0236828 0.03838 0.127032 -0.0496113 0.120106 -0.123567 1.63771 -0.0848584 -0.487895 -0.173832 -0.611299 -0.109676 -0.202435 -0.725848 -1.22447 -0.0148265 -0.309783 -0.0927817 -0.0736172 
0.0319786 0.0395945 -0.0298905 0.00231686 -0.0468406 0.0011713 -0.0204673 -0.0429958 -0.00135136 0.0193232 -0.0236828 0.03838 0.127032 -0.0496113 0.120106 -0.123566 1.63771 -0.0848584 -0.487895 -0.173831 -0.611296 -0.109677 -0.213282 -0.725386 -1.21971 -0.0147789 -0.309785 -0.0927553 -0.0736232 
0.0319619 0.0396001 -0.0298905 0.00231686 -0.0468393 0.00116889 -0.0204782 -0.0429987 -0.00135136 0.0193232 -0.0236828 0.03838 0.127032 -0.0496125 0.120106 -0.123567 1.63771 -0.0848572 -0.487895 -0.173831 -0.611283 -0.109675 -0.225425 -0.724698 -1.21445 -0.0146599 -0.309783 -0.0927434 -0.0736232 
0.0319593 0.0396001 -0.0298905 0.00231686 -0.0468393 0.00116889 -0.0204782 -0.0429987 -0.00135136 0.0193232 -0.0236828 0.03838 0.127032 -0.0496113 0.120106 -0.123566 1.63771 -0.0848572 -0.487895 -0.173831 -0.611273 -0.109677 -0.236267 -0.72397 -1.21003 -0.0145507 -0.309777 -0.0927385 -0.073622 
0.0319397 0.0396001 -0.0298848 0.00231686 -0.0468393 0.00116889 -0.0204811 -0.0429958 -0.00135136 0.0193232 -0.0236841 0.0383824 0.127032 -0.0496113 0.120106 -0.123567 1.63771 -0.0848582 -0.487895 -0.173831 -0.611244 -0.109674 -0.246979 -0.723027 -1.20578 -0.0145037 -0.309778 -0.0927279 -0.073622 
0.0319233 0.0395945 -0.0298905 0.00231686 -0.0468393 0.00116889 -0.0204811 -0.0429987 -0.00135136 0.0193232 -0.0236841 0.0383824 0.127032 -0.0496125 0.120106 -0.123567 1.63771 -0.0848584 -0.487895 -0.173831 -0.611221 -0.109674 -0.259038 -0.72181 -1.20131 -0.0143658 -0.309779 -0.0927051 -0.0736244 
0.0319204 0.0395945 -0.0298905 0.00231686 -0.0468393 0.00116889 -0.0204782 -0.0429987 -0.00135136 0.0193232 -0.0236841 0.0383824 0.127034 -0.0496125 0.120106 -0.123567 1.63771 -0.0848582 -0.487895 -0.173832 -0.611218 -0.109684 -0.269636 -0.720745 -1.19766 -0.0142668 -0.309774 -0.0926883 -0.0736291 
0.0319204 0.0395945 -0.0298848 0.00231686 -0.0468393 0.00116889 -0.0204811 -0.0429987 -0.00135136 0.0193232 -0.0236841 0.0383824 0.127034 -0.0496125 0.120106 -0.123567 1.63771 -0.0848572 -0.487895 -0.173831 -0.611218 -0.109685 -0.280048 -0.719539 -1.19409 -0.0142522 -0.309775 -0.0926573 -0.073628 
0.0319204 0.0395945 -0.0298905 0.00231686 -0.0468393 0.00116889 -0.0204811 -0.0429987 -0.00134563 0.0193232 -0.0236841 0.0383824 0.127032 -0.0496118 0.120106 -0.123567 1.63771 -0.0848582 -0.487895 -0.173831 -0.611212 -0.109685 -0.2918 -0.718031 -1.19032 -0.0141509 -0.309778 -0.0926166 -0.0736256 
0.0319204 0.0396029 -0.0298905 0.00231686 -0.0468393 0.00116889 -0.0204811 -0.0429987 -0.00135136 0.0193158 -0.0236841 0.0383824 0.127032 -0.0496113 0.120104 -0.123566 1.63771 -0.0848582 -0.487895 -0.173831 -0.611212 -0.109685 -0.302181 -0.716709 -1.18733 -0.0140417 -0.309777 -0.0926058 -0.0736303 
0.0319149 0.0396029 -0.0298905 0.00231686 -0.0468393 0.00116889 -0.0204811 -0.0430042 -0.00134563 0.0193158 -0.0236841 0.0383824 0.127032 -0.0496113 0.120106 -0.123568 1.63771 -0.0848582 -0.487895 -0.173832 -0.611212 -0.109685 -0.313671 -0.715078 -1.18423 -0.0140057 -0.309778 -0.0926009 -0.0736244 
0.0319149 0.0395945 -0.0298905 0.00231312 -0.0468393 0.00116889 -0.0204811 -0.0429987 -0.00134301 0.0193158 -0.0236841 0.0383824 0.127032 -0.0496113 0.120106 -0.123567 1.63771 -0.0848584 -0.487895 -0.173831 -0.611209 -0.109684 -0.323901 -0.713549 -1.18164 -0.0138792 -0.309777 -0.0925914 -0.073622 
0.0319066 0.0395918 -0.0298905 0.00231312 -0.0468393 0.00116889 -0.0204811 -0.0429987 -0.00134015 0.0193158 -0.0236841 0.0383824 0.127032 -0.0496125 0.120106 -0.123566 1.63771 -0.0848584 -0.487895 -0.173832 -0.611209 -0.109685 -0.333869 -0.711906 -1.17934 -0.0137701 -0.309779 -0.0925664 -0.073622 
0.0318899 0.039589 -0.0298905 0.00231312 -0.0468393 0.00116889 -0.0204866 -0.0429958 -0.00134015 0.0193158 -0.0236867 0.0383872 0.127034 -0.0496118 0.120106 -0.123567 1.63771 -0.0848584 -0.487895 -0.173831 -0.611205 -0.109685 -0.344915 -0.710042 -1.1772 -0.0137457 -0.309779 -0.0925555 -0.0736232 
0.0318899 0.039589 -0.0298905 0.00231312 -0.0468393 0.00116889 -0.0204866 -0.0429987 -0.00134015 0.0193158 -0.0236867 0.0383872 0.127032 -0.0496118 0.120106 -0.123567 1.63771 -0.0848572 -0.487895 -0.173831 -0.611201 -0.109685 -0.354585 -0.708358 -1.17577 -0.0136485 -0.309779 -0.0925531 -0.073622 
0.0318871 0.039589 -0.0298905 0.00231312 -0.0468393 0.00116889 -0.0204866 -0.0429987 -0.00134015 0.0193158 -0.0236867 0.0383872 0.127032 -0.0496113 0.120104 -0.123567 1.63771 -0.0848582 -0.487895 -0.17383 -0.6112 -0.109685 -0.364144 -0.706541 -1.17473 -0.0135014 -0.309781 -0.0925472 -0.0736136 
0.0318816 0.039589 -0.0298905 0.00231312 -0.0468393 0.00116889 -0.0204866 -0.0429987 -0.00134015 0.0193158 -0.0236867 0.0383872 0.127032 -0.0496137 0.120106 -0.123567 1.63771 -0.0848584 -0.487895 -0.173831 -0.611202 -0.109687 -0.374637 -0.70448 -1.1739 -0.0134581 -0.309781 -0.092546 -0.0736052 
0.0318706 0.039589 -0.0298905 0.00231312 -0.0468393 0.00116889 -0.0204895 -0.0429987 -0.00133467 0.0193158 -0.0236867 0.0383872 0.127034 -0.0496118 0.120104 -0.123566 1.63771 -0.0848582 -0.487895 -0.17383 -0.611193 -0.109687 -0.383843 -0.702557 -1.17337 -0.0134112 -0.309781 -0.092546 -0.0736064 
0.0318675 0.039589 -0.0298905 0.00231312 -0.0468393 0.00116889 -0.0204921 -0.0429987 -0.00133181 0.0193158 -0.0236867 0.0383872 0.127032 -0.0496113 0.120104 -0.123566 1.63771 -0.0848572 -0.487895 -0.173832 -0.611177 -0.109687 -0.392769 -0.700586 -1.17294 -0.0132438 -0.309781 -0.0925363 -0.0736124 
0.0318594 0.039589 -0.0298905 0.00231312 -0.0468393 0.00116889 -0.0204921 -0.0429987 -0.00133181 0.0193158 -0.0236867 0.0383872 0.127032 -0.0496137 0.120102 -0.123567 1.63771 -0.0848584 -0.487895 -0.173831 -0.611173 -0.109689 -0.402529 -0.698356 -1.17258 -0.0130986 -0.309781 -0.0925351 -0.0736148 
0.0318511 0.039589 -0.0298905 0.00231312 -0.0468393 0.00116889 -0.0204949 -0.0429987 -0.00132918 0.0193158 -0.0236867 0.0383872 0.127032 -0.0496137 0.120102 -0.123567 1.63771 -0.0848584 -0.487895 -0.173831 -0.611173 -0.109688 -0.410927 -0.696393 -1.17233 -0.0130162 -0.309779 -0.0925328 -0.0736124 
0.0318453 0.039589 -0.0298905 0.00231312 -0.0468393 0.00116889 -0.0205004 -0.0429987 -0.00132084 0.0193158 -0.0236867 0.0383872 0.127034 -0.0496137 0.120102 -0.123567 1.63771 -0.0848582 -0.487895 -0.173831 -0.611173 -0.109688 -0.42019 -0.694152 -1.1721 -0.0128161 -0.309779 -0.0925351 -0.0736089 
0.0318427 0.039589 -0.0298848 0.00231312 -0.0468393 0.00116889 -0.0205061 -0.0429958 -0.00131798 0.0193158 -0.0236867 0.0383872 0.127034 -0.0496137 0.120102 -0.123567 1.63771 -0.0848572 -0.487895 -0.173831 -0.611172 -0.109692 -0.428165 -0.692143 -1.17191 -0.0126091 -0.30978 -0.0925244 -0.0736148 
0.0318484 0.039589 -0.0298848 0.00231312 -0.0468393 0.00116889 -0.0205061 -0.0429958 -0.00131798 0.0193158 -0.0236867 0.0383872 0.127031 -0.0496118 0.120103 -0.123566 1.63771 -0.0848584 -0.487895 -0.173832 -0.611171 -0.10969 -0.435848 -0.690155 -1.17173 -0.0124682 -0.30978 -0.0925113 -0.0736148 
0.0318453 0.039589 -0.0298822 0.00231312 -0.0468393 0.00116889 -0.0205033 -0.0429958 -0.00131798 0.0193158 -0.0236867 0.0383872 0.127031 -0.0496113 0.120102 -0.123567 1.63771 -0.0848584 -0.487895 -0.17383 -0.611157 -0.109682 -0.44429 -0.68796 -1.17157 -0.0123552 -0.309779 -0.0924897 -0.0736112 
0.0318453 0.0395862 -0.0298822 0.00231312 -0.0468393 0.00116889 -0.0205004 -0.0429931 -0.00131249 0.0193158 -0.0236867 0.0383872 0.127032 -0.0496125 0.120102 -0.123567 1.63771 -0.0848584 -0.487895 -0.173831 -0.611141 -0.109681 -0.451568 -0.686129 -1.17144 -0.0122075 -0.309778 -0.0924909 -0.0736089 
0.0318511 0.0395807 -0.0298822 0.00231312 -0.0468406 0.0011713 -0.0205004 -0.0429958 -0.00130701 0.0193158 -0.0236867 0.0383872 0.127032 -0.0496125 0.120102 -0.123567 1.63771 -0.0848584 -0.487895 -0.173831 -0.611133 -0.109681 -0.458501 -0.684315 -1.17133 -0.0120379 -0.309779 -0.0924777 -0.0735777 
0.0318511 0.0395751 -0.0298765 0.00231312 -0.0468406 0.0011713 -0.0205033 -0.0429987 -0.00130701 0.0193158 -0.0236867 0.0383872 0.127032 -0.0496125 0.120103 -0.123566 1.63771 -0.0848572 -0.487895 -0.173831 -0.61113 -0.109684 -0.466742 -0.682158 -1.17124 -0.0118395 -0.309779 -0.0924706 -0.0734138 
0.0318511 0.0395724 -0.0298765 0.00231312 -0.0468406 0.0011713 -0.0205004 -0.0429987 -0.00130391 0.0193158 -0.0236867 0.0383872 0.127032 -0.0496125 0.120102 -0.123567 1.63771 -0.0848584 -0.487895 -0.173831 -0.611126 -0.109684 -0.473004 -0.680553 -1.1712 -0.011768 -0.309778 -0.0924671 -0.0732031 
0.0318453 0.039564 -0.0298765 0.00231312 -0.0468431 0.00117611 -0.0205061 -0.0429958 -0.00130391 0.0193158 -0.0236867 0.0383872 0.127032 -0.0496137 0.120101 -0.123566 1.63771 -0.0848584 -0.487895 -0.173831 -0.611115 -0.109684 -0.478899 -0.679012 -1.17117 -0.0116441 -0.309781 -0.0924658 -0.072898 
0.0318484 0.0395558 -0.0298765 0.00231312 -0.0468406 0.00118091 -0.0205116 -0.0429958 -0.00130129 0.0193158 -0.0236867 0.0383872 0.127032 -0.0496118 0.1201 -0.123566 1.63771 -0.0848584 -0.487895 -0.173831 -0.611111 -0.109684 -0.485232 -0.677493 -1.17111 -0.0114379 -0.309779 -0.0924348 -0.0724563 
0.0318565 0.0395529 -0.0298765 0.00231312 -0.0468419 0.00118332 -0.0205116 -0.0429987 -0.00129867 0.0193158 -0.0236867 0.0383872 0.127031 -0.0496125 0.120102 -0.123567 1.63771 -0.0848584 -0.487895 -0.173831 -0.6111 -0.109684 -0.490451 -0.676253 -1.17105 -0.0113049 -0.30978 -0.0923306 -0.0720555 
0.0318565 0.0395418 -0.0298765 0.00231312 -0.0468432 0.00119053 -0.0205004 -0.0429987 -0.00129867 0.0193158 -0.0236867 0.0383872 0.127032 -0.0496125 0.1201 -0.123566 1.63771 -0.0848596 -0.487895 -0.17383 -0.611098 -0.109684 -0.495305 -0.675049 -1.17101 -0.0111431 -0.309779 -0.0922 -0.0717705 
0.0318594 0.0395418 -0.0298765 0.00231686 -0.0468432 0.00119053 -0.0205004 -0.0429987 -0.00129867 0.0193158 -0.0236867 0.0383872 0.127032 -0.0496118 0.1201 -0.123566 1.63771 -0.0848596 -0.487895 -0.173831 -0.611094 -0.109684 -0.50039 -0.673866 -1.17098 -0.0110259 -0.30978 -0.0921067 -0.0716246 
0.0318732 0.0395418 -0.0298765 0.00231312 -0.0468432 0.00119053 -0.0204949 -0.0429987 -0.00129294 0.0193158 -0.0236893 0.0383825 0.127032 -0.0496125 0.1201 -0.123566 1.63771 -0.0848596 -0.487895 -0.173831 -0.611093 -0.109686 -0.50458 -0.672889 -1.17096 -0.0109411 -0.30978 -0.0920457 -0.0714858 
0.0318816 0.0395502 -0.0298765 0.00231312 -0.0468432 0.00119053 -0.0204895 -0.0429987 -0.00129294 0.0193158 -0.0236893 0.0383825 0.127031 -0.0496113 0.1201 -0.123566 1.63771 -0.0848582 -0.487895 -0.173832 -0.611093 -0.109685 -0.508838 -0.671857 -1.17094 -0.0108575 -0.309779 -0.0920157 -0.0714199 
0.0318816 0.0395502 -0.0298765 0.00231312 -0.0468432 0.00119053 -0.0204895 -0.0429987 -0.00129294 0.0193158 -0.0236893 0.0383825 0.127032 -0.0496125 0.1201 -0.123567 1.63771 -0.0848582 -0.487895 -0.173831 -0.611094 -0.109687 -0.512277 -0.671097 -1.17093 -0.0108123 -0.309781 -0.0920062 -0.0714127 
0.0318706 0.0395474 -0.0298765 0.00231312 -0.0468432 0.00119053 -0.0204921 -0.0429931 -0.00128746 0.0193158 -0.0236893 0.0383825 0.127032 -0.0496125 0.1201 -0.123567 1.63771 -0.0848584 -0.487895 -0.173831 -0.611093 -0.109686 -0.515395 -0.670499 -1.17092 -0.0106769 -0.309781 -0.092005 -0.0714127 
0.0318565 0.0395474 -0.029871 0.00231312 -0.0468393 0.00118331 -0.0204949 -0.0429987 -0.00127912 0.0193158 -0.0236893 0.0383825 0.127032 -0.0496137 0.1201 -0.123566 1.63771 -0.0848596 -0.487895 -0.173831 -0.611088 -0.109686 -0.518536 -0.669942 -1.17091 -0.0104582 -0.309781 -0.0919966 -0.0714164 
0.0318344 0.0395474 -0.029871 0.00231312 -0.0468393 0.00118331 -0.0205004 -0.0429987 -0.00127912 0.0193158 -0.0236893 0.0383825 0.127032 -0.0496118 0.1201 -0.123567 1.63771 -0.0848582 -0.487895 -0.173831 -0.611081 -0.109681 -0.521031 -0.669504 -1.1709 -0.0103338 -0.309781 -0.0919919 -0.0714199 
0.0318151 0.0395418 -0.029871 0.00231312 -0.0468393 0.00118331 -0.0205033 -0.0429987 -0.00127649 0.0193158 -0.0236893 0.0383825 0.127031 -0.0496125 0.1201 -0.123567 1.63771 -0.0848582 -0.487895 -0.173831 -0.61107 -0.109672 -0.523265 -0.669083 -1.17089 -0.0102642 -0.309781 -0.0919894 -0.0713673 
0.0318041 0.0395418 -0.029871 0.00231312 -0.0468406 0.00118572 -0.0205116 -0.0429987 -0.00126791 0.0193158 -0.0236893 0.0383825 0.127031 -0.0496125 0.1201 -0.123565 1.63771 -0.0848582 -0.487895 -0.173831 -0.611067 -0.10967 -0.525512 -0.668635 -1.17088 -0.0102067 -0.309781 -0.0919883 -0.0712177 
0.0318041 0.0395364 -0.029871 0.00231312 -0.0468406 0.00118572 -0.0205142 -0.0429987 -0.00126791 0.0193158 -0.0236893 0.0383825 0.127032 -0.0496118 0.1201 -0.123566 1.63771 -0.0848596 -0.487895 -0.173831 -0.611067 -0.10968 -0.527208 -0.668249 -1.17088 -0.01018 -0.309779 -0.0919894 -0.0710238 
0.0318041 0.0395364 -0.029871 0.00231312 -0.0468432 0.00119053 -0.0205116 -0.0429958 -0.00126243 0.0193158 -0.0236893 0.0383825 0.127032 -0.0496118 0.1201 -0.123567 1.63771 -0.0848584 -0.487895 -0.173831 -0.611064 -0.109754 -0.528819 -0.667863 -1.17087 -0.0101635 -0.309781 -0.0919811 -0.0707246 
0.0318179 0.0395253 -0.0298684 0.00231312 -0.0468471 0.00120256 -0.0205116 -0.0429931 -0.00125408 0.0193158 -0.0236893 0.0383825 0.127031 -0.0496118 0.120098 -0.123566 1.63771 -0.0848584 -0.487895 -0.173832 -0.611062 -0.109849 -0.529977 -0.667627 -1.17087 -0.0101548 -0.309781 -0.0919632 -0.0703644 
0.0318289 0.0395169 -0.029871 0.00231312 -0.0468432 0.00120975 -0.0205061 -0.0429847 -0.0012486 0.0193158 -0.0236893 0.0383825 0.127031 -0.0496125 0.1201 -0.123566 1.63771 -0.0848596 -0.487895 -0.173831 -0.611059 -0.109937 -0.530901 -0.667465 -1.17087 -0.0101501 -0.309781 -0.0919536 -0.0699922 
0.0318289 0.0395169 -0.029871 0.00231312 -0.0468406 0.00121455 -0.0205004 -0.0429903 -0.00124025 0.0193158 -0.0236906 0.0383801 0.127031 -0.0496118 0.120098 -0.123566 1.63771 -0.0848584 -0.487895 -0.173831 -0.611058 -0.110006 -0.531742 -0.667375 -1.17087 -0.010144 -0.309781 -0.0919368 -0.0696535 
0.0318289 0.0395086 -0.029871 0.00231312 -0.0468406 0.00121455 -0.0205004 -0.0429987 -0.00122905 0.0193158 -0.0236906 0.0383801 0.127032 -0.0496137 0.120097 -0.123566 1.63771 -0.0848582 -0.487895 -0.17383 -0.611057 -0.110033 -0.532381 -0.667341 -1.17087 -0.010136 -0.309781 -0.0919178 -0.0694309 
0.0318289 0.0395113 -0.029871 0.00231312 -0.0468406 0.00121455 -0.0205033 -0.0429987 -0.00122905 0.0193158 -0.0236906 0.0383801 0.127032 -0.0496118 0.120097 -0.123566 1.63771 -0.0848584 -0.487895 -0.173831 -0.611053 -0.110038 -0.532979 -0.667296 -1.17093 -0.0100433 -0.309781 -0.0918483 -0.0691521 
0.0318289 0.0395253 -0.029871 0.00231312 -0.0468406 0.00121455 -0.0205061 -0.0429987 -0.00122643 0.0193158 -0.0236919 0.0383778 0.127031 -0.0496118 0.120097 -0.123566 1.63771 -0.0848584 -0.487895 -0.173831 -0.611053 -0.110037 -0.53337 -0.667257 -1.17124 -0.00996995 -0.309781 -0.0917825 -0.0688385 
0.0318179 0.0395253 -0.029871 0.00231312 -0.0468406 0.00121455 -0.0205142 -0.0429931 -0.00122643 0.0193158 -0.0236919 0.0383778 0.127031 -0.0496125 0.120097 -0.123566 1.63771 -0.0848572 -0.487895 -0.173831 -0.611053 -0.110037 -0.533643 -0.667233 -1.1718 -0.00994134 -0.309781 -0.0916843 -0.0685585 
0.0317926 0.0395224 -0.029871 0.00231312 -0.0468406 0.00121455 -0.0205338 -0.0429847 -0.0012207 0.0193158 -0.0236919 0.0383778 0.127031 -0.0496125 0.120097 -0.123566 1.63771 -0.0848582 -0.487895 -0.173831 -0.611053 -0.110037 -0.533696 -0.667211 -1.17262 -0.00993764 -0.309781 -0.0914963 -0.0683215 
0.0317788 0.0395224 -0.029871 0.00231312 -0.0468406 0.00121455 -0.0205505 -0.0429903 -0.00121522 0.0193158 -0.0236919 0.0383778 0.127031 -0.0496113 0.120095 -0.123566 1.63771 -0.0848582 -0.487895 -0.173831 -0.611049 -0.110036 -0.533223 -0.667195 -1.17346 -0.00993526 -0.309781 -0.0912809 -0.0681612 
0.0317566 0.0395253 -0.029871 0.00231312 -0.0468406 0.00121455 -0.0205588 -0.0429903 -0.00121522 0.0193158 -0.0236919 0.0383778 0.127031 -0.0496113 0.120097 -0.123566 1.63771 -0.0848584 -0.487895 -0.173831 -0.611046 -0.110037 -0.532164 -0.667159 -1.17437 -0.00992978 -0.309781 -0.0910954 -0.0680451 
0.0317428 0.0395253 -0.029871 0.00231312 -0.0468406 0.00121455 -0.0205727 -0.0429847 -0.00121522 0.0193158 -0.0236919 0.0383778 0.127032 -0.0496118 0.120097 -0.123567 1.63771 -0.0848596 -0.487895 -0.173831 -0.611046 -0.110055 -0.53035 -0.667112 -1.17551 -0.00992787 -0.309781 -0.0909914 -0.067862 
0.0317318 0.0395253 -0.029871 0.00231312 -0.0468432 0.00120975 -0.0205727 -0.0429987 -0.00121522 0.0193158 -0.0236919 0.0383778 0.127032 -0.0496118 0.120097 -0.123566 1.63771 -0.0848596 -0.487895 -0.173831 -0.611047 -0.110073 -0.528244 -0.667105 -1.17671 -0.00992787 -0.309779 -0.0909315 -0.0676489 
0.031729 0.0395253 -0.0298684 0.00231312 -0.0468432 0.00120975 -0.0205836 -0.0429847 -0.00121522 0.0193158 -0.0236919 0.0383778 0.127032 -0.0496118 0.120097 -0.123566 1.63771 -0.0848596 -0.487895 -0.173831 -0.611047 -0.110076 -0.525319 -0.667128 -1.17845 -0.00992846 -0.30978 -0.0908813 -0.0673461 
0.031729 0.039528 -0.0298684 0.00231312 -0.0468432 0.00120975 -0.0205865 -0.0429987 -0.00121522 0.0193158 -0.0236919 0.0383778 0.127031 -0.0496113 0.120097 -0.123566 1.63771 -0.0848596 -0.487895 -0.173832 -0.611048 -0.110076 -0.522195 -0.667393 -1.18046 -0.00992656 -0.309779 -0.0908501 -0.0670804 
0.0317206 0.0395253 -0.0298684 0.00231312 -0.0468432 0.00120975 -0.0205836 -0.0429958 -0.00121522 0.0193158 -0.0236919 0.0383778 0.127031 -0.0496113 0.120097 -0.123565 1.63771 -0.0848606 -0.487895 -0.173831 -0.611048 -0.110076 -0.518608 -0.66788 -1.18277 -0.00992787 -0.309779 -0.0907855 -0.0668447 
0.0317261 0.0395253 -0.0298684 0.00231312 -0.0468432 0.00120975 -0.0205727 -0.0429958 -0.00121522 0.0193158 -0.0236919 0.0383778 0.127031 -0.0496113 0.120095 -0.123566 1.63771 -0.0848584 -0.487895 -0.173831 -0.611048 -0.110078 -0.514008 -0.668706 -1.18569 -0.00992787 -0.30978 -0.0906239 -0.0666533 
0.0317512 0.0395253 -0.029871 0.00231312 -0.0468432 0.00120975 -0.0205669 -0.0429958 -0.00121522 0.0193158 -0.0236919 0.0383778 0.127032 -0.0496118 0.120095 -0.123566 1.63771 -0.0848582 -0.487895 -0.173831 -0.611046 -0.110082 -0.509333 -0.669681 -1.18849 -0.00992608 -0.309778 -0.0904936 -0.0664581 
0.0317512 0.0395253 -0.029871 0.00231312 -0.0468406 0.00120494 -0.0205643 -0.0429958 -0.0012126 0.0193158 -0.0236919 0.0383778 0.127031 -0.0496137 0.120097 -0.123566 1.63771 -0.0848582 -0.487895 -0.173832 -0.611047 -0.110098 -0.504015 -0.670749 -1.19162 -0.00992477 -0.309779 -0.090363 -0.0663588 
0.0317566 0.0395224 -0.029871 0.00231312 -0.046838 0.00120012 -0.0205588 -0.0429958 -0.0012126 0.0193158 -0.0236919 0.0383778 0.127031 -0.0496125 0.120097 -0.123566 1.63771 -0.0848584 -0.487895 -0.173831 -0.611073 -0.110114 -0.497383 -0.672164 -1.19551 -0.00992477 -0.309779 -0.0902578 -0.0662846 
0.0317566 0.0395169 -0.0298684 0.00231312 -0.046838 0.00120012 -0.0205588 -0.0429903 -0.0012126 0.0193158 -0.0236919 0.0383778 0.127032 -0.0496118 0.120097 -0.123566 1.63771 -0.0848582 -0.487895 -0.173831 -0.611137 -0.110118 -0.490968 -0.673661 -1.19911 -0.00992107 -0.309779 -0.0901896 -0.0662379 
0.0317595 0.0395169 -0.0298684 0.00231312 -0.0468432 0.00120975 -0.0205588 -0.0429903 -0.00120974 0.0193158 -0.0236919 0.0383778 0.127032 -0.0496125 0.120095 -0.123566 1.63771 -0.0848584 -0.487895 -0.173831 -0.611277 -0.110122 -0.484087 -0.675221 -1.20285 -0.00992787 -0.30978 -0.0901345 -0.0661781 
0.0317595 0.0395253 -0.0298655 0.00231312 -0.0468432 0.00120975 -0.0205643 -0.0429903 -0.00120974 0.0193158 -0.0236919 0.0383778 0.127031 -0.0496118 0.120097 -0.123566 1.63771 -0.0848584 -0.487895 -0.173832 -0.61153 -0.110124 -0.475751 -0.677164 -1.20759 -0.00992787 -0.309779 -0.0900878 -0.0661135 
0.0317512 0.0395335 -0.0298684 0.00231312 -0.0468419 0.00120735 -0.0205643 -0.0429847 -0.0012126 0.0193158 -0.0236919 0.0383778 0.127031 -0.0496118 0.120095 -0.123567 1.63771 -0.0848582 -0.487895 -0.173831 -0.611804 -0.11012 -0.467858 -0.67895 -1.2122 -0.00992608 -0.309781 -0.0900662 -0.0660835 
0.0317178 0.0395391 -0.0298684 0.00231312 -0.0468458 0.00121457 -0.0205669 -0.0429847 -0.0012126 0.0193158 -0.0236919 0.0383778 0.127031 -0.0496118 0.120095 -0.123566 1.63771 -0.0848584 -0.487895 -0.173831 -0.612165 -0.110118 -0.458604 -0.681089 -1.21787 -0.00992477 -0.309781 -0.0900388 -0.066074 
0.0316901 0.0395418 -0.0298684 0.00231312 -0.0468458 0.00121457 -0.0205643 -0.0429847 -0.0012126 0.0193158 -0.0236919 0.0383778 0.127031 -0.0496113 0.120095 -0.123565 1.63771 -0.0848596 -0.487895 -0.173831 -0.612529 -0.110117 -0.449832 -0.683044 -1.22344 -0.00992656 -0.309781 -0.0900148 -0.0660692 
0.0316734 0.0395418 -0.0298684 0.00231312 -0.0468419 0.00121215 -0.0205531 -0.0429847 -0.0012126 0.0193158 -0.0236919 0.0383778 0.127031 -0.0496113 0.120095 -0.123565 1.63771 -0.0848606 -0.487895 -0.173831 -0.61294 -0.110115 -0.439345 -0.685297 -1.2301 -0.00991261 -0.309781 -0.089998 -0.0660632 
0.0316679 0.0395418 -0.029871 0.00231312 -0.0468432 0.00120975 -0.0205255 -0.0429847 -0.00120974 0.0193158 -0.0236919 0.0383778 0.127031 -0.0496113 0.120097 -0.123566 1.63771 -0.0848584 -0.487895 -0.173831 -0.613355 -0.110115 -0.42823 -0.687543 -1.23719 -0.00990772 -0.309781 -0.0899874 -0.0660752 
0.0316734 0.0395418 -0.029871 0.00231312 -0.0468432 0.00120975 -0.0204895 -0.0429847 -0.00120974 0.0193158 -0.0236919 0.0383778 0.127031 -0.0496125 0.120097 -0.123566 1.63771 -0.0848584 -0.487895 -0.173831 -0.613709 -0.110116 -0.417921 -0.689562 -1.2438 -0.00990832 -0.309778 -0.0899825 -0.0660752 
0.0317068 0.0395418 -0.029871 0.00231312 -0.0468432 0.00120975 -0.0204504 -0.0429931 -0.00120974 0.0193232 -0.0236919 0.0383778 0.127031 -0.0496125 0.120097 -0.123566 1.63771 -0.0848584 -0.487895 -0.173831 -0.614003 -0.110118 -0.406903 -0.69157 -1.25084 -0.00990593 -0.30978 -0.0899812 -0.066074 
0.0317373 0.0395364 -0.029871 0.00231312 -0.0468432 0.00120975 -0.0204034 -0.0429987 -0.00120974 0.0193232 -0.0236919 0.0383778 0.127031 -0.0496113 0.120097 -0.123565 1.63771 -0.0848584 -0.487895 -0.173831 -0.614273 -0.110126 -0.394137 -0.693766 -1.25902 -0.00990534 -0.309781 -0.0899825 -0.066074 
0.031765 0.0395335 -0.0298684 0.00231312 -0.0468432 0.00120975 -0.0203507 -0.0429987 -0.00120974 0.0193232 -0.0236919 0.0383778 0.127031 -0.0496125 0.120097 -0.123566 1.63771 -0.0848584 -0.487895 -0.173831 -0.614485 -0.110135 -0.382421 -0.695667 -1.26643 -0.00990593 -0.309782 -0.0899801 -0.0660716 
0.0318093 0.0395169 -0.0298684 0.00231312 -0.0468432 0.00120975 -0.020298 -0.0429987 -0.00120974 0.0193232 -0.0236919 0.0383778 0.127031 -0.0496113 0.120097 -0.123566 1.63771 -0.0848572 -0.487895 -0.173831 -0.614687 -0.110002 -0.37027 -0.697611 -1.27413 -0.00990593 -0.30978 -0.0899812 -0.0660704 
0.0318511 0.0395031 -0.0298684 0.00231312 -0.0468445 0.00120255 -0.0202758 -0.0429958 -0.00120974 0.0193232 -0.0236919 0.0383778 0.127032 -0.0496118 0.120097 -0.123567 1.63771 -0.0848582 -0.487895 -0.173831 -0.614856 -0.109598 -0.356197 -0.699739 -1.28305 -0.00990593 -0.309776 -0.0899825 -0.0660464 
0.0318706 0.0394975 -0.0298684 0.00231312 -0.0468406 0.00120974 -0.0202675 -0.0429958 -0.00120974 0.0193232 -0.0236919 0.0383778 0.127032 -0.0496118 0.120097 -0.123566 1.63771 -0.0848584 -0.487895 -0.173832 -0.614945 -0.109028 -0.343317 -0.701595 -1.29099 -0.00990653 -0.309777 -0.0899801 -0.0660357 
0.0318816 0.0394948 -0.0298655 0.00231312 -0.0468341 0.00122174 -0.0202591 -0.0429987 -0.00120974 0.0193232 -0.0236919 0.0383778 0.127031 -0.0496125 0.120097 -0.123566 1.63771 -0.0848582 -0.487895 -0.173831 -0.615021 -0.108285 -0.330017 -0.703435 -1.29912 -0.00990653 -0.309779 -0.0899789 -0.0660321 
0.0318816 0.0394948 -0.0298684 0.00231312 -0.0468328 0.00122421 -0.0202591 -0.0429987 -0.00120974 0.0193232 -0.0236919 0.0383778 0.127031 -0.0496118 0.120095 -0.123566 1.63771 -0.0848582 -0.487895 -0.173833 -0.615072 -0.1073 -0.314701 -0.705563 -1.30842 -0.00990891 -0.309777 -0.0899789 -0.0660321 
0.0318816 0.0394948 -0.0298684 0.00231312 -0.0468328 0.00122421 -0.0202591 -0.0429987 -0.00120687 0.0193232 -0.0236919 0.0383778 0.127031 -0.0496113 0.120097 -0.123566 1.63771 -0.0848584 -0.487895 -0.173831 -0.615091 -0.106236 -0.300936 -0.707388 -1.31684 -0.0099194 -0.309778 -0.0899742 -0.0660405 
0.0318816 0.0394948 -0.0298655 0.00231312 -0.0468341 0.00122174 -0.0202591 -0.0429958 -0.00120974 0.0193232 -0.0236919 0.0383778 0.127031 -0.0496113 0.120097 -0.123568 1.63771 -0.0848572 -0.487895 -0.173831 -0.615096 -0.104911 -0.285202 -0.7094 -1.32656 -0.0099231 -0.309778 -0.0899646 -0.0660752 
0.0318871 0.0394948 -0.0298655 0.00231312 -0.0468341 0.00122174 -0.0202591 -0.0429987 -0.0012126 0.019327 -0.0236919 0.0383778 0.127031 -0.0496113 0.120097 -0.123567 1.63771 -0.0848565 -0.487895 -0.173831 -0.615111 -0.103778 -0.271191 -0.711122 -1.33525 -0.0099231 -0.309778 -0.0899584 -0.0660991 
0.0318954 0.0394948 -0.0298655 0.00231312 -0.0468341 0.00122174 -0.0202591 -0.0429987 -0.00121522 0.019327 -0.0236919 0.0383778 0.127031 -0.0496113 0.120098 -0.123567 1.63771 -0.0848572 -0.487895 -0.173831 -0.61513 -0.102667 -0.257059 -0.712814 -1.34413 -0.00992239 -0.309778 -0.0899597 -0.0660967 
0.0318954 0.0394837 -0.0298684 0.00231312 -0.0468328 0.00122421 -0.0202508 -0.0429987 -0.0012207 0.019327 -0.0236919 0.0383778 0.127031 -0.0496099 0.120098 -0.123566 1.63771 -0.0848606 -0.487895 -0.173832 -0.615136 -0.101466 -0.241237 -0.714444 -1.3543 -0.0099231 -0.30978 -0.0899621 -0.0660967 
0.0318954 0.0394837 -0.0298655 0.00231312 -0.0468328 0.00122421 -0.0202425 -0.0429931 -0.00122905 0.019327 -0.0236919 0.0383778 0.127031 -0.0496113 0.1201 -0.123566 1.63771 -0.0848596 -0.487895 -0.17383 -0.615171 -0.100532 -0.227256 -0.715777 -1.36339 -0.00992846 -0.309783 -0.0899562 -0.0660835 
0.0319204 0.0394779 -0.0298655 0.00231312 -0.046816 0.00120726 -0.020237 -0.0429987 -0.00123477 0.019327 -0.0236919 0.0383778 0.127032 -0.0496118 0.120098 -0.123567 1.63771 -0.0848584 -0.487896 -0.173831 -0.615265 -0.099663 -0.213078 -0.717013 -1.37256 -0.00992787 -0.309778 -0.0899584 -0.0660154 
0.0319371 0.0394779 -0.0298684 0.00231312 -0.046829 0.00123614 -0.0202177 -0.0429987 -0.00123477 0.019327 -0.0236919 0.0383778 0.127032 -0.0496118 0.120098 -0.123567 1.63771 -0.0848565 -0.487895 -0.173833 -0.615371 -0.0986915 -0.19699 -0.718093 -1.38303 -0.0099231 -0.309775 -0.0899574 -0.066001 
0.0319343 0.0394753 -0.0298684 0.00231312 -0.0468225 0.00122891 -0.0202036 -0.0429931 -0.00123739 0.019327 -0.0236919 0.0383778 0.127031 -0.0496113 0.1201 -0.123567 1.63771 -0.0848584 -0.487895 -0.173831 -0.61542 -0.0977223 -0.182577 -0.718883 -1.39242 -0.00992239 -0.309775 -0.0899538 -0.0660022 
0.0319288 0.0394753 -0.0298655 0.00231312 -0.0468251 0.00124333 -0.0201814 -0.0429987 -0.00124025 0.019327 -0.0236919 0.0383778 0.127031 -0.0496113 0.1201 -0.123566 1.63771 -0.0848584 -0.487895 -0.173831 -0.615427 -0.0966151 -0.166185 -0.719773 -1.403 -0.00992918 -0.309776 -0.0899525 -0.066001 
0.0319288 0.0394753 -0.0298765 0.00231312 -0.0468225 0.00123852 -0.0201647 -0.0429958 -0.00124311 0.019327 -0.0236919 0.0383778 0.127031 -0.0496113 0.1201 -0.123567 1.63771 -0.0848584 -0.487895 -0.173832 -0.615435 -0.095655 -0.151505 -0.720564 -1.41259 -0.00992978 -0.309774 -0.0899525 -0.0659986 
0.0319259 0.0394753 -0.0298765 0.00231686 -0.0468199 0.0012337 -0.0201342 -0.0429931 -0.00124311 0.019327 -0.0236919 0.0383778 0.127032 -0.0496113 0.1201 -0.123567 1.63771 -0.0848582 -0.487895 -0.173831 -0.615446 -0.094687 -0.136877 -0.721211 -1.42205 -0.00992918 -0.309774 -0.0899525 -0.0659962 
0.0319343 0.0394753 -0.0298793 0.00231686 -0.0468199 0.0012337 -0.0201149 -0.0429987 -0.00124311 0.019327 -0.0236919 0.0383778 0.127032 -0.0496113 0.1201 -0.123566 1.63771 -0.0848582 -0.487895 -0.173831 -0.615453 -0.0935783 -0.120278 -0.721759 -1.43249 -0.00992846 -0.309775 -0.0899525 -0.0659651 
0.0319397 0.0394753 -0.0298765 0.00231686 -0.0468173 0.0012385 -0.0200982 -0.0429931 -0.00124311 0.0193307 -0.0236919 0.0383778 0.127032 -0.0496118 0.1201 -0.123567 1.63771 -0.0848584 -0.487895 -0.173831 -0.615461 -0.0926528 -0.105467 -0.722157 -1.4418 -0.00992978 -0.309774 -0.0899514 -0.0659064 
0.0319593 0.0394753 -0.0298765 0.00231686 -0.0468134 0.00124569 -0.0200815 -0.0429987 -0.00125122 0.0193307 -0.0236919 0.0383778 0.127032 -0.0496118 0.1201 -0.123566 1.63771 -0.0848584 -0.487895 -0.173832 -0.615476 -0.0917838 -0.09073 -0.722461 -1.45104 -0.00992978 -0.309774 -0.0899489 -0.0658299 
0.0319676 0.0394753 -0.0298793 0.00231686 -0.0468121 0.00124809 -0.0200455 -0.0429987 -0.00125408 0.0193307 -0.0236919 0.0383778 0.127032 -0.0496113 0.1201 -0.123567 1.63771 -0.0848584 -0.487895 -0.173831 -0.615486 -0.0908508 -0.0741472 -0.722729 -1.46117 -0.00993085 -0.309773 -0.0899514 -0.0656754 
0.031987 0.0394837 -0.0298793 0.00231686 -0.0468083 0.00125529 -0.020015 -0.0429987 -0.00125957 0.0193307 -0.0236919 0.0383778 0.127032 -0.0496113 0.1201 -0.123566 1.63771 -0.0848606 -0.487895 -0.173831 -0.615489 -0.090086 -0.0595338 -0.722961 -1.47019 -0.00993085 -0.309774 -0.0899478 -0.0655893 
0.032012 0.0394837 -0.0298793 0.00231686 -0.0468083 0.00125529 -0.0199983 -0.0430069 -0.00125957 0.0193307 -0.0236919 0.0383778 0.127032 -0.0496113 0.1201 -0.123567 1.63771 -0.0848584 -0.487895 -0.173831 -0.615499 -0.0894537 -0.0449023 -0.723173 -1.47905 -0.00993085 -0.309773 -0.0899489 -0.0655426 
0.0320258 0.0394864 -0.0298793 0.00231686 -0.0468083 0.00125529 -0.0199955 -0.0429987 -0.00125957 0.0193307 -0.0236919 0.0383778 0.127032 -0.0496113 0.120101 -0.123566 1.63771 -0.0848572 -0.487895 -0.173832 -0.615502 -0.0889027 -0.0285156 -0.723351 -1.48872 -0.00993156 -0.309774 -0.0899429 -0.0655234 
0.0320315 0.0394837 -0.0298793 0.00231686 -0.0468083 0.00125529 -0.0199955 -0.0429987 -0.00125957 0.0193307 -0.0236919 0.0383778 0.127032 -0.0496113 0.120101 -0.123567 1.63771 -0.0848584 -0.487895 -0.173831 -0.615505 -0.0885255 -0.0140495 -0.723462 -1.49735 -0.00993085 -0.309774 -0.0899405 -0.0655138 
0.0320284 0.0394837 -0.0298793 0.00231686 -0.0468083 0.00125529 -0.0199955 -0.0429958 -0.00126529 0.0193307 -0.0236919 0.0383778 0.127032 -0.0496099 0.1201 -0.123567 1.63771 -0.0848584 -0.487895 -0.173831 -0.615507 -0.0881665 0.00224805 -0.723548 -1.50698 -0.00993085 -0.309772 -0.0899394 -0.0655068 
0.0320284 0.0394753 -0.0298793 0.00231686 -0.0468083 0.00125529 -0.0199955 -0.0429958 -0.00126791 0.0193307 -0.0236906 0.0383801 0.127032 -0.0496113 0.120101 -0.123566 1.63771 -0.0848584 -0.487895 -0.173831 -0.615513 -0.0878971 0.0165136 -0.723588 -1.5154 -0.00993085 -0.309774 -0.0899394 -0.0655055 
0.0320315 0.0394753 -0.0298793 0.00231686 -0.0468083 0.00125529 -0.0199902 -0.0429931 -0.00126791 0.0193307 -0.0236906 0.0383801 0.127032 -0.0496113 0.120101 -0.123566 1.63771 -0.0848596 -0.487895 -0.173831 -0.615513 -0.0876815 0.0307379 -0.723593 -1.5238 -0.00993085 -0.309773 -0.0899358 -0.0655031 
0.0320508 0.0394753 -0.0298793 0.00231686 -0.0468083 0.00125529 -0.0199707 -0.0429958 -0.00127649 0.0193307 -0.0236906 0.0383801 0.127032 -0.0496099 0.1201 -0.123567 1.63771 -0.0848584 -0.487895 -0.173831 -0.615513 -0.0875328 0.0464954 -0.723607 -1.53318 -0.00993085 -0.309773 -0.0899358 -0.0654863 
0.032073 0.0394753 -0.0298793 0.00231686 -0.0468083 0.00125529 -0.0199456 -0.0430042 -0.00128174 0.0193307 -0.0236906 0.0383801 0.127032 -0.0496113 0.120101 -0.123567 1.63771 -0.0848582 -0.487895 -0.17383 -0.615513 -0.0874865 0.0602772 -0.723642 -1.54132 -0.00992978 -0.309774 -0.0899358 -0.0654936 
0.0320952 0.0394641 -0.0298793 0.00231686 -0.0468083 0.00125529 -0.0199318 -0.0430069 -0.00128174 0.0193307 -0.0236906 0.0383801 0.127032 -0.0496099 0.1201 -0.123567 1.63771 -0.0848584 -0.487895 -0.173831 -0.615515 -0.0874734 0.0740328 -0.723684 -1.54935 -0.00992918 -0.309773 -0.089937 -0.0654852 
0.0321119 0.0394585 -0.0298793 0.00231686 -0.0468083 0.00125529 -0.0199234 -0.0430069 -0.00128174 0.0193307 -0.0236906 0.0383801 0.127032 -0.0496113 0.1201 -0.123567 1.63771 -0.0848584 -0.487895 -0.173832 -0.615517 -0.0874615 0.0893555 -0.723705 -1.55813 -0.00992918 -0.309775 -0.089937 -0.0654911 
0.0321119 0.0394585 -0.0298793 0.00231686 -0.0468083 0.00125529 -0.0199234 -0.0430069 -0.00128174 0.0193307 -0.0236906 0.0383801 0.127032 -0.0496113 0.1201 -0.123566 1.63771 -0.0848572 -0.487895 -0.173831 -0.615515 -0.0874033 0.102829 -0.723722 -1.56588 -0.00992846 -0.309773 -0.0899346 -0.0654863 
0.032109 0.0394585 -0.0298793 0.00231686 -0.0468083 0.00125529 -0.0199234 -0.0430069 -0.00128174 0.0193307 -0.0236906 0.0383801 0.127032 -0.0496113 0.120101 -0.123567 1.63771 -0.0848572 -0.487895 -0.173831 -0.615499 -0.0872934 0.116264 -0.723735 -1.57348 -0.00992918 -0.309773 -0.0899358 -0.0654863 
0.0321035 0.0394641 -0.0298793 0.00231686 -0.0468083 0.00125529 -0.019918 -0.0429987 -0.00128746 0.0193307 -0.0236906 0.0383801 0.127032 -0.0496113 0.120101 -0.123567 1.63771 -0.0848582 -0.487895 -0.173832 -0.615444 -0.0871205 0.131136 -0.723738 -1.58167 -0.00992846 -0.309773 -0.0899358 -0.0654744 
0.0320897 0.0394585 -0.0298793 0.00231686 -0.0468083 0.00125529 -0.0199122 -0.0430069 -0.00129008 0.0193307 -0.0236906 0.0383801 0.127032 -0.0496113 0.120101 -0.123567 1.63771 -0.0848582 -0.487895 -0.17383 -0.615376 -0.0869403 0.144067 -0.723741 -1.58884 -0.00992918 -0.309774 -0.089937 -0.065454 
0.0320842 0.0394641 -0.0298793 0.00231686 -0.0468083 0.00125529 -0.0199122 -0.0430098 -0.00129008 0.0193307 -0.0236906 0.0383801 0.127032 -0.0496094 0.1201 -0.123567 1.63771 -0.0848584 -0.487895 -0.173831 -0.615268 -0.0866959 0.159981 -0.723742 -1.59751 -0.00992978 -0.309774 -0.089931 -0.0654313 
0.0320842 0.0394641 -0.0298793 0.00231686 -0.0468083 0.00125529 -0.0199068 -0.0430098 -0.00129008 0.0193307 -0.0236906 0.0383801 0.127032 -0.0496113 0.1201 -0.123567 1.63771 -0.0848584 -0.487895 -0.173831 -0.615159 -0.0865004 0.172548 -0.723743 -1.60411 -0.00992978 -0.309774 -0.0899286 -0.0654205 
0.0320702 0.0394641 -0.0298822 0.00231686 -0.0468083 0.00125529 -0.0199068 -0.0430069 -0.00129294 0.0193307 -0.0236906 0.0383801 0.127032 -0.0496113 0.120101 -0.123567 1.63771 -0.0848582 -0.487895 -0.173831 -0.615035 -0.0862834 0.184872 -0.723742 -1.61048 -0.00992918 -0.309774 -0.0899251 -0.0654157 
0.0320563 0.0394641 -0.0298822 0.00231686 -0.0468108 0.00125049 -0.0199068 -0.0430069 -0.00129867 0.019327 -0.0236906 0.0383801 0.127034 -0.0496113 0.1201 -0.123567 1.63771 -0.0848582 -0.487895 -0.173832 -0.614877 -0.0860305 0.19861 -0.723745 -1.61721 -0.00992846 -0.309772 -0.0899202 -0.0654145 
0.0320399 0.0394641 -0.0298822 0.00231686 -0.0468108 0.00125049 -0.0199068 -0.0430069 -0.00129867 0.019327 -0.0236906 0.0383801 0.127034 -0.0496113 0.120101 -0.123567 1.63771 -0.0848572 -0.487895 -0.173831 -0.614731 -0.0858228 0.210654 -0.723748 -1.62298 -0.00993276 -0.309774 -0.0899239 -0.0654169 
0.032012 0.0394696 -0.0298822 0.00231686 -0.0468121 0.00124809 -0.0199122 -0.0430069 -0.00129867 0.019327 -0.0236906 0.0383801 0.127032 -0.0496113 0.120101 -0.123567 1.63771 -0.0848584 -0.487895 -0.173831 -0.614587 -0.0856228 0.222452 -0.723747 -1.62835 -0.00993276 -0.309774 -0.0899202 -0.065423 
0.0319924 0.0394753 -0.0298822 0.00231686 -0.0468121 0.00124809 -0.0199122 -0.0429987 -0.00129867 0.019327 -0.0236906 0.0383801 0.127034 -0.0496113 0.120101 -0.123567 1.63771 -0.0848584 -0.487895 -0.173831 -0.614439 -0.0854669 0.235531 -0.72371 -1.63406 -0.00993764 -0.309774 -0.0899251 -0.0654241 
0.031987 0.0394753 -0.0298822 0.00231686 -0.0468121 0.00124809 -0.0199068 -0.0430069 -0.00129867 0.019327 -0.0236906 0.0383801 0.127034 -0.0496113 0.120101 -0.123567 1.63771 -0.0848582 -0.487895 -0.173831 -0.614327 -0.0853717 0.246846 -0.723607 -1.63872 -0.00995409 -0.309775 -0.0899239 -0.0654217 
0.0319898 0.0394753 -0.0298822 0.00231686 -0.0468121 0.00124809 -0.0199068 -0.0430069 -0.00130129 0.019327 -0.0236906 0.0383801 0.127034 -0.0496113 0.120101 -0.123567 1.63771 -0.0848582 -0.487895 -0.173832 -0.614227 -0.0852902 0.257975 -0.723449 -1.64299 -0.0100341 -0.309774 -0.0899202 -0.0654278 
0.0319924 0.0394753 -0.0298822 0.00231686 -0.0468121 0.00124809 -0.0199068 -0.0430069 -0.00130129 0.019327 -0.0236906 0.0383801 0.127034 -0.0496113 0.1201 -0.123567 1.63771 -0.0848584 -0.487895 -0.173831 -0.61413 -0.0852516 0.270164 -0.723176 -1.64749 -0.0102538 -0.309776 -0.0899227 -0.065423 
0.0320063 0.0394753 -0.0298822 0.00231686 -0.0468121 0.00124809 -0.0199039 -0.0430069 -0.00130129 0.019327 -0.0236906 0.0383801 0.127034 -0.0496118 0.120101 -0.123567 1.63771 -0.0848584 -0.487895 -0.173832 -0.614054 -0.0852292 0.28072 -0.722908 -1.65112 -0.0105588 -0.309776 -0.0899227 -0.0654241 
0.0320258 0.0394753 -0.0298822 0.00231686 -0.0468108 0.00124561 -0.0199068 -0.043018 -0.00130129 0.019327 -0.0236906 0.0383801 0.127034 -0.0496113 0.120101 -0.123566 1.63771 -0.0848596 -0.487895 -0.17383 -0.613971 -0.0851974 0.292364 -0.722657 -1.65481 -0.0110521 -0.309774 -0.0899202 -0.0654205 
0.0320315 0.0394726 -0.0298822 0.00231686 -0.0468121 0.00124321 -0.0199234 -0.0430098 -0.00130391 0.019327 -0.0236906 0.0383801 0.127034 -0.0496113 0.120101 -0.123567 1.63771 -0.0848584 -0.487895 -0.173831 -0.613889 -0.0851943 0.302408 -0.722431 -1.65783 -0.0114746 -0.309775 -0.0899251 -0.0654265 
0.0320508 0.0394726 -0.0298822 0.00231686 -0.0468121 0.00124321 -0.0199373 -0.0430098 -0.00130391 0.019327 -0.0236906 0.0383801 0.127032 -0.0496113 0.1201 -0.123567 1.63771 -0.0848584 -0.487895 -0.173831 -0.613817 -0.0851841 0.312111 -0.722209 -1.6605 -0.0118731 -0.309774 -0.0899227 -0.0654349 
0.0320702 0.0394726 -0.0298822 0.00231686 -0.0468121 0.00124321 -0.0199401 -0.0429987 -0.00130701 0.019327 -0.0236906 0.0383801 0.127032 -0.0496113 0.1201 -0.123567 1.63771 -0.0848582 -0.487895 -0.173831 -0.613754 -0.085149 0.322773 -0.722019 -1.66292 -0.0124779 -0.309774 -0.0899202 -0.0654433 
0.0320897 0.0394696 -0.0298822 0.00231686 -0.0468121 0.00124321 -0.0199511 -0.0429987 -0.00130701 0.019327 -0.0236906 0.0383801 0.127034 -0.0496113 0.1201 -0.123567 1.63771 -0.0848572 -0.487895 -0.173831 -0.613707 -0.0851305 0.331923 -0.721859 -1.66453 -0.0129875 -0.309773 -0.0899251 -0.0654373 
0.032109 0.0394641 -0.0298822 0.00231686 -0.0468121 0.00124321 -0.0199761 -0.0430152 -0.00130701 0.019327 -0.0236906 0.0383801 0.127032 -0.0496113 0.1201 -0.123566 1.63771 -0.0848572 -0.487895 -0.17383 -0.613671 -0.08512 0.340649 -0.721657 -1.66573 -0.0133538 -0.309773 -0.0899239 -0.0654408 
0.0321257 0.0394504 -0.0298822 0.00231686 -0.0468121 0.00124321 -0.0199928 -0.0430069 -0.00130701 0.019327 -0.0236906 0.0383801 0.127032 -0.0496113 0.120101 -0.123566 1.63771 -0.0848584 -0.487895 -0.173831 -0.613639 -0.0851021 0.350126 -0.721429 -1.66675 -0.0137553 -0.309774 -0.0899239 -0.065411 
0.0321479 0.0394504 -0.0298822 0.00231686 -0.0468121 0.00124321 -0.0199983 -0.043018 -0.00130701 0.019327 -0.0236906 0.0383801 0.127032 -0.0496113 0.1201 -0.123567 1.63771 -0.0848584 -0.487895 -0.173831 -0.613617 -0.0850749 0.3582 -0.721271 -1.66747 -0.014207 -0.309774 -0.0899239 -0.0652697 
0.0321617 0.0394504 -0.0298848 0.00231686 -0.0468121 0.00124321 -0.020015 -0.0429987 -0.00130701 0.019327 -0.0236906 0.0383801 0.127032 -0.0496113 0.120101 -0.123567 1.63771 -0.0848584 -0.487895 -0.173832 -0.613602 -0.0850627 0.36595 -0.721123 -1.66801 -0.0146332 -0.309774 -0.0899202 -0.0651022 
0.0321646 0.0394504 -0.0298822 0.00231686 -0.0468121 0.00124321 -0.0200346 -0.0429987 -0.00130701 0.019327 -0.0236906 0.0383801 0.127032 -0.0496113 0.120101 -0.123566 1.63771 -0.0848582 -0.487895 -0.173831 -0.613584 -0.0850627 0.374198 -0.720955 -1.66846 -0.0149951 -0.309774 -0.0899251 -0.0649562 
0.0321646 0.0394504 -0.0298822 0.00231686 -0.046816 0.00123602 -0.0200536 -0.0429987 -0.00130701 0.019327 -0.0236906 0.0383801 0.127032 -0.0496113 0.120101 -0.123566 1.63771 -0.0848584 -0.487895 -0.173831 -0.613563 -0.0850627 0.381127 -0.720788 -1.66876 -0.0152959 -0.309774 -0.0899202 -0.0648257 
0.0321562 0.0394641 -0.0298822 0.00231686 -0.0468173 0.00123362 -0.0200732 -0.0429987 -0.00131249 0.019327 -0.0236906 0.0383801 0.127032 -0.0496113 0.1201 -0.123567 1.63771 -0.0848582 -0.487895 -0.173831 -0.613531 -0.0850611 0.388583 -0.720643 -1.66906 -0.0157139 -0.309774 -0.0899227 -0.0647252 
0.0321562 0.0394753 -0.0298822 0.00231686 -0.0468224 0.00122403 -0.0200844 -0.0429987 -0.00131249 0.019327 -0.0236906 0.0383801 0.127032 -0.0496113 0.120101 -0.123567 1.63771 -0.0848582 -0.487895 -0.173831 -0.613495 -0.085058 0.394843 -0.720551 -1.66928 -0.0160748 -0.309774 -0.0899227 -0.0646821 
0.0321424 0.0394779 -0.0298822 0.00231686 -0.046825 0.00121923 -0.0200982 -0.0429987 -0.00131249 0.019327 -0.0236906 0.0383801 0.127032 -0.0496113 0.120101 -0.123566 1.63771 -0.0848584 -0.487895 -0.173831 -0.613449 -0.0850561 0.400678 -0.720452 -1.66946 -0.0163714 -0.309774 -0.0899251 -0.0646797 
0.0321341 0.039489 -0.0298905 0.00231686 -0.0468302 0.00120963 -0.0201149 -0.0429958 -0.00131249 0.019327 -0.0236906 0.0383801 0.127032 -0.0496113 0.1201 -0.123567 1.63771 -0.0848572 -0.487895 -0.173831 -0.613412 -0.0850556 0.406846 -0.720367 -1.66961 -0.0166394 -0.309775 -0.0899239 -0.0646773 
0.0321312 0.039489 -0.0298848 0.00231686 -0.0468328 0.00120484 -0.0201287 -0.0429958 -0.00131249 0.019327 -0.0236906 0.0383801 0.127032 -0.0496113 0.120101 -0.123566 1.63771 -0.0848584 -0.487895 -0.173831 -0.613385 -0.0850561 0.411988 -0.720316 -1.66971 -0.0168633 -0.309775 -0.0899239 -0.0646797 
0.0321257 0.039489 -0.0298848 0.00231686 -0.0468328 0.00120484 -0.0201397 -0.0429903 -0.00131249 0.019327 -0.0236906 0.0383801 0.127034 -0.0496113 0.120101 -0.123566 1.63771 -0.0848572 -0.487895 -0.173831 -0.613353 -0.085057 0.416766 -0.720273 -1.6698 -0.0170414 -0.309775 -0.0899239 -0.0646773 
0.0321202 0.0394837 -0.0298822 0.00231686 -0.0468328 0.00120484 -0.0201538 -0.0429931 -0.00131249 0.019327 -0.0236906 0.0383801 0.127032 -0.0496113 0.120101 -0.123566 1.63771 -0.0848584 -0.487895 -0.173831 -0.613313 -0.0850561 0.421722 -0.720253 -1.66986 -0.0172313 -0.309774 -0.0899261 -0.0646713 
0.0321119 0.0394837 -0.0298822 0.00231312 -0.0468341 0.00120732 -0.0201731 -0.0429931 -0.00131249 0.019327 -0.0236906 0.0383801 0.127032 -0.0496113 0.120101 -0.123567 1.63771 -0.0848582 -0.487895 -0.173831 -0.613289 -0.085058 0.425676 -0.720234 -1.6699 -0.0173198 -0.309776 -0.0899239 -0.064669 
0.0321174 0.0394948 -0.0298822 0.00231312 -0.0468341 0.00120732 -0.0201924 -0.0429931 -0.00131512 0.019327 -0.0236906 0.0383801 0.127032 -0.0496113 0.120101 -0.123567 1.63771 -0.0848582 -0.487895 -0.173831 -0.613277 -0.0850561 0.429277 -0.720221 -1.66993 -0.017387 -0.309774 -0.0899251 -0.064663 
0.0321174 0.0394975 -0.0298822 0.00231312 -0.0468315 0.00121212 -0.0202065 -0.0429958 -0.00131512 0.019327 -0.0236906 0.0383801 0.127032 -0.0496113 0.1201 -0.123567 1.63771 -0.0848584 -0.487895 -0.173831 -0.613259 -0.0850561 0.432919 -0.720188 -1.66996 -0.0175109 -0.309775 -0.0899261 -0.064639 
0.0321229 0.0395113 -0.0298822 0.00231312 -0.0468315 0.00121212 -0.020226 -0.0429987 -0.00131798 0.019327 -0.0236906 0.0383801 0.127032 -0.0496113 0.120101 -0.123566 1.63771 -0.0848572 -0.487895 -0.173831 -0.613246 -0.0850561 0.435789 -0.720107 -1.66998 -0.0176189 -0.309776 -0.0899261 -0.0646283 
0.0321229 0.0395253 -0.0298848 0.00231312 -0.0468315 0.00121212 -0.0202508 -0.0429987 -0.00132084 0.019327 -0.0236906 0.0383801 0.127032 -0.0496113 0.1201 -0.123566 1.63771 -0.0848584 -0.487895 -0.173831 -0.613238 -0.0850561 0.438671 -0.719944 -1.67 -0.0177161 -0.309777 -0.0899202 -0.0646115 
0.0321035 0.0395474 -0.0298822 0.00231312 -0.0468315 0.00121212 -0.0202591 -0.0429958 -0.00132084 0.019327 -0.0236906 0.0383801 0.127032 -0.0496113 0.120101 -0.123566 1.63771 -0.0848584 -0.487895 -0.173831 -0.613228 -0.085057 0.440934 -0.71974 -1.67001 -0.0178251 -0.309777 -0.0898783 -0.0645924 
0.0320785 0.0395558 -0.0298822 0.00231312 -0.0468315 0.00121212 -0.0202703 -0.0429931 -0.00132084 0.019327 -0.0236906 0.0383801 0.127032 -0.0496113 0.120102 -0.123567 1.63771 -0.0848572 -0.487895 -0.17383 -0.613219 -0.0850561 0.442924 -0.719525 -1.67002 -0.0179472 -0.309775 -0.0898042 -0.064578 
0.0320425 0.0395613 -0.0298822 0.00231312 -0.0468315 0.00121212 -0.0202785 -0.0429931 -0.00132084 0.019327 -0.0236906 0.0383801 0.127032 -0.0496113 0.120102 -0.123567 1.63771 -0.0848584 -0.487895 -0.173831 -0.613217 -0.0850556 0.444772 -0.719294 -1.67004 -0.0180254 -0.309776 -0.0897348 -0.0645708 
0.0320175 0.0395724 -0.0298822 0.00231312 -0.0468315 0.00121212 -0.0202897 -0.0429931 -0.00133181 0.019327 -0.0236906 0.0383801 0.127032 -0.0496099 0.120103 -0.123567 1.63771 -0.0848584 -0.487895 -0.173831 -0.613217 -0.0850487 0.446131 -0.719124 -1.67004 -0.0181042 -0.309776 -0.089694 -0.0645744 
0.0319982 0.039578 -0.0298822 0.00231312 -0.0468315 0.00121212 -0.0202925 -0.0429931 -0.00133467 0.019327 -0.0236906 0.0383801 0.127032 -0.0496113 0.120104 -0.123566 1.63771 -0.0848584 -0.487895 -0.173831 -0.61321 -0.0850394 0.447222 -0.719002 -1.67004 -0.0182824 -0.309776 -0.0896773 -0.0645673 
0.0319898 0.039589 -0.0298822 0.00231312 -0.0468315 0.00121212 -0.020298 -0.0429931 -0.00133467 0.019327 -0.0236906 0.0383801 0.127032 -0.0496113 0.120106 -0.123567 1.63771 -0.0848582 -0.487895 -0.173831 -0.613197 -0.0850322 0.448125 -0.718931 -1.67004 -0.018518 -0.309777 -0.0896748 -0.064566 
0.0319898 0.0395945 -0.0298822 0.00231312 -0.0468341 0.00121693 -0.020298 -0.0429903 -0.00133467 0.019327 -0.0236906 0.0383801 0.127032 -0.0496113 0.120104 -0.123567 1.63771 -0.0848584 -0.487895 -0.173832 -0.613195 -0.0850294 0.448642 -0.718875 -1.67005 -0.0186131 -0.309775 -0.0896726 -0.0645637 
0.0319924 0.039625 -0.0298822 0.00231312 -0.0468406 0.00120494 -0.0203035 -0.0429987 -0.00133467 0.019327 -0.0236906 0.0383801 0.127032 -0.0496113 0.120104 -0.123567 1.63771 -0.0848584 -0.487895 -0.173831 -0.613194 -0.0850294 0.448987 -0.718796 -1.66973 -0.0186449 -0.309777 -0.0896726 -0.0645637 
0.0319898 0.0396419 -0.0298822 0.00231312 -0.0468406 0.00120494 -0.0203063 -0.0429987 -0.00133467 0.019327 -0.0236906 0.0383801 0.127032 -0.0496113 0.120106 -0.123567 1.63771 -0.0848582 -0.487895 -0.173831 -0.613193 -0.0850294 0.448898 -0.718734 -1.66892 -0.0186864 -0.309777 -0.0896726 -0.0645637 
0.0319731 0.0396557 -0.0298822 0.00231312 -0.0468458 0.00119535 -0.0203063 -0.0429903 -0.00133467 0.019327 -0.0236906 0.0383801 0.127032 -0.0496113 0.120102 -0.123566 1.63771 -0.0848582 -0.487895 -0.17383 -0.613186 -0.0850346 0.44809 -0.718699 -1.66754 -0.0187365 -0.309777 -0.0896726 -0.0645637 
0.0319481 0.0396583 -0.0298822 0.00231312 -0.0468458 0.00119535 -0.0203118 -0.0429958 -0.00133467 0.019327 -0.0236906 0.0383801 0.127034 -0.0496113 0.120103 -0.123567 1.63771 -0.0848584 -0.487895 -0.173831 -0.61318 -0.085043 0.44646 -0.718673 -1.66568 -0.0187541 -0.309777 -0.0896666 -0.0645673 
0.0319204 0.0396721 -0.0298848 0.00231312 -0.046847 0.00119295 -0.0203118 -0.0429903 -0.00134015 0.019327 -0.0236906 0.0383801 0.127032 -0.0496113 0.120104 -0.123566 1.63771 -0.0848582 -0.487895 -0.173831 -0.61318 -0.0850532 0.444293 -0.718626 -1.66359 -0.0187553 -0.309776 -0.0896043 -0.0645744 
0.0318899 0.0396721 -0.0298822 0.00231312 -0.0468496 0.00118815 -0.0203173 -0.0429903 -0.00134015 0.019327 -0.0236906 0.0383801 0.127032 -0.0496113 0.120104 -0.123566 1.63771 -0.0848584 -0.487895 -0.173832 -0.613173 -0.0850601 0.441105 -0.718549 -1.66052 -0.0187621 -0.309776 -0.0894558 -0.0645744 
0.0318706 0.0396805 -0.0298822 0.00231312 -0.0468496 0.00118815 -0.020323 -0.0429847 -0.00134015 0.019327 -0.0236906 0.0383801 0.127032 -0.0496113 0.120104 -0.123567 1.63771 -0.0848572 -0.487895 -0.173831 -0.61317 -0.0850611 0.437538 -0.718506 -1.6572 -0.0187719 -0.309774 -0.0892992 -0.0645756 
0.0318675 0.0396805 -0.0298822 0.00231312 -0.0468496 0.00118815 -0.0203285 -0.0429847 -0.00134563 0.019327 -0.0236906 0.0383801 0.127032 -0.0496125 0.120106 -0.123566 1.63771 -0.0848582 -0.487895 -0.173831 -0.613167 -0.0850611 0.433208 -0.718494 -1.65345 -0.0187773 -0.309776 -0.0891879 -0.0645769 
0.0318675 0.0396862 -0.0298822 0.00231312 -0.046847 0.00118334 -0.020323 -0.0429847 -0.00135136 0.019327 -0.0236906 0.0383801 0.127032 -0.0496118 0.120106 -0.123567 1.63771 -0.0848572 -0.487895 -0.173831 -0.613173 -0.0850601 0.427477 -0.718466 -1.64883 -0.018787 -0.309774 -0.0890921 -0.0645744 
0.0318675 0.0396862 -0.0298822 0.00231312 -0.0468457 0.00118085 -0.0203202 -0.0429847 -0.00135136 0.019327 -0.0236906 0.0383801 0.127032 -0.0496113 0.120109 -0.123567 1.63771 -0.0848584 -0.487895 -0.173831 -0.613176 -0.0850499 0.421697 -0.718509 -1.64422 -0.018786 -0.309774 -0.0890443 -0.0645744 
0.0318675 0.0396862 -0.0298822 0.00231312 -0.0468431 0.00117611 -0.0203173 -0.0429792 -0.00135398 0.019327 -0.0236906 0.0383801 0.127032 -0.0496118 0.12011 -0.123567 1.63771 -0.0848584 -0.487895 -0.173831 -0.613177 -0.0850425 0.415228 -0.718718 -1.63936 -0.0187865 -0.309774 -0.0890239 -0.0645697 
0.0318623 0.0396832 -0.0298848 0.00231312 -0.0468406 0.0011713 -0.0203173 -0.0429847 -0.00135398 0.019327 -0.0236906 0.0383801 0.127032 -0.0496118 0.12011 -0.123567 1.63771 -0.0848584 -0.487895 -0.173831 -0.61318 -0.0850363 0.407199 -0.719119 -1.63348 -0.0187902 -0.309774 -0.0890107 -0.0645697 
0.0318594 0.0396805 -0.0298822 0.00231312 -0.0468406 0.0011713 -0.0203173 -0.0429903 -0.00135684 0.019327 -0.0236906 0.0383801 0.127032 -0.0496125 0.120111 -0.123567 1.63771 -0.0848584 -0.487895 -0.173831 -0.613186 -0.0850363 0.399471 -0.719594 -1.62785 -0.0187944 -0.309777 -0.0890012 -0.0645697 
0.0318565 0.0396917 -0.0298822 0.00231312 -0.0468406 0.0011713 -0.0203173 -0.0429903 -0.00135946 0.019327 -0.0236906 0.0383801 0.127034 -0.0496118 0.120111 -0.123567 1.63771 -0.0848584 -0.487895 -0.173831 -0.613195 -0.0850363 0.391163 -0.720165 -1.62184 -0.0187902 -0.309778 -0.0889952 -0.0645697 
0.0318565 0.0396973 -0.0298848 0.00231312 -0.0468406 0.0011713 -0.0203202 -0.0429903 -0.00135946 0.019327 -0.0236906 0.0383801 0.127032 -0.0496113 0.120112 -0.123567 1.63771 -0.0848584 -0.487895 -0.17383 -0.613202 -0.0850363 0.38117 -0.720858 -1.61455 -0.0187938 -0.309777 -0.0889927 -0.0645648 
0.0318565 0.0396973 -0.0298848 0.00231312 -0.0468431 0.00117611 -0.0203173 -0.0429958 -0.00136518 0.019327 -0.0236906 0.0383801 0.127032 -0.0496118 0.120111 -0.123566 1.63771 -0.0848584 -0.487895 -0.173831 -0.613213 -0.0850363 0.371814 -0.721466 -1.60765 -0.0187974 -0.309778 -0.0889893 -0.0645648 
0.0318565 0.0397 -0.0298848 0.00231312 -0.0468431 0.00117611 -0.0203173 -0.0429931 -0.00137067 0.019327 -0.0236906 0.0383801 0.127032 -0.0496118 0.120111 -0.123567 1.63771 -0.0848584 -0.487895 -0.173831 -0.613229 -0.0850363 0.360498 -0.722179 -1.59936 -0.0187987 -0.309774 -0.0889893 -0.0645553 
0.0318594 0.0397084 -0.0298848 0.00231312 -0.0468457 0.00118085 -0.0203173 -0.0429903 -0.00137067 0.019327 -0.0236906 0.0383801 0.127032 -0.0496118 0.120111 -0.123567 1.63771 -0.0848572 -0.487895 -0.173831 -0.613235 -0.0850363 0.350009 -0.72282 -1.59167 -0.0187987 -0.309774 -0.0889903 -0.0645493 
0.0318565 0.0397084 -0.0298905 0.00231312 -0.0468457 0.00118085 -0.0203118 -0.0429847 -0.00137067 0.019327 -0.0236906 0.0383801 0.127034 -0.0496125 0.120111 -0.123567 1.63771 -0.0848582 -0.487895 -0.173831 -0.613236 -0.0850363 0.338974 -0.723469 -1.58368 -0.0188024 -0.309777 -0.0889868 -0.0645505 
0.0318484 0.0397111 -0.0298905 0.00231312 -0.0468457 0.00118085 -0.020309 -0.0429847 -0.00137353 0.0193307 -0.0236879 0.0383753 0.127034 -0.0496125 0.120113 -0.123566 1.63771 -0.0848582 -0.487895 -0.173831 -0.613239 -0.0850363 0.326065 -0.724182 -1.57439 -0.0188005 -0.309775 -0.0889592 -0.064566 
0.0318565 0.0397111 -0.0298905 0.00231312 -0.0468457 0.00118085 -0.0203035 -0.0429847 -0.00137353 0.0193307 -0.0236879 0.0383753 0.127032 -0.0496118 0.120114 -0.123567 1.63771 -0.0848582 -0.487895 -0.173831 -0.613237 -0.0850363 0.314187 -0.724728 -1.56592 -0.0188 -0.309777 -0.0889473 -0.0645876 
0.0318706 0.0397084 -0.0298848 0.00231312 -0.0468457 0.00118085 -0.0202951 -0.0429847 -0.00137901 0.0193307 -0.0236866 0.0383729 0.127034 -0.0496125 0.120117 -0.123567 1.63771 -0.0848572 -0.487895 -0.173831 -0.613238 -0.0850363 0.301877 -0.725169 -1.55732 -0.0188024 -0.309776 -0.0889425 -0.0646044 
0.0318954 0.0397084 -0.0298905 0.00231312 -0.0468457 0.00118085 -0.0202897 -0.0429903 -0.00138164 0.0193307 -0.0236853 0.0383705 0.127034 -0.0496118 0.120117 -0.123566 1.63771 -0.0848572 -0.487895 -0.17383 -0.613242 -0.0850363 0.287375 -0.72558 -1.54742 -0.0188011 -0.309775 -0.0889366 -0.0646211 
0.0319149 0.0397167 -0.0298848 0.00231312 -0.0468457 0.00118085 -0.0202785 -0.0429931 -0.0013845 0.0193307 -0.0236853 0.0383705 0.127034 -0.0496113 0.120117 -0.123567 1.63771 -0.0848606 -0.487895 -0.173831 -0.613252 -0.0850363 0.274197 -0.725854 -1.53845 -0.0187926 -0.309775 -0.0889378 -0.0646259 
0.0319259 0.0397167 -0.0298905 0.00231312 -0.0468457 0.00118085 -0.0202703 -0.0429931 -0.00138998 0.0193307 -0.0236853 0.0383705 0.127032 -0.0496113 0.120117 -0.123567 1.63771 -0.0848584 -0.487895 -0.173831 -0.613258 -0.0850508 0.260668 -0.726089 -1.52941 -0.0187749 -0.309774 -0.0889329 -0.0646115 
0.0319481 0.0397167 -0.0298905 0.00231312 -0.046847 0.00118334 -0.0202675 -0.0429847 -0.00138998 0.0193307 -0.0236853 0.0383705 0.127034 -0.0496118 0.120118 -0.123567 1.63771 -0.0848584 -0.487895 -0.173831 -0.613259 -0.0851369 0.245001 -0.72633 -1.51911 -0.0187267 -0.309774 -0.0889329 -0.0645098 
0.0319619 0.0397167 -0.0298905 0.00231312 -0.0468496 0.00118815 -0.0202646 -0.042982 -0.00138998 0.0193307 -0.0236853 0.0383705 0.127032 -0.0496113 0.120117 -0.123567 1.63771 -0.0848582 -0.487895 -0.173832 -0.613262 -0.0852394 0.230811 -0.726532 -1.50996 -0.018576 -0.309775 -0.0889306 -0.0643914 
0.0319648 0.0397084 -0.0298905 0.00231312 -0.0468509 0.00119056 -0.0202646 -0.0429847 -0.00138998 0.0193307 -0.0236853 0.0383705 0.127032 -0.0496118 0.120118 -0.123567 1.63771 -0.0848584 -0.487895 -0.173832 -0.613263 -0.0853708 0.214698 -0.726696 -1.49971 -0.0184015 -0.309774 -0.0889114 -0.0643184 
0.0319648 0.0397084 -0.0298848 0.00231312 -0.0468548 0.00119778 -0.0202591 -0.0429847 -0.00138998 0.0193307 -0.0236853 0.0383705 0.127032 -0.0496118 0.120118 -0.123567 1.63771 -0.0848582 -0.487895 -0.173832 -0.613264 -0.0854793 0.200342 -0.726834 -1.49051 -0.0182799 -0.309774 -0.0888851 -0.0642944 
0.0319731 0.0397084 -0.0298848 0.00231312 -0.0468548 0.00119778 -0.0202591 -0.0429987 -0.00138998 0.0193307 -0.0236853 0.0383705 0.127034 -0.0496118 0.120118 -0.123566 1.63771 -0.0848584 -0.487895 -0.173831 -0.613262 -0.0855267 0.185779 -0.726963 -1.48131 -0.0181645 -0.309775 -0.0888611 -0.06428 
0.0319731 0.0397084 -0.0298905 0.00231312 -0.0468548 0.00119778 -0.0202563 -0.0429931 -0.00138998 0.0193307 -0.0236853 0.0383705 0.127032 -0.0496113 0.120118 -0.123567 1.63771 -0.0848584 -0.487895 -0.173832 -0.613266 -0.0855503 0.169397 -0.727073 -1.47105 -0.0179576 -0.309774 -0.0888324 -0.0642717 
0.0319731 0.0397249 -0.0298905 0.00231312 -0.0468561 0.00120019 -0.0202508 -0.0429847 -0.00139284 0.0193307 -0.0236853 0.0383705 0.127034 -0.0496113 0.12012 -0.123567 1.63771 -0.0848584 -0.487895 -0.17383 -0.613268 -0.0855529 0.15461 -0.727197 -1.46181 -0.0177722 -0.309775 -0.0888264 -0.0642621 
0.0319815 0.0397249 -0.0298905 0.00231312 -0.0468561 0.00120019 -0.0202451 -0.0429958 -0.00138998 0.0193307 -0.0236853 0.0383705 0.127032 -0.0496125 0.12012 -0.123567 1.63771 -0.0848572 -0.487895 -0.173831 -0.613272 -0.0855584 0.139687 -0.727334 -1.45258 -0.0175549 -0.309775 -0.088824 -0.0642429 
0.031987 0.0397249 -0.0298905 0.00231312 -0.0468561 0.00120019 -0.0202451 -0.0429847 -0.00139284 0.0193307 -0.0236854 0.0383706 0.127032 -0.0496125 0.120118 -0.123567 1.63771 -0.0848584 -0.487895 -0.173831 -0.613274 -0.085567 0.122866 -0.727475 -1.44219 -0.0173051 -0.309775 -0.0888215 -0.0642369 
0.031987 0.0397222 -0.0298905 0.00231312 -0.0468561 0.00120019 -0.0202425 -0.0429847 -0.00139284 0.0193307 -0.0236866 0.0383729 0.127032 -0.0496118 0.12012 -0.123567 1.63771 -0.0848584 -0.487895 -0.173832 -0.613284 -0.0855856 0.107712 -0.727599 -1.433 -0.0170574 -0.309774 -0.0888191 -0.0642346 
0.031987 0.0397222 -0.0298905 0.00231312 -0.0468561 0.00120019 -0.0202425 -0.0429987 -0.00139284 0.0193307 -0.0236866 0.0383729 0.127032 -0.0496125 0.120121 -0.123567 1.63771 -0.0848584 -0.487895 -0.173831 -0.613286 -0.0856073 0.0925407 -0.727701 -1.42399 -0.0168628 -0.309777 -0.0888205 -0.0642477 
0.0319924 0.0397249 -0.0298905 0.00231312 -0.0468561 0.00120019 -0.020237 -0.0429987 -0.00139284 0.0193307 -0.0236866 0.0383729 0.127032 -0.0496118 0.12012 -0.123567 1.63771 -0.0848584 -0.487895 -0.173832 -0.613288 -0.0856507 0.0756171 -0.727808 -1.41396 -0.0166814 -0.309775 -0.0888145 -0.0642537 
0.032012 0.0397249 -0.0298932 0.00231312 -0.0468561 0.00120019 -0.0202315 -0.0429987 -0.00139284 0.0193307 -0.0236866 0.0383729 0.127034 -0.0496113 0.12012 -0.123566 1.63771 -0.0848584 -0.487895 -0.173831 -0.613286 -0.0856924 0.0604479 -0.727892 -1.40518 -0.0165813 -0.309774 -0.0888156 -0.0642549 
0.0320284 0.0397305 -0.0298932 0.00231312 -0.0468561 0.00120019 -0.0202203 -0.0429847 -0.00139284 0.0193307 -0.0236866 0.0383729 0.127034 -0.0496125 0.12012 -0.123567 1.63771 -0.0848582 -0.487895 -0.173831 -0.61329 -0.0857623 0.0434508 -0.727968 -1.39557 -0.0164605 -0.309775 -0.0888156 -0.0642537 
0.0320508 0.0397305 -0.0298905 0.00231312 -0.0468561 0.00120019 -0.0202065 -0.0429847 -0.00139284 0.019327 -0.0236866 0.0383729 0.127034 -0.0496118 0.12012 -0.123567 1.63771 -0.0848582 -0.487895 -0.173832 -0.613291 -0.0858452 0.0284266 -0.727991 -1.38713 -0.0163634 -0.309776 -0.0888156 -0.0642285 
0.0320702 0.0397305 -0.0298932 0.00231312 -0.0468561 0.00120019 -0.0201981 -0.0429847 -0.00139284 0.019327 -0.0236866 0.0383729 0.127032 -0.0496118 0.12012 -0.123568 1.63771 -0.0848572 -0.487895 -0.173831 -0.613298 -0.0859444 0.0133533 -0.728027 -1.37857 -0.0162688 -0.309775 -0.0888156 -0.0641879 
0.0320785 0.0397305 -0.0298905 0.00231312 -0.0468522 0.00119296 -0.0201898 -0.0429792 -0.00138998 0.019327 -0.0236866 0.0383729 0.127034 -0.0496113 0.120122 -0.123567 1.63771 -0.0848582 -0.487895 -0.17383 -0.613299 -0.0860567 -0.00353885 -0.728065 -1.36911 -0.0162102 -0.309776 -0.0888156 -0.0641747 
0.0320785 0.0397249 -0.0298932 0.00231312 -0.0468522 0.00119296 -0.0201814 -0.0429987 -0.00138998 0.019327 -0.0236866 0.0383729 0.127032 -0.0496113 0.12012 -0.123567 1.63771 -0.0848582 -0.487895 -0.173832 -0.613295 -0.0861433 -0.0184288 -0.728065 -1.3607 -0.0161424 -0.309776 -0.0888096 -0.0641652 
0.0320897 0.0397249 -0.0298986 0.00231312 -0.0468509 0.00119056 -0.0201731 -0.0429903 -0.00139284 0.019327 -0.0236866 0.0383729 0.127034 -0.0496113 0.120121 -0.123567 1.63771 -0.0848596 -0.487895 -0.173831 -0.613289 -0.086189 -0.0351648 -0.728065 -1.3514 -0.0160656 -0.309774 -0.0888096 -0.0641472 
0.0320952 0.0397305 -0.0299044 0.00231312 -0.0468509 0.00119056 -0.0201647 -0.0429847 -0.00138998 0.019327 -0.0236866 0.0383729 0.127034 -0.0496113 0.120121 -0.123567 1.63771 -0.0848584 -0.487895 -0.173831 -0.613289 -0.0862448 -0.0518041 -0.728066 -1.34219 -0.0159967 -0.309776 -0.088806 -0.0641029 
0.0321064 0.0397305 -0.029896 0.00231312 -0.0468509 0.00119056 -0.0201538 -0.0429987 -0.00138998 0.019327 -0.0236866 0.0383729 0.127037 -0.0496113 0.120121 -0.123568 1.63771 -0.0848582 -0.487895 -0.17383 -0.613271 -0.0862813 -0.0665174 -0.728075 -1.33428 -0.0159649 -0.309774 -0.088806 -0.0640682 
0.032109 0.0397305 -0.0298932 0.00231312 -0.046847 0.00118334 -0.0201621 -0.0429903 -0.00138998 0.019327 -0.0236866 0.0383729 0.127034 -0.0496125 0.120121 -0.123568 1.63771 -0.0848572 -0.487895 -0.173833 -0.61321 -0.086314 -0.0812933 -0.728118 -1.32655 -0.015888 -0.309771 -0.088806 -0.0640503 
0.0321035 0.0397333 -0.0298986 0.00231312 -0.0468509 0.00119056 -0.0201647 -0.0429903 -0.00138998 0.019327 -0.0236866 0.0383729 0.127034 -0.0496113 0.120121 -0.123567 1.63771 -0.0848572 -0.487895 -0.173831 -0.613112 -0.0864329 -0.0978425 -0.728155 -1.31806 -0.0158056 -0.309774 -0.088806 -0.0640467 
0.0320923 0.0397333 -0.0299044 0.00231312 -0.0468509 0.00119056 -0.0201647 -0.0429903 -0.00138998 0.019327 -0.0236866 0.0383729 0.127032 -0.0496113 0.120121 -0.123568 1.63771 -0.0848584 -0.487895 -0.173831 -0.613019 -0.0865712 -0.112454 -0.72814 -1.31072 -0.0157585 -0.309773 -0.088806 -0.064043 
0.0320897 0.0397333 -0.0299044 0.00231312 -0.0468496 0.00118815 -0.0201759 -0.0429847 -0.00138998 0.019327 -0.0236866 0.0383729 0.127034 -0.0496113 0.120121 -0.123567 1.63771 -0.0848582 -0.487895 -0.173831 -0.61292 -0.0866883 -0.127122 -0.727905 -1.30352 -0.0157182 -0.30978 -0.088806 -0.0640455 
0.0320897 0.039736 -0.0299044 0.00231312 -0.0468496 0.00118815 -0.0201814 -0.0429931 -0.00138998 0.019327 -0.0236866 0.0383729 0.127034 -0.0496113 0.120121 -0.123568 1.63771 -0.0848584 -0.487895 -0.173832 -0.612811 -0.0867796 -0.143472 -0.727473 -1.2956 -0.0156634 -0.309777 -0.088806 -0.0640478 
0.0320897 0.0397333 -0.0299044 0.00231312 -0.0468496 0.00118815 -0.0201981 -0.0429987 -0.0013845 0.019327 -0.0236866 0.0383729 0.127034 -0.0496113 0.120122 -0.123567 1.63771 -0.0848572 -0.487895 -0.17383 -0.612711 -0.0867929 -0.157814 -0.7269 -1.28873 -0.0156567 -0.309778 -0.0888085 -0.0640599 
0.0320897 0.0397333 -0.0298986 0.00231312 -0.0468496 0.00118815 -0.0202203 -0.0429931 -0.00138164 0.019327 -0.0236866 0.0383729 0.127034 -0.0496113 0.120121 -0.123567 1.63771 -0.0848582 -0.487895 -0.173832 -0.612614 -0.086802 -0.173844 -0.726055 -1.28127 -0.015612 -0.309778 -0.088806 -0.064079 
0.0320842 0.0397333 -0.0299044 0.00231312 -0.0468496 0.00118815 -0.020237 -0.0429987 -0.00138164 0.019327 -0.0236866 0.0383729 0.127034 -0.0496113 0.120121 -0.123567 1.63771 -0.0848584 -0.487895 -0.173831 -0.612578 -0.086822 -0.188135 -0.725264 -1.27479 -0.0155779 -0.309779 -0.088806 -0.064091 
0.0320842 0.0397333 -0.0298986 0.00231312 -0.0468496 0.00118815 -0.0202451 -0.0430042 -0.00137901 0.019327 -0.0236866 0.0383729 0.127034 -0.0496118 0.120123 -0.123566 1.63771 -0.0848584 -0.487895 -0.173831 -0.612565 -0.0868278 -0.202333 -0.72435 -1.26845 -0.0154979 -0.309778 -0.0888085 -0.0640826 
0.0320785 0.0397333 -0.0299044 0.00231312 -0.0468496 0.00118815 -0.0202758 -0.0429987 -0.00137901 0.019327 -0.0236866 0.0383729 0.127034 -0.0496113 0.120121 -0.123567 1.63771 -0.0848582 -0.487895 -0.173832 -0.612543 -0.0868332 -0.218116 -0.72299 -1.26162 -0.0153332 -0.30978 -0.088806 -0.0640658 
0.0320785 0.0397333 -0.0299044 0.00231686 -0.0468496 0.00118815 -0.020298 -0.0429903 -0.00137901 0.019327 -0.0236866 0.0383729 0.127034 -0.0496118 0.120123 -0.123567 1.63771 -0.0848584 -0.487895 -0.173831 -0.61253 -0.0868526 -0.231965 -0.721672 -1.25567 -0.0150603 -0.309779 -0.0888025 -0.0640084 
0.0320814 0.039736 -0.0299044 0.00231686 -0.0468496 0.00118815 -0.0203173 -0.0429987 -0.00137901 0.019327 -0.0236866 0.0383729 0.127034 -0.0496113 0.120122 -0.123567 1.63771 -0.0848582 -0.487895 -0.173831 -0.612501 -0.0868611 -0.24743 -0.720087 -1.24932 -0.0147489 -0.309777 -0.0887965 -0.0639557 
0.0320785 0.039736 -0.0299044 0.00231686 -0.0468496 0.00118815 -0.0203285 -0.0429958 -0.00137901 0.019327 -0.0236866 0.0383729 0.127034 -0.0496113 0.120123 -0.123567 1.63771 -0.0848582 -0.487895 -0.173831 -0.612477 -0.0868623 -0.260986 -0.718513 -1.24395 -0.0143073 -0.309778 -0.0887822 -0.0639509 
0.032073 0.039736 -0.0299044 0.00231686 -0.046847 0.00118334 -0.020334 -0.0429987 -0.00137901 0.019327 -0.0236866 0.0383729 0.127034 -0.0496118 0.120122 -0.123568 1.63771 -0.0848572 -0.487895 -0.173831 -0.612458 -0.0868633 -0.274427 -0.716978 -1.23889 -0.0137957 -0.309778 -0.0887727 -0.0639473 
0.032073 0.039736 -0.0299044 0.00231686 -0.046847 0.00118334 -0.0203369 -0.0429987 -0.00137353 0.019327 -0.0236866 0.0383729 0.127034 -0.0496113 0.120121 -0.123567 1.63771 -0.0848572 -0.487895 -0.173831 -0.612441 -0.0868649 -0.287685 -0.715339 -1.23428 -0.0131469 -0.309777 -0.0887618 -0.0639509 
0.0320563 0.039736 -0.0299044 0.00231686 -0.0468431 0.00117611 -0.0203369 -0.0429987 -0.00137901 0.0193232 -0.0236866 0.0383729 0.127032 -0.0496113 0.120123 -0.123567 1.63771 -0.0848596 -0.487895 -0.173831 -0.612408 -0.0868649 -0.302243 -0.713472 -1.22945 -0.0122814 -0.309778 -0.088757 -0.0639342 
0.0320399 0.0397333 -0.0299044 0.00231686 -0.0468406 0.0011713 -0.0203424 -0.0429987 -0.00137353 0.0193232 -0.0236866 0.0383729 0.127032 -0.0496118 0.120123 -0.123567 1.63771 -0.0848584 -0.487895 -0.173831 -0.612371 -0.0868633 -0.315083 -0.711709 -1.22564 -0.0113293 -0.309779 -0.0887522 -0.0639186 
0.032012 0.0397249 -0.029907 0.00231686 -0.0468406 0.0011713 -0.0203478 -0.0429987 -0.00137067 0.0193232 -0.0236866 0.0383729 0.127034 -0.0496118 0.120122 -0.123567 1.63771 -0.0848582 -0.487895 -0.173831 -0.612325 -0.086864 -0.329237 -0.709721 -1.22183 -0.0100456 -0.309776 -0.088757 -0.0639114 
0.0319982 0.0397249 -0.0299044 0.00231686 -0.0468406 0.0011713 -0.0203617 -0.0429987 -0.00136781 0.0193232 -0.0236866 0.0383729 0.127034 -0.0496113 0.120122 -0.123568 1.63771 -0.0848582 -0.487895 -0.173831 -0.61226 -0.086864 -0.341448 -0.707916 -1.21873 -0.00882435 -0.309775 -0.0887535 -0.0639151 
0.0319924 0.0397249 -0.0299044 0.00231686 -0.0468406 0.0011713 -0.0203674 -0.0429987 -0.00135946 0.0193232 -0.0236866 0.0383729 0.127032 -0.0496125 0.120123 -0.123567 1.63771 -0.0848582 -0.487895 -0.17383 -0.612215 -0.0868649 -0.353461 -0.706021 -1.21592 -0.00739062 -0.309775 -0.0887535 -0.0639281 
0.031987 0.0397249 -0.0299044 0.00231686 -0.0468406 0.0011713 -0.0203674 -0.0430069 -0.00135946 0.0193232 -0.0236879 0.0383753 0.127032 -0.0496113 0.120122 -0.123566 1.63771 -0.0848596 -0.487895 -0.173831 -0.612178 -0.0868671 -0.366525 -0.703945 -1.21335 -0.00581717 -0.309777 -0.0887522 -0.0639306 
0.031987 0.0397195 -0.0299044 0.00231686 -0.0468406 0.0011713 -0.0203674 -0.0430069 -0.00135946 0.0193232 -0.0236879 0.0383753 0.127032 -0.0496118 0.12012 -0.123567 1.63771 -0.0848584 -0.487895 -0.173831 -0.612147 -0.0868602 -0.37782 -0.702085 -1.2115 -0.00441515 -0.30978 -0.0887558 -0.0639473 
0.0319924 0.0397167 -0.0299044 0.00231686 -0.0468406 0.0011713 -0.0203674 -0.0430042 -0.00135946 0.0193232 -0.0236879 0.0383753 0.127034 -0.0496137 0.120118 -0.123567 1.63771 -0.0848582 -0.487895 -0.17383 -0.612134 -0.0868623 -0.388885 -0.700186 -1.20989 -0.00305235 -0.309779 -0.0887535 -0.0639545 
0.0320008 0.0397167 -0.029907 0.00231686 -0.0468406 0.0011713 -0.0203674 -0.0430042 -0.00135946 0.0193232 -0.0236879 0.0383753 0.127034 -0.0496125 0.120118 -0.123568 1.63771 -0.0848584 -0.487895 -0.173831 -0.612133 -0.0868649 -0.400765 -0.69807 -1.20835 -0.00174308 -0.309776 -0.0887535 -0.0639545 
0.0320008 0.0397084 -0.029907 0.00231686 -0.0468406 0.0011713 -0.0203674 -0.0430042 -0.00135946 0.0193232 -0.0236879 0.0383753 0.127037 -0.0496137 0.12012 -0.123567 1.63771 -0.0848572 -0.487895 -0.173832 -0.612118 -0.0868649 -0.410866 -0.696167 -1.20715 -0.00056076 -0.309776 -0.0887535 -0.0639545 
0.0320008 0.0396943 -0.0299044 0.00231686 -0.0468406 0.0011713 -0.02037 -0.0429987 -0.00135684 0.0193232 -0.0236879 0.0383753 0.127034 -0.0496125 0.120118 -0.123567 1.63771 -0.0848582 -0.487895 -0.173832 -0.612086 -0.0868649 -0.420638 -0.694334 -1.20614 0.000824094 -0.309775 -0.0887535 -0.0639545 
0.0319982 0.0396862 -0.029896 0.00231312 -0.0468406 0.0011713 -0.02037 -0.0430042 -0.00135398 0.0193232 -0.0236879 0.0383753 0.127032 -0.0496113 0.120117 -0.123566 1.63771 -0.0848572 -0.487895 -0.173831 -0.612057 -0.0868657 -0.431069 -0.69245 -1.20528 0.00248122 -0.309775 -0.088751 -0.0639545 
0.0319898 0.0396805 -0.029896 0.00231312 -0.0468406 0.0011713 -0.02037 -0.0430069 -0.00135136 0.0193158 -0.0236879 0.0383753 0.127032 -0.0496125 0.120115 -0.123567 1.63771 -0.0848584 -0.487895 -0.173831 -0.612033 -0.0868547 -0.439842 -0.690846 -1.20474 0.00399613 -0.309778 -0.0887499 -0.0639461 
0.0319786 0.0396721 -0.029896 0.00231312 -0.0468406 0.0011713 -0.0203755 -0.0429987 -0.00135136 0.0193158 -0.0236879 0.0383753 0.127034 -0.0496125 0.120114 -0.123567 1.63771 -0.0848572 -0.487895 -0.173831 -0.612008 -0.0868547 -0.448213 -0.689423 -1.20435 0.00554442 -0.309776 -0.0887499 -0.0639126 
0.0319536 0.0396668 -0.0298932 0.00231312 -0.0468406 0.0011713 -0.0203838 -0.0429987 -0.00135136 0.0193158 -0.0236906 0.0383801 0.127032 -0.0496113 0.120114 -0.123567 1.63771 -0.0848572 -0.487895 -0.173831 -0.611964 -0.086854 -0.45693 -0.687887 -1.20401 0.00728595 -0.309777 -0.0887522 -0.0638946 
0.0319204 0.0396668 -0.0298932 0.00231312 -0.0468406 0.0011713 -0.0203896 -0.0429987 -0.00134301 0.0193158 -0.0236906 0.0383801 0.127032 -0.0496118 0.120111 -0.123567 1.63771 -0.0848584 -0.487895 -0.173831 -0.611929 -0.086854 -0.464209 -0.686641 -1.20377 0.00873363 -0.309776 -0.0887499 -0.0638911 
0.0318899 0.0396668 -0.0298905 0.00231312 -0.0468406 0.0011713 -0.020395 -0.0429987 -0.00133467 0.0193158 -0.0236906 0.0383801 0.127032 -0.0496137 0.120109 -0.123567 1.63771 -0.0848572 -0.487895 -0.173831 -0.611906 -0.0868516 -0.471774 -0.685445 -1.20355 0.0101142 -0.309777 -0.088751 -0.0638731 
0.0318675 0.0396583 -0.0298905 0.00231312 -0.0468406 0.0011713 -0.0203979 -0.0429958 -0.00133467 0.0193158 -0.0236906 0.0383801 0.127032 -0.0496137 0.120108 -0.123567 1.63771 -0.0848584 -0.487895 -0.173831 -0.611894 -0.0868516 -0.478071 -0.684493 -1.20338 0.0112592 -0.309777 -0.0887535 -0.0638587 
0.0318594 0.0396529 -0.0298905 0.00231312 -0.0468406 0.0011713 -0.0203979 -0.0430042 -0.00133181 0.0193158 -0.0236906 0.0383801 0.127034 -0.0496137 0.120106 -0.123566 1.63771 -0.0848582 -0.487895 -0.173831 -0.611891 -0.0868526 -0.483872 -0.683672 -1.20323 0.0124098 -0.309775 -0.0887499 -0.0638444 
0.0318594 0.0396472 -0.0298905 0.00231312 -0.0468406 0.0011713 -0.0204034 -0.0430042 -0.00131798 0.0193158 -0.0236906 0.0383802 0.127032 -0.0496125 0.120106 -0.123567 1.63771 -0.0848584 -0.487895 -0.173831 -0.611875 -0.0868516 -0.489738 -0.682939 -1.2031 0.0136471 -0.309777 -0.088751 -0.063842 
0.0318594 0.0396334 -0.0298905 0.00231312 -0.0468406 0.0011713 -0.0204034 -0.0429987 -0.00130701 0.0193158 -0.0236919 0.0383826 0.127032 -0.0496137 0.120106 -0.123566 1.63771 -0.0848582 -0.487895 -0.173831 -0.611859 -0.0868509 -0.494503 -0.682426 -1.20302 0.0147151 -0.309778 -0.0887499 -0.0638456 
0.0318594 0.0396334 -0.0298905 0.00231312 -0.0468406 0.0011713 -0.0204034 -0.0429987 -0.00129867 0.0193158 -0.0236932 0.0383802 0.127032 -0.0496137 0.120102 -0.123567 1.63771 -0.0848584 -0.487895 -0.17383 -0.611849 -0.0868499 -0.498801 -0.682001 -1.20295 0.0156527 -0.309778 -0.088751 -0.0638552 
0.0318594 0.0396334 -0.0298905 0.00231312 -0.0468406 0.0011713 -0.0204034 -0.0429987 -0.00129008 0.0193158 -0.0236932 0.0383802 0.127034 -0.0496137 0.120101 -0.123567 1.63771 -0.0848572 -0.487895 -0.173831 -0.611837 -0.0868483 -0.503099 -0.681586 -1.20289 0.0165278 -0.309778 -0.0887499 -0.063866 
0.0318594 0.039625 -0.0298848 0.00231312 -0.0468406 0.0011713 -0.0204091 -0.0429958 -0.00128174 0.0193158 -0.0236932 0.0383802 0.127034 -0.0496137 0.120101 -0.123567 1.63771 -0.0848582 -0.487895 -0.173831 -0.61183 -0.0868499 -0.506496 -0.681222 -1.20284 0.0171827 -0.309778 -0.0887535 -0.0638887 
0.0318594 0.0396194 -0.0298822 0.00231312 -0.0468406 0.0011713 -0.0204091 -0.0429931 -0.00127912 0.0193158 -0.0236932 0.0383802 0.127034 -0.0496137 0.120101 -0.123567 1.63771 -0.0848584 -0.487895 -0.173831 -0.611831 -0.0868499 -0.509456 -0.680868 -1.20281 0.0177119 -0.309777 -0.0887535 -0.0639054 
0.0318594 0.0396084 -0.0298822 0.00231312 -0.0468406 0.0011713 -0.0204117 -0.0429987 -0.00127339 0.0193158 -0.0236932 0.0383802 0.127032 -0.0496125 0.1201 -0.123567 1.63771 -0.0848582 -0.487895 -0.17383 -0.611828 -0.0868499 -0.512534 -0.680492 -1.20278 0.0182099 -0.309778 -0.0887535 -0.0639114 
0.0318565 0.0396056 -0.0298793 0.00231312 -0.0468419 0.00118332 -0.0204201 -0.0430042 -0.00126791 0.0193158 -0.0236932 0.0383802 0.127032 -0.0496118 0.1201 -0.123566 1.63771 -0.0848584 -0.487895 -0.173831 -0.611818 -0.0868483 -0.514617 -0.680274 -1.20277 0.0185351 -0.309778 -0.0887558 -0.0638983 
0.0318427 0.0395862 -0.0298793 0.00231312 -0.0468445 0.00118813 -0.0204282 -0.0430069 -0.00125957 0.0193158 -0.0236932 0.0383802 0.127031 -0.0496137 0.1201 -0.123566 1.63771 -0.0848572 -0.487895 -0.173831 -0.6118 -0.0868433 -0.516579 -0.680125 -1.20276 0.0188539 -0.309778 -0.0887535 -0.063866 
0.0318344 0.0395862 -0.0298765 0.00231312 -0.0468483 0.00120016 -0.0204394 -0.0429987 -0.00125408 0.0193158 -0.0236932 0.0383802 0.127032 -0.0496137 0.120098 -0.123566 1.63771 -0.0848582 -0.487895 -0.173831 -0.611791 -0.0868423 -0.517987 -0.680074 -1.20275 0.0191157 -0.309778 -0.0887535 -0.0638229 
0.0318315 0.0395669 -0.0298765 0.00231312 -0.0468471 0.00120256 -0.0204422 -0.0429847 -0.00125122 0.0193158 -0.0236932 0.0383802 0.127032 -0.0496137 0.120098 -0.123566 1.63771 -0.0848584 -0.487895 -0.173831 -0.611785 -0.0868413 -0.51907 -0.68005 -1.20275 0.0193373 -0.309778 -0.0887522 -0.0637774 
0.0318372 0.039564 -0.0298765 0.00231312 -0.0468471 0.00121697 -0.0204422 -0.0430069 -0.00125122 0.0193232 -0.0236932 0.0383802 0.127032 -0.0496125 0.120097 -0.123567 1.63771 -0.0848582 -0.487895 -0.17383 -0.611781 -0.0868492 -0.520013 -0.680025 -1.20275 0.0195088 -0.309777 -0.0887499 -0.0637068 
0.0318565 0.039564 -0.0298765 0.00231312 -0.0468471 0.00121697 -0.0204422 -0.0429987 -0.0012486 0.0193232 -0.0236932 0.0383802 0.127031 -0.0496125 0.120097 -0.123566 1.63771 -0.0848584 -0.487895 -0.173831 -0.611778 -0.0868771 -0.520672 -0.680011 -1.20275 0.019593 -0.309778 -0.0887499 -0.0635751 
0.0318706 0.0395558 -0.0298765 0.00231312 -0.0468471 0.00121697 -0.0204282 -0.0429987 -0.00124311 0.0193232 -0.0236932 0.0383802 0.127031 -0.0496118 0.120097 -0.123566 1.63771 -0.0848584 -0.487895 -0.173831 -0.611776 -0.0869555 -0.521329 -0.680001 -1.20274 0.0196571 -0.309778 -0.0887499 -0.0634829 
0.0318816 0.0395558 -0.0298765 0.00231312 -0.0468471 0.00121697 -0.0204201 -0.0429931 -0.00124025 0.0193232 -0.0236932 0.0383802 0.127032 -0.0496118 0.120097 -0.123566 1.63771 -0.0848584 -0.487895 -0.173831 -0.611776 -0.087039 -0.521847 -0.679995 -1.20274 0.0197207 -0.309777 -0.0887462 -0.0634304 
0.0318816 0.0395529 -0.0298765 0.00231312 -0.0468471 0.00121697 -0.0204091 -0.0429987 -0.00124025 0.0193232 -0.0236932 0.0383802 0.127032 -0.0496137 0.120097 -0.123566 1.63771 -0.0848584 -0.487895 -0.173831 -0.611775 -0.0870934 -0.522279 -0.67999 -1.20274 0.0198287 -0.309778 -0.0887499 -0.0633813 
0.0318899 0.0395474 -0.0298765 0.00231312 -0.0468471 0.00121697 -0.0204091 -0.0430069 -0.00123477 0.0193232 -0.0236932 0.0383802 0.127032 -0.0496125 0.120097 -0.123567 1.63771 -0.0848584 -0.487895 -0.173831 -0.611775 -0.0871136 -0.522667 -0.679961 -1.20274 0.0199928 -0.309777 -0.088745 -0.0633346 
0.0318954 0.0395474 -0.0298765 0.00231312 -0.0468484 0.00121938 -0.0204091 -0.0430042 -0.00122905 0.0193232 -0.0236932 0.0383802 0.127032 -0.0496137 0.120097 -0.123566 1.63771 -0.0848582 -0.487895 -0.173831 -0.611773 -0.0871136 -0.52294 -0.679931 -1.20274 0.0201197 -0.309778 -0.0887474 -0.0631958 
0.0318899 0.0395502 -0.0298765 0.00231312 -0.0468484 0.00121938 -0.0204144 -0.0429987 -0.00122905 0.0193232 -0.0236932 0.0383802 0.127032 -0.0496137 0.120097 -0.123567 1.63771 -0.0848582 -0.487895 -0.173831 -0.611774 -0.0871143 -0.523133 -0.679919 -1.20274 0.0201656 -0.309778 -0.0887499 -0.0630761 
0.0318706 0.0395474 -0.029871 0.00231312 -0.0468484 0.00121938 -0.0204282 -0.0429987 -0.00122905 0.0193232 -0.0236932 0.0383802 0.127032 -0.0496137 0.120097 -0.123566 1.63771 -0.0848582 -0.487895 -0.173831 -0.611773 -0.0871136 -0.523023 -0.679901 -1.20274 0.0201758 -0.309778 -0.0887522 -0.0630091 
0.0318565 0.0395474 -0.029871 0.00231312 -0.0468484 0.00121938 -0.0204422 -0.0429931 -0.00122905 0.0193232 -0.0236932 0.0383802 0.127032 -0.0496137 0.120095 -0.123566 1.63771 -0.0848584 -0.487895 -0.173831 -0.611769 -0.0871153 -0.522444 -0.679891 -1.20274 0.0201784 -0.309778 -0.088757 -0.0629911 
0.0318453 0.0395474 -0.029871 0.00231312 -0.0468484 0.00121938 -0.0204477 -0.0429931 -0.00122905 0.0193232 -0.0236932 0.0383802 0.127032 -0.0496125 0.120097 -0.123567 1.63771 -0.0848584 -0.487895 -0.173831 -0.6118 -0.0871143 -0.521404 -0.679874 -1.20284 0.0201795 -0.309778 -0.0887499 -0.0629815 
0.0318427 0.0395474 -0.029871 0.00231312 -0.0468484 0.00121938 -0.0204504 -0.0429987 -0.00122905 0.0193232 -0.0236932 0.0383802 0.127031 -0.0496118 0.120097 -0.123566 1.63771 -0.0848584 -0.487895 -0.173831 -0.611902 -0.0871251 -0.519635 -0.679837 -1.2033 0.0201825 -0.309778 -0.0887499 -0.0629361 
0.0318427 0.0395418 -0.029871 0.00231312 -0.0468484 0.00121938 -0.0204422 -0.0429903 -0.00122643 0.0193232 -0.0236932 0.0383802 0.127031 -0.0496118 0.120095 -0.123566 1.63771 -0.0848582 -0.487895 -0.173831 -0.612037 -0.0871327 -0.517593 -0.679826 -1.20404 0.0201832 -0.309777 -0.0887462 -0.0628594 
0.0318427 0.0395502 -0.029871 0.00231312 -0.0468484 0.00121938 -0.0204422 -0.0429987 -0.00122643 0.0193232 -0.0236932 0.0383802 0.127031 -0.0496113 0.120095 -0.123567 1.63771 -0.0848584 -0.487895 -0.173831 -0.612216 -0.0871344 -0.514709 -0.679864 -1.2052 0.0201814 -0.309777 -0.088745 -0.062741 
0.0318427 0.0395502 -0.0298765 0.00231312 -0.0468484 0.00121938 -0.0204394 -0.0429987 -0.00122356 0.0193232 -0.0236932 0.0383802 0.127032 -0.0496125 0.120095 -0.123566 1.63771 -0.0848582 -0.487895 -0.173831 -0.612386 -0.0871353 -0.511644 -0.680092 -1.20653 0.0201825 -0.309777 -0.0887426 -0.0626548 
0.0318453 0.0395474 -0.029871 0.00231312 -0.0468484 0.00121938 -0.0204368 -0.0429987 -0.00122356 0.0193232 -0.0236932 0.0383802 0.127032 -0.0496118 0.120097 -0.123566 1.63771 -0.0848584 -0.487895 -0.173831 -0.61258 -0.087136 -0.508133 -0.680461 -1.20813 0.0201784 -0.309777 -0.0887426 -0.0625531 
0.0318565 0.0395418 -0.029871 0.00231312 -0.0468484 0.00121938 -0.0204339 -0.0429987 -0.00122356 0.0193232 -0.0236932 0.0383802 0.127032 -0.0496125 0.120095 -0.123567 1.63771 -0.0848572 -0.487895 -0.173831 -0.612785 -0.087136 -0.503571 -0.681057 -1.21024 0.0202185 -0.309778 -0.0887426 -0.0623173 
0.0318594 0.0395418 -0.029871 0.00231312 -0.0468484 0.00121938 -0.0204282 -0.0429958 -0.00122356 0.0193232 -0.0236932 0.0383802 0.127031 -0.0496113 0.120097 -0.123566 1.63771 -0.0848584 -0.487895 -0.173831 -0.612976 -0.087136 -0.499015 -0.681774 -1.21244 0.0202205 -0.309777 -0.0887426 -0.0620158 
0.0318623 0.0395418 -0.029871 0.00231312 -0.0468484 0.00121938 -0.0204282 -0.0429958 -0.0012207 0.0193232 -0.0236932 0.0383802 0.127031 -0.0496118 0.120095 -0.123566 1.63771 -0.0848584 -0.487895 -0.17383 -0.61321 -0.0871339 -0.493274 -0.682685 -1.21548 0.0202436 -0.309778 -0.088745 -0.0617117 
0.0318594 0.0395391 -0.029871 0.00231312 -0.0468484 0.00121938 -0.0204256 -0.0429958 -0.0012207 0.0193232 -0.0236932 0.0383802 0.127032 -0.0496125 0.120095 -0.123566 1.63771 -0.0848584 -0.487895 -0.17383 -0.613416 -0.087136 -0.487573 -0.683653 -1.21883 0.0202467 -0.309778 -0.0887522 -0.0614951 
0.0318594 0.0395335 -0.029871 0.00231312 -0.0468484 0.00121938 -0.0204282 -0.0429903 -0.0012207 0.0193232 -0.0236932 0.0383802 0.127031 -0.0496118 0.120095 -0.123566 1.63771 -0.0848582 -0.487895 -0.173831 -0.61363 -0.0871654 -0.481347 -0.684835 -1.22252 0.0202619 -0.309777 -0.088751 -0.0613084 
0.0318594 0.0395335 -0.029871 0.00231312 -0.0468458 0.00121457 -0.0204282 -0.0429987 -0.00121522 0.0193232 -0.0236932 0.0383802 0.127031 -0.0496118 0.120095 -0.123565 1.63771 -0.0848596 -0.487895 -0.173831 -0.613862 -0.0871696 -0.473588 -0.686268 -1.22701 0.0202743 -0.309776 -0.0887499 -0.0611935 
0.0318565 0.0395364 -0.029871 0.00231312 -0.0468471 0.00121697 -0.0204339 -0.0429987 -0.00121522 0.0193232 -0.0236932 0.0383802 0.127031 -0.0496118 0.120095 -0.123566 1.63771 -0.0848584 -0.487895 -0.173831 -0.614039 -0.0871732 -0.46613 -0.687581 -1.23141 0.0202748 -0.309777 -0.0887499 -0.0611385 
0.0318565 0.0395335 -0.029871 0.00231312 -0.0468458 0.00121457 -0.0204282 -0.0429987 -0.00121522 0.0193232 -0.0236932 0.0383802 0.127032 -0.0496118 0.120095 -0.123566 1.63771 -0.0848584 -0.487895 -0.173832 -0.614188 -0.0871811 -0.458298 -0.68906 -1.23605 0.0202804 -0.309778 -0.0887499 -0.0610991 
0.0318706 0.0395391 -0.029871 0.00231312 -0.0468458 0.00121457 -0.0204091 -0.0429987 -0.00121522 0.0193232 -0.0236932 0.0383802 0.127032 -0.0496118 0.120094 -0.123566 1.63771 -0.0848584 -0.487895 -0.173831 -0.614343 -0.0871818 -0.448964 -0.690729 -1.24166 0.0202767 -0.309778 -0.088745 -0.0610499 
0.0318706 0.0395364 -0.029871 0.00231312 -0.0468458 0.00121457 -0.0203896 -0.0429987 -0.0012207 0.0193232 -0.0236932 0.0383802 0.127032 -0.0496113 0.120095 -0.123567 1.63771 -0.0848584 -0.487895 -0.173831 -0.614454 -0.0871847 -0.440206 -0.69224 -1.24709 0.020281 -0.309778 -0.0887474 -0.0609148 
0.0318706 0.0395335 -0.0298765 0.00231312 -0.0468458 0.00121457 -0.0203674 -0.0429987 -0.0012207 0.019327 -0.0236932 0.0383802 0.127031 -0.0496113 0.120095 -0.123566 1.63771 -0.0848584 -0.487895 -0.173831 -0.61457 -0.0871856 -0.430012 -0.693958 -1.25352 0.0202827 -0.309778 -0.0887499 -0.0607532 
0.0318816 0.0395169 -0.029871 0.00231312 -0.0468458 0.00121457 -0.0203478 -0.0429931 -0.00121522 0.019327 -0.0236932 0.0383802 0.127031 -0.0496118 0.120095 -0.123567 1.63771 -0.0848584 -0.487895 -0.173832 -0.614681 -0.0871863 -0.420476 -0.695435 -1.25959 0.0202804 -0.309777 -0.0887426 -0.0605844 
0.0318816 0.0395031 -0.029871 0.00231312 -0.0468432 0.00120975 -0.0203285 -0.0429987 -0.00121522 0.019327 -0.0236932 0.0383802 0.127031 -0.0496118 0.120094 -0.123566 1.63771 -0.0848584 -0.487895 -0.173831 -0.614809 -0.0871863 -0.410522 -0.697002 -1.26583 0.0202907 -0.309778 -0.0887474 -0.060375 
0.0319011 0.0395031 -0.0298765 0.00231312 -0.0468432 0.00120975 -0.0202897 -0.0429987 -0.00121522 0.019327 -0.0236932 0.0383802 0.127032 -0.0496113 0.120095 -0.123566 1.63771 -0.0848596 -0.487895 -0.173831 -0.614993 -0.0871878 -0.399021 -0.698744 -1.27326 0.0202907 -0.309778 -0.0887462 -0.0601679 
0.0319121 0.0394837 -0.029871 0.00231312 -0.0468432 0.00120975 -0.0202646 -0.0429987 -0.00121522 0.019327 -0.0236932 0.0383802 0.127032 -0.0496118 0.120095 -0.123567 1.63771 -0.0848584 -0.487895 -0.17383 -0.615183 -0.0871863 -0.388366 -0.700357 -1.28019 0.0202888 -0.309776 -0.0887474 -0.0599298 
0.0319204 0.0394779 -0.029871 0.00231312 -0.0468432 0.00120975 -0.0202425 -0.0429958 -0.0012207 0.019327 -0.0236932 0.0383802 0.127032 -0.0496125 0.120095 -0.123566 1.63771 -0.0848596 -0.487895 -0.173831 -0.615378 -0.0871873 -0.375995 -0.702182 -1.28831 0.0202925 -0.309776 -0.0887426 -0.0597814 
0.0319259 0.0394753 -0.029871 0.00231312 -0.0468419 0.00120735 -0.0202315 -0.0429987 -0.0012207 0.019327 -0.0236932 0.0383802 0.127031 -0.0496125 0.120095 -0.123566 1.63771 -0.0848584 -0.487895 -0.173832 -0.615549 -0.0871897 -0.364836 -0.703814 -1.29559 0.0202942 -0.309775 -0.088751 -0.0597215 
0.0319288 0.0394753 -0.029871 0.00231312 -0.0468406 0.00120494 -0.020226 -0.0429987 -0.0012207 0.019327 -0.0236932 0.0383802 0.127032 -0.0496113 0.120095 -0.123567 1.63771 -0.0848584 -0.487895 -0.173831 -0.615707 -0.0871897 -0.353166 -0.705507 -1.30326 0.0202955 -0.309775 -0.0887499 -0.0597084 
0.0319343 0.0394753 -0.0298765 0.00231312 -0.046838 0.00120012 -0.0202203 -0.0429958 -0.0012207 0.019327 -0.0236932 0.0383802 0.127031 -0.0496118 0.120095 -0.123566 1.63771 -0.0848584 -0.487895 -0.173831 -0.615868 -0.0872145 -0.339806 -0.707355 -1.31206 0.0202955 -0.309777 -0.0887474 -0.0597084 
0.0319371 0.0394753 -0.0298765 0.00231312 -0.046838 0.00120012 -0.0202177 -0.0429987 -0.0012207 0.019327 -0.0236932 0.0383802 0.127032 -0.0496125 0.120095 -0.123567 1.63771 -0.0848584 -0.487895 -0.173831 -0.616006 -0.087218 -0.327754 -0.708993 -1.32019 0.0202912 -0.309774 -0.0887499 -0.0597072 
0.0319343 0.0394753 -0.0298765 0.00231312 -0.046838 0.00120012 -0.0202065 -0.0429987 -0.0012207 0.019327 -0.0236932 0.0383802 0.127032 -0.0496118 0.120095 -0.123567 1.63771 -0.0848584 -0.487895 -0.173831 -0.616108 -0.087218 -0.315424 -0.710519 -1.32846 0.0202912 -0.309777 -0.0887426 -0.0597084 
0.0319371 0.0394726 -0.0298765 0.00231312 -0.046838 0.00120012 -0.0201981 -0.0429987 -0.00122356 0.019327 -0.0236932 0.0383802 0.127032 -0.0496118 0.120095 -0.123566 1.63771 -0.0848584 -0.487895 -0.173831 -0.616201 -0.0872145 -0.301462 -0.712283 -1.33812 0.0202888 -0.309774 -0.0887426 -0.0596269 
0.0319371 0.0394641 -0.0298765 0.00231312 -0.046838 0.00120012 -0.0201759 -0.0429987 -0.00122356 0.019327 -0.0236932 0.0383802 0.127031 -0.0496113 0.120097 -0.123566 1.63771 -0.0848584 -0.487895 -0.173832 -0.616275 -0.0871098 -0.287453 -0.713957 -1.34815 0.0202857 -0.309778 -0.0887474 -0.0595409 
0.0319426 0.0394641 -0.0298765 0.00231312 -0.046838 0.00120012 -0.0201538 -0.0429987 -0.00122643 0.019327 -0.0236932 0.0383802 0.127032 -0.0496118 0.120097 -0.123566 1.63771 -0.0848582 -0.487895 -0.173831 -0.616357 -0.0869274 -0.273245 -0.715524 -1.35837 0.0202827 -0.309776 -0.0887426 -0.0593661 
0.0319593 0.0394615 -0.0298765 0.00231686 -0.0468354 0.00120492 -0.0201342 -0.0430069 -0.00122643 0.019327 -0.0236932 0.0383802 0.127032 -0.0496113 0.120097 -0.123567 1.63771 -0.0848582 -0.487895 -0.173831 -0.616438 -0.0866735 -0.260417 -0.716916 -1.36754 0.0202827 -0.309772 -0.088745 -0.0591351 
0.031976 0.0394585 -0.0298765 0.00231686 -0.0468315 0.00121212 -0.0201259 -0.0430069 -0.00122643 0.019327 -0.0236932 0.0383802 0.127032 -0.0496118 0.120097 -0.123567 1.63771 -0.0848584 -0.487895 -0.173831 -0.616501 -0.0862813 -0.247473 -0.718163 -1.37694 0.0202839 -0.309773 -0.0887474 -0.0589747 
0.0319924 0.0394504 -0.0298765 0.00231686 -0.0468289 0.00121699 -0.0201149 -0.0429958 -0.00122643 0.019327 -0.0236932 0.0383802 0.127031 -0.0496113 0.120097 -0.123566 1.63771 -0.0848584 -0.487895 -0.173831 -0.616574 -0.0857725 -0.232621 -0.719441 -1.38756 0.0202827 -0.309774 -0.088745 -0.0588311 
0.0320063 0.0394504 -0.0298765 0.00231686 -0.0468264 0.00122171 -0.0201066 -0.0429987 -0.00122643 0.019327 -0.0236932 0.0383802 0.127032 -0.0496118 0.120097 -0.123566 1.63771 -0.0848582 -0.487895 -0.173831 -0.616617 -0.0852911 -0.219181 -0.720569 -1.39698 0.0202827 -0.309774 -0.088745 -0.0587187 
0.0320258 0.0394447 -0.0298765 0.00231686 -0.0468264 0.00122171 -0.0200953 -0.0430069 -0.00122643 0.019327 -0.0236932 0.0383802 0.127032 -0.0496118 0.120097 -0.123566 1.63771 -0.0848582 -0.487895 -0.173831 -0.616653 -0.0846388 -0.203927 -0.721749 -1.40775 0.0202777 -0.309774 -0.0887414 -0.0585546 
0.0320284 0.0394504 -0.0298765 0.00231686 -0.0468264 0.00122171 -0.0200899 -0.0430069 -0.00122905 0.019327 -0.0236932 0.0383802 0.127032 -0.0496113 0.120097 -0.123567 1.63771 -0.0848584 -0.487895 -0.173831 -0.616698 -0.0839574 -0.190284 -0.722667 -1.41726 0.0202767 -0.309773 -0.0887499 -0.0584781 
0.0320284 0.0394615 -0.0298765 0.00231686 -0.0468264 0.00122171 -0.0200872 -0.0430069 -0.00122905 0.019327 -0.0236932 0.0383802 0.127032 -0.0496113 0.120097 -0.123567 1.63771 -0.0848582 -0.487895 -0.173831 -0.616739 -0.0831838 -0.176558 -0.723502 -1.42677 0.0202754 -0.309774 -0.0887426 -0.0584267 
0.0320284 0.0394641 -0.0298765 0.00231686 -0.0468264 0.00122171 -0.0200844 -0.0430069 -0.00122905 0.019327 -0.0236932 0.0383802 0.127031 -0.0496113 0.120098 -0.123566 1.63771 -0.0848582 -0.487895 -0.173831 -0.616769 -0.0821862 -0.16089 -0.724335 -1.43747 0.0202736 -0.309774 -0.0887426 -0.0583883 
0.0320258 0.0394641 -0.0298765 0.00231686 -0.0468264 0.00122171 -0.0200844 -0.0430069 -0.00122905 0.019327 -0.0236932 0.0383802 0.127031 -0.0496113 0.120098 -0.123567 1.63771 -0.0848606 -0.487895 -0.173831 -0.616784 -0.0812681 -0.146818 -0.724953 -1.44698 0.0202723 -0.309773 -0.0887426 -0.0583632 
0.0320258 0.0394641 -0.0298765 0.00231686 -0.0468264 0.00122171 -0.020076 -0.0429958 -0.00122905 0.019327 -0.0236932 0.0383802 0.127032 -0.0496118 0.1201 -0.123567 1.63771 -0.0848584 -0.487895 -0.173831 -0.616795 -0.0803754 -0.132749 -0.725435 -1.45653 0.0202717 -0.309774 -0.0887414 -0.0583202 
0.0320258 0.0394558 -0.0298765 0.00231686 -0.0468264 0.00122171 -0.0200706 -0.0429987 -0.00122905 0.0193307 -0.0236932 0.0383802 0.127032 -0.0496118 0.1201 -0.123567 1.63771 -0.0848584 -0.487895 -0.173831 -0.616817 -0.0793691 -0.116741 -0.725866 -1.46738 0.0202723 -0.309772 -0.0887426 -0.0582555 
0.0320284 0.0394504 -0.0298765 0.00231686 -0.0468264 0.00122171 -0.0200536 -0.0429987 -0.00123477 0.0193307 -0.0236932 0.0383802 0.127032 -0.0496113 0.120098 -0.123566 1.63771 -0.0848572 -0.487895 -0.173831 -0.616842 -0.0785003 -0.102412 -0.726178 -1.47699 0.0202723 -0.309772 -0.0887426 -0.058143 
0.0320454 0.0394504 -0.0298765 0.00231686 -0.0468251 0.00122411 -0.0200315 -0.0429987 -0.00124025 0.0193307 -0.0236932 0.0383802 0.127032 -0.0496113 0.120098 -0.123567 1.63771 -0.0848584 -0.487895 -0.173831 -0.616863 -0.0777137 -0.0881116 -0.726444 -1.4866 0.0202723 -0.309772 -0.0887426 -0.0580473 
0.0320785 0.0394504 -0.0298765 0.00231686 -0.0468238 0.00122651 -0.0199983 -0.0430069 -0.00124311 0.0193307 -0.0236932 0.0383802 0.127031 -0.0496113 0.1201 -0.123567 1.63771 -0.0848584 -0.487895 -0.173831 -0.616882 -0.0769706 -0.0718908 -0.7267 -1.4973 0.0202723 -0.309772 -0.088739 -0.0578929 
0.032109 0.0394504 -0.0298765 0.00231686 -0.0468186 0.0012361 -0.0199707 -0.0430069 -0.00124311 0.0193307 -0.0236932 0.0383802 0.127031 -0.0496113 0.120098 -0.123566 1.63771 -0.0848584 -0.487895 -0.173831 -0.6169 -0.0763621 -0.0573475 -0.726913 -1.50673 0.0202743 -0.309773 -0.0887414 -0.0576774 
0.0321229 0.0394558 -0.0298793 0.00231686 -0.0468134 0.00124569 -0.019954 -0.0430069 -0.0012486 0.0193307 -0.0236932 0.0383802 0.127032 -0.0496113 0.1201 -0.123566 1.63771 -0.0848582 -0.487895 -0.173832 -0.616916 -0.0756333 -0.0409808 -0.727078 -1.51727 0.0202743 -0.309772 -0.0887426 -0.0574728 
0.0321202 0.0394585 -0.0298793 0.00231686 -0.0468095 0.00124801 -0.0199456 -0.0430042 -0.00124311 0.0193307 -0.0236932 0.0383802 0.127032 -0.0496113 0.120098 -0.123567 1.63771 -0.0848572 -0.487895 -0.173831 -0.616927 -0.0749087 -0.0261891 -0.727147 -1.52664 0.0202754 -0.309772 -0.0887426 -0.0573484 
0.0321035 0.0394504 -0.0298793 0.00231686 -0.0468069 0.00125281 -0.0199318 -0.0430069 -0.0012486 0.0193307 -0.0236932 0.0383802 0.127032 -0.0496113 0.120098 -0.123567 1.63771 -0.0848584 -0.487895 -0.173832 -0.616936 -0.0741985 -0.0114207 -0.727177 -1.53593 0.0202754 -0.30977 -0.0887426 -0.057261 
0.0320897 0.0394504 -0.0298822 0.00231686 -0.0468069 0.00125281 -0.0199151 -0.0430069 -0.00125122 0.0193307 -0.0236932 0.0383802 0.127034 -0.0496113 0.1201 -0.123566 1.63771 -0.0848584 -0.487895 -0.173831 -0.616942 -0.0735078 0.00528193 -0.727183 -1.54631 0.0202773 -0.309772 -0.0887426 -0.0571257 
0.0320897 0.0394504 -0.0298822 0.00231686 -0.0468069 0.00125281 -0.0198929 -0.0430069 -0.00125122 0.0193307 -0.0236932 0.0383802 0.127032 -0.0496099 0.1201 -0.123566 1.63771 -0.0848584 -0.487895 -0.173831 -0.616943 -0.0730259 0.020082 -0.727185 -1.55536 0.0202767 -0.30977 -0.088745 -0.0569905 
0.0320897 0.0394504 -0.0298822 0.00231686 -0.0468069 0.00125281 -0.0198736 -0.0430069 -0.00125408 0.0193307 -0.0236932 0.0383802 0.127032 -0.0496113 0.1201 -0.123567 1.63771 -0.0848584 -0.487895 -0.173831 -0.616942 -0.0726275 0.0347261 -0.727215 -1.56443 0.020279 -0.309772 -0.0887426 -0.0567738 
0.0320923 0.0394504 -0.0298822 0.00231686 -0.0468095 0.00124801 -0.0198483 -0.0430069 -0.00125957 0.0193307 -0.0236932 0.0383802 0.127034 -0.0496113 0.1201 -0.123567 1.63771 -0.0848584 -0.487895 -0.173831 -0.616942 -0.0722368 0.0511603 -0.727294 -1.57437 0.0202796 -0.309771 -0.0887426 -0.0566171 
0.0320923 0.0394558 -0.0298822 0.00231686 -0.0468095 0.00124801 -0.0198236 -0.0430069 -0.00125957 0.0193307 -0.0236932 0.0383802 0.127034 -0.0496118 0.1201 -0.123567 1.63771 -0.0848584 -0.487895 -0.173832 -0.616946 -0.0718582 0.065769 -0.727352 -1.5829 0.0202796 -0.309771 -0.0887402 -0.0565704 
0.0320842 0.0394558 -0.0298822 0.00231686 -0.0468095 0.00124801 -0.0198097 -0.0430069 -0.00125957 0.0193307 -0.0236932 0.0383802 0.127034 -0.0496099 0.1201 -0.123567 1.63771 -0.0848582 -0.487895 -0.173831 -0.61696 -0.0713322 0.0821369 -0.727402 -1.59232 0.020281 -0.309771 -0.088739 -0.0565441 
0.0320675 0.0394615 -0.0298822 0.00231686 -0.0468095 0.00124801 -0.0197988 -0.0430042 -0.00125957 0.0193307 -0.0236919 0.0383825 0.127034 -0.0496113 0.1201 -0.123567 1.63771 -0.0848584 -0.487895 -0.173831 -0.616969 -0.0707762 0.0966003 -0.727416 -1.60044 0.0202827 -0.309772 -0.0887414 -0.0565441 
0.0320537 0.0394641 -0.0298793 0.00231686 -0.0468095 0.00124801 -0.0197957 -0.0430069 -0.00125957 0.0193307 -0.0236919 0.0383825 0.127034 -0.0496113 0.1201 -0.123566 1.63771 -0.0848572 -0.487895 -0.173831 -0.616973 -0.070224 0.110946 -0.727417 -1.60834 0.0202833 -0.309772 -0.0887426 -0.0565621 
0.0320425 0.0394696 -0.0298822 0.00231686 -0.0468095 0.00124801 -0.0197709 -0.0430069 -0.00125957 0.0193307 -0.0236919 0.0383825 0.127034 -0.0496113 0.1201 -0.123566 1.63771 -0.0848572 -0.487895 -0.173832 -0.616972 -0.0697041 0.12696 -0.727416 -1.61694 0.0202804 -0.30977 -0.088739 -0.0565681 
0.0320315 0.0394837 -0.0298822 0.00231686 -0.0468095 0.00124801 -0.0197542 -0.0430069 -0.00125957 0.0193307 -0.0236919 0.0383825 0.127034 -0.0496113 0.1201 -0.123566 1.63771 -0.0848584 -0.487895 -0.173832 -0.616972 -0.0693772 0.140912 -0.727421 -1.62443 0.020282 -0.309771 -0.0887414 -0.0565704 
0.0320258 0.0394837 -0.0298822 0.00231686 -0.0468108 0.00124561 -0.0197349 -0.0430098 -0.00125957 0.0193307 -0.0236919 0.0383825 0.127034 -0.0496113 0.1201 -0.123567 1.63771 -0.0848572 -0.487895 -0.173831 -0.616974 -0.0691462 0.156559 -0.727436 -1.63276 0.020282 -0.30977 -0.0887414 -0.0565704 
0.0320175 0.0394779 -0.0298793 0.00231686 -0.0468108 0.00124561 -0.0197237 -0.0430098 -0.00125957 0.0193307 -0.0236919 0.0383825 0.127034 -0.0496113 0.1201 -0.123567 1.63771 -0.0848582 -0.487895 -0.173832 -0.616974 -0.0690184 0.170141 -0.727445 -1.63988 0.0202875 -0.309772 -0.0887414 -0.0565621 
0.0320203 0.0394779 -0.0298822 0.00231686 -0.0468095 0.00124328 -0.019707 -0.0430098 -0.00125957 0.0193307 -0.0236919 0.0383825 0.127034 -0.0496113 0.1201 -0.123567 1.63771 -0.0848572 -0.487895 -0.173831 -0.616973 -0.0689354 0.18354 -0.727406 -1.64668 0.0202857 -0.309773 -0.0887426 -0.0565178 
0.0320399 0.0394779 -0.0298822 0.00231686 -0.0468083 0.00124568 -0.0196931 -0.0430152 -0.00125957 0.0193307 -0.0236919 0.0383825 0.127037 -0.0496113 0.1201 -0.123567 1.63771 -0.0848584 -0.487895 -0.173832 -0.616974 -0.0688918 0.198443 -0.727193 -1.65405 0.0202912 -0.309772 -0.088745 -0.0564472 
0.032059 0.0394779 -0.0298822 0.00231686 -0.0468083 0.00124568 -0.0196848 -0.0430293 -0.00125957 0.0193307 -0.0236919 0.0383825 0.127037 -0.0496113 0.1201 -0.123567 1.63771 -0.0848584 -0.487895 -0.173831 -0.616974 -0.0688744 0.211481 -0.726846 -1.6603 0.0202589 -0.309772 -0.0887426 -0.0563909 
0.0320702 0.0394779 -0.0298822 0.00231686 -0.0468083 0.00124568 -0.0196848 -0.0430236 -0.00126529 0.0193307 -0.0236919 0.0383825 0.127037 -0.0496113 0.1201 -0.123566 1.63771 -0.0848582 -0.487895 -0.173832 -0.616976 -0.068851 0.22418 -0.726412 -1.66606 0.0199817 -0.309772 -0.0887426 -0.0563635 
0.032073 0.0394779 -0.0298793 0.00231686 -0.0468083 0.00124568 -0.0197015 -0.0430293 -0.00126791 0.0193307 -0.0236919 0.0383825 0.127034 -0.0496113 0.1201 -0.123566 1.63771 -0.0848572 -0.487895 -0.173831 -0.616977 -0.0688431 0.238146 -0.725835 -1.6721 0.0193806 -0.309773 -0.0887426 -0.0563598 
0.0320675 0.0394837 -0.0298822 0.00231686 -0.0468083 0.00124568 -0.0197208 -0.0430236 -0.00127649 0.0193307 -0.0236919 0.0383825 0.127034 -0.0496113 0.1201 -0.123567 1.63771 -0.0848584 -0.487895 -0.173831 -0.616976 -0.0688374 0.250186 -0.725262 -1.67695 0.018681 -0.309773 -0.0887426 -0.056373 
0.0320647 0.0394837 -0.0298822 0.00231686 -0.0468083 0.00124568 -0.0197625 -0.0430321 -0.00128174 0.0193307 -0.0236906 0.0383849 0.127037 -0.0496113 0.1201 -0.123567 1.63771 -0.0848582 -0.487895 -0.173831 -0.616972 -0.0688188 0.263232 -0.724538 -1.68212 0.0176691 -0.309772 -0.0887426 -0.0563765 
0.032059 0.0394779 -0.0298822 0.00231686 -0.0468095 0.00124328 -0.0198097 -0.043018 -0.00128174 0.0193307 -0.0236906 0.0383849 0.127037 -0.0496113 0.1201 -0.123567 1.63771 -0.0848572 -0.487895 -0.173832 -0.616968 -0.0687795 0.274366 -0.72377 -1.68652 0.0166786 -0.309771 -0.0887414 -0.0563754 
0.032059 0.0394753 -0.0298822 0.00231686 -0.0468095 0.00124328 -0.0198514 -0.0430208 -0.00128174 0.0193307 -0.0236906 0.0383849 0.127034 -0.0496113 0.1201 -0.123566 1.63771 -0.0848572 -0.487895 -0.173831 -0.616947 -0.0686996 0.285168 -0.722886 -1.69048 0.0155807 -0.30977 -0.0887414 -0.056373 
0.0320563 0.0394615 -0.0298822 0.00231686 -0.0468095 0.00124328 -0.0198929 -0.0430208 -0.00128174 0.0193307 -0.0236906 0.0383849 0.127034 -0.0496113 0.1201 -0.123566 1.63771 -0.0848582 -0.487895 -0.173831 -0.6169 -0.0686471 0.297972 -0.721748 -1.69507 0.0141028 -0.309769 -0.0887426 -0.0563694 
0.0320702 0.0394558 -0.0298793 0.00231686 -0.0468095 0.00124328 -0.019918 -0.0430208 -0.00129008 0.0193307 -0.0236906 0.0383849 0.127034 -0.0496113 0.1201 -0.123566 1.63771 -0.0848572 -0.487895 -0.173831 -0.616878 -0.0686443 0.30764 -0.72086 -1.69831 0.0130403 -0.309771 -0.0887426 -0.0563311 
0.0321119 0.0394447 -0.0298822 0.00231686 -0.0468095 0.00124328 -0.0199263 -0.0430236 -0.00129008 0.0193307 -0.0236906 0.0383849 0.127034 -0.0496113 0.1201 -0.123567 1.63771 -0.0848606 -0.487895 -0.17383 -0.616876 -0.0686443 0.316935 -0.719984 -1.70097 0.0120125 -0.309772 -0.0887474 -0.0561875 
0.0321617 0.0394447 -0.0298822 0.00231686 -0.0468095 0.00124328 -0.0199318 -0.0430236 -0.00129867 0.019327 -0.0236906 0.0383849 0.127032 -0.0496113 0.1201 -0.123566 1.63771 -0.0848582 -0.487895 -0.173831 -0.616875 -0.06864 0.327038 -0.719006 -1.70327 0.0108364 -0.30977 -0.0887414 -0.0559792 
0.0322034 0.0394419 -0.0298822 0.00231686 -0.0468095 0.00124328 -0.0199623 -0.0430236 -0.00129867 0.019327 -0.0236906 0.0383849 0.127032 -0.0496113 0.1201 -0.123567 1.63771 -0.0848582 -0.487895 -0.17383 -0.616873 -0.0686378 0.335474 -0.718174 -1.70476 0.00993419 -0.309772 -0.0887462 -0.0557793 
0.0322256 0.0394419 -0.0298822 0.00231686 -0.0468083 0.00124087 -0.0199955 -0.043018 -0.00129867 0.019327 -0.0236906 0.0383849 0.127032 -0.0496113 0.1201 -0.123566 1.63771 -0.0848572 -0.487895 -0.173832 -0.616858 -0.0686378 0.344462 -0.717298 -1.70606 0.00916576 -0.309772 -0.0887426 -0.0555891 
0.0322421 0.0394363 -0.0298822 0.00231686 -0.0468095 0.00123847 -0.0200233 -0.0430152 -0.00130129 0.019327 -0.0236906 0.0383849 0.127034 -0.0496113 0.1201 -0.123567 1.63771 -0.0848582 -0.487895 -0.173831 -0.616848 -0.0686388 0.35203 -0.716544 -1.70692 0.00858283 -0.309772 -0.0887474 -0.0553881 
0.0322506 0.0394363 -0.0298793 0.00231686 -0.0468095 0.00123847 -0.0200455 -0.0430098 -0.00130129 0.019327 -0.0236906 0.0383849 0.127034 -0.0496113 0.1201 -0.123566 1.63771 -0.0848572 -0.487895 -0.173831 -0.616839 -0.0686393 0.359131 -0.715818 -1.70755 0.00797379 -0.309772 -0.0887474 -0.0551175 
0.0322478 0.0394504 -0.0298822 0.00231686 -0.0468199 0.00121929 -0.0200844 -0.0430098 -0.00130391 0.019327 -0.0236906 0.0383849 0.127032 -0.0496113 0.1201 -0.123567 1.63771 -0.0848572 -0.487895 -0.173831 -0.616821 -0.0686393 0.366572 -0.715086 -1.70807 0.00730538 -0.309771 -0.0887426 -0.0548938 
0.0322199 0.0394504 -0.0298822 0.00231686 -0.0468147 0.00122888 -0.0201204 -0.0430098 -0.00130701 0.019327 -0.0236906 0.0383849 0.127032 -0.0496099 0.1201 -0.123567 1.63771 -0.0848584 -0.487895 -0.173831 -0.6168 -0.0686371 0.372601 -0.714502 -1.7084 0.00671709 -0.309772 -0.0887462 -0.0548231 
0.0321617 0.0394615 -0.0298822 0.00231686 -0.0468225 0.00121449 -0.0201538 -0.0430098 -0.00131249 0.019327 -0.0236906 0.0383849 0.127032 -0.0496113 0.1201 -0.123567 1.63771 -0.0848584 -0.487895 -0.173832 -0.616769 -0.0686362 0.378738 -0.713969 -1.70869 0.00605786 -0.309772 -0.0887414 -0.0547897 
0.032109 0.0394753 -0.0298822 0.00231686 -0.0468276 0.0012049 -0.0201814 -0.0430042 -0.00131512 0.019327 -0.0236906 0.0383849 0.127032 -0.0496113 0.1201 -0.123567 1.63771 -0.0848584 -0.487895 -0.173831 -0.616749 -0.0686355 0.383618 -0.713594 -1.70891 0.00549507 -0.309772 -0.0887474 -0.0547801 
0.0320785 0.039489 -0.0298822 0.00231312 -0.0468302 0.0012001 -0.0202007 -0.0430042 -0.00132084 0.019327 -0.0236906 0.0383849 0.127034 -0.0496113 0.1201 -0.123566 1.63771 -0.0848584 -0.487895 -0.173832 -0.616728 -0.0686345 0.388525 -0.713262 -1.70914 0.00479627 -0.309772 -0.0887426 -0.0547801 
0.0320508 0.0394948 -0.0298848 0.00231312 -0.0468302 0.0012001 -0.0202146 -0.0430042 -0.00132084 0.019327 -0.0236906 0.0383849 0.127032 -0.0496113 0.120101 -0.123567 1.63771 -0.0848584 -0.487895 -0.173831 -0.616689 -0.0686355 0.39238 -0.713003 -1.7093 0.00422192 -0.309773 -0.0887426 -0.0547813 
0.0320454 0.0394975 -0.0298822 0.00231312 -0.0468302 0.0012001 -0.0202203 -0.0430042 -0.00132084 0.019327 -0.0236906 0.0383849 0.127034 -0.0496113 0.120101 -0.123567 1.63771 -0.0848584 -0.487895 -0.173831 -0.616628 -0.0686355 0.39586 -0.712784 -1.70942 0.00379097 -0.309772 -0.088745 -0.0547813 
0.0320454 0.0394975 -0.0298822 0.00231312 -0.0468302 0.0012001 -0.0202203 -0.0430042 -0.00132084 0.019327 -0.0236906 0.0383849 0.127034 -0.0496113 0.120102 -0.123566 1.63771 -0.0848582 -0.487895 -0.173831 -0.616604 -0.0686362 0.399314 -0.71261 -1.70953 0.00335407 -0.309772 -0.0887499 -0.0547394 
0.0320508 0.0394948 -0.0298822 0.00231312 -0.0468302 0.0012001 -0.0202203 -0.0430042 -0.00132084 0.019327 -0.0236906 0.0383849 0.127034 -0.0496113 0.120102 -0.123567 1.63771 -0.0848584 -0.487895 -0.173831 -0.616596 -0.0686355 0.401958 -0.71244 -1.70963 0.00301886 -0.309772 -0.0887462 -0.0546448 
0.0320508 0.039489 -0.0298822 0.00231312 -0.0468302 0.0012001 -0.0202203 -0.0429987 -0.00132084 0.019327 -0.0236906 0.0383849 0.127032 -0.0496113 0.120102 -0.123566 1.63771 -0.0848584 -0.487895 -0.173831 -0.61658 -0.0686362 0.404295 -0.712293 -1.70971 0.00278401 -0.309773 -0.0887499 -0.0544569 
0.0320508 0.0394864 -0.0298822 0.00231312 -0.0468302 0.0012001 -0.020226 -0.0430042 -0.00132084 0.019327 -0.0236893 0.0383825 0.127034 -0.0496113 0.120102 -0.123566 1.63771 -0.0848584 -0.487895 -0.173831 -0.616566 -0.0686371 0.406555 -0.712191 -1.70976 0.00262463 -0.309774 -0.0887474 -0.0541207 
0.0320508 0.039489 -0.0298848 0.00231312 -0.0468302 0.0012001 -0.020237 -0.0429987 -0.00132084 0.019327 -0.0236893 0.0383825 0.127034 -0.0496113 0.120102 -0.123568 1.63771 -0.0848584 -0.487895 -0.173831 -0.616559 -0.0686355 0.408213 -0.712125 -1.70979 0.00254834 -0.309773 -0.0887426 -0.0538322 
0.0320508 0.039489 -0.0298848 0.00231312 -0.0468302 0.0012001 -0.0202591 -0.0430042 -0.00132084 0.019327 -0.0236893 0.0383825 0.127032 -0.0496113 0.120102 -0.123567 1.63771 -0.0848572 -0.487895 -0.173831 -0.616554 -0.068634 0.409692 -0.712031 -1.70981 0.00251293 -0.309773 -0.0887499 -0.0535331 
0.0320508 0.0395031 -0.0298822 0.00231312 -0.0468302 0.0012001 -0.0202785 -0.0429987 -0.00132608 0.019327 -0.0236906 0.0383801 0.127034 -0.0496118 0.120101 -0.123567 1.63771 -0.0848584 -0.487895 -0.173832 -0.616551 -0.0686316 0.410806 -0.71194 -1.70982 0.00249517 -0.309773 -0.0887474 -0.0534039 
0.0320508 0.0395142 -0.0298822 0.00231312 -0.0468302 0.0012001 -0.020298 -0.0429987 -0.00132608 0.019327 -0.0236906 0.0383801 0.127032 -0.0496113 0.120103 -0.123567 1.63771 -0.0848584 -0.487895 -0.173831 -0.616545 -0.0686285 0.411855 -0.711823 -1.70983 0.00246656 -0.309774 -0.0887462 -0.0533296 
0.0320537 0.0395335 -0.0298822 0.00231312 -0.0468302 0.0012001 -0.0203118 -0.0430042 -0.00132608 0.019327 -0.0236906 0.0383801 0.127032 -0.0496113 0.120102 -0.123566 1.63771 -0.0848584 -0.487895 -0.173831 -0.616541 -0.0686285 0.412604 -0.711713 -1.70984 0.00243843 -0.309773 -0.088745 -0.0533033 
0.0320537 0.0395558 -0.0298822 0.00231312 -0.0468302 0.0012001 -0.020323 -0.0429987 -0.00132918 0.019327 -0.0236906 0.0383801 0.127032 -0.0496113 0.120104 -0.123567 1.63771 -0.0848572 -0.487895 -0.173831 -0.616536 -0.0686276 0.413233 -0.711601 -1.70985 0.00239885 -0.309773 -0.0887414 -0.0532925 
0.0320425 0.039564 -0.0298822 0.00231312 -0.0468276 0.0012049 -0.0203452 -0.0429987 -0.00132918 0.019327 -0.0236906 0.0383801 0.127032 -0.0496113 0.120104 -0.123566 1.63771 -0.0848584 -0.487895 -0.173831 -0.616534 -0.0686276 0.413864 -0.711485 -1.70986 0.00235355 -0.309773 -0.088739 -0.0532949 
0.032012 0.0395862 -0.0298822 0.00231312 -0.0468276 0.0012049 -0.0203674 -0.0430042 -0.00133181 0.019327 -0.0236906 0.0383801 0.127032 -0.0496113 0.120106 -0.123567 1.63771 -0.0848584 -0.487895 -0.173831 -0.616534 -0.0686276 0.41441 -0.711377 -1.70987 0.0023458 -0.309773 -0.0887426 -0.0532985 
0.0319815 0.0396029 -0.0298822 0.00231312 -0.0468276 0.0012049 -0.0203729 -0.0429987 -0.00133181 0.019327 -0.0236906 0.0383801 0.127032 -0.0496113 0.120106 -0.123567 1.63771 -0.0848582 -0.487895 -0.173831 -0.616532 -0.0686269 0.414922 -0.711289 -1.70987 0.00227988 -0.309773 -0.0887426 -0.0532949 
0.0319619 0.0396334 -0.0298822 0.00231312 -0.0468276 0.0012049 -0.0203755 -0.0429987 -0.00133467 0.019327 -0.0236906 0.0383801 0.127032 -0.0496118 0.120106 -0.123566 1.63771 -0.0848565 -0.487895 -0.173831 -0.616525 -0.0686262 0.415353 -0.711218 -1.70988 0.00218213 -0.309774 -0.0887367 -0.0532554 
0.0319343 0.0396529 -0.0298822 0.00231312 -0.046838 0.00120012 -0.0203812 -0.0429958 -0.00133467 0.019327 -0.0236906 0.0383801 0.127032 -0.0496118 0.120106 -0.123568 1.63771 -0.0848582 -0.487895 -0.173831 -0.616523 -0.0686257 0.415596 -0.711159 -1.70988 0.00213516 -0.309773 -0.088739 -0.05318 
0.0319121 0.039664 -0.0298822 0.00231312 -0.0468458 0.00119535 -0.0203812 -0.0429847 -0.00133467 0.019327 -0.0236906 0.0383801 0.127032 -0.0496118 0.120106 -0.123566 1.63771 -0.0848582 -0.487895 -0.173831 -0.616523 -0.0686247 0.415777 -0.711089 -1.70984 0.00212479 -0.309773 -0.0887426 -0.0530987 
0.0318899 0.0396668 -0.0298822 0.00231312 -0.0468419 0.00118332 -0.0203812 -0.0429847 -0.00133467 0.019327 -0.0236906 0.0383801 0.127032 -0.0496125 0.120106 -0.123567 1.63771 -0.0848582 -0.487895 -0.173831 -0.616522 -0.0686257 0.41573 -0.711041 -1.70944 0.00212228 -0.309773 -0.0887402 -0.0530089 
0.0318706 0.0396583 -0.0298822 0.00231312 -0.0468431 0.00118565 -0.0203869 -0.0429847 -0.00133467 0.019327 -0.0236906 0.0383801 0.127032 -0.0496125 0.120106 -0.123567 1.63771 -0.0848584 -0.487895 -0.173831 -0.616522 -0.0686247 0.415309 -0.711009 -1.70856 0.00211871 -0.309773 -0.088739 -0.0528976 
0.0318594 0.0396668 -0.0298822 0.00231312 -0.0468419 0.00118332 -0.0203896 -0.0429987 -0.00133467 0.019327 -0.0236906 0.0383801 0.127032 -0.0496118 0.120106 -0.123567 1.63771 -0.0848584 -0.487895 -0.173831 -0.61652 -0.0686262 0.414324 -0.710979 -1.70707 0.0021137 -0.309774 -0.0887367 -0.0528306 
0.0318565 0.0396668 -0.0298822 0.00231312 -0.0468444 0.00117852 -0.0203896 -0.0429987 -0.00133467 0.019327 -0.0236906 0.0383801 0.127034 -0.0496113 0.120106 -0.123567 1.63771 -0.0848584 -0.487895 -0.173831 -0.616529 -0.0686276 0.412991 -0.71097 -1.70541 0.00211203 -0.309773 -0.0887307 -0.0527946 
0.0318565 0.0396779 -0.0298848 0.00231312 -0.0468444 0.00117852 -0.0203896 -0.0429987 -0.00134015 0.019327 -0.0236906 0.0383801 0.127034 -0.0496125 0.120108 -0.123567 1.63771 -0.0848584 -0.487895 -0.173831 -0.616545 -0.0686276 0.411227 -0.710968 -1.70357 0.00211132 -0.309773 -0.0887307 -0.0527767 
0.0318565 0.0396832 -0.0298848 0.00231312 -0.0468431 0.00117611 -0.0203896 -0.0429987 -0.00134301 0.019327 -0.0236906 0.0383801 0.127032 -0.0496113 0.120108 -0.123566 1.63771 -0.0848572 -0.487895 -0.173831 -0.61657 -0.0686262 0.408628 -0.710969 -1.7012 0.00211012 -0.309774 -0.0887282 -0.0527719 
0.0318511 0.0396943 -0.0298848 0.00231312 -0.0468431 0.00117611 -0.0203896 -0.0429903 -0.00134563 0.019327 -0.0236906 0.0383801 0.127032 -0.0496118 0.120108 -0.123567 1.63771 -0.0848584 -0.487895 -0.173831 -0.61659 -0.0686247 0.405816 -0.710963 -1.6987 0.00210893 -0.309774 -0.0887307 -0.052766 
0.0318484 0.0396973 -0.0298848 0.00231312 -0.0468393 0.00116889 -0.0203896 -0.0429987 -0.00134563 0.019327 -0.0236906 0.0383801 0.127032 -0.0496118 0.120109 -0.123567 1.63771 -0.0848584 -0.487895 -0.173832 -0.616596 -0.0686224 0.402505 -0.710956 -1.69579 0.00210893 -0.309774 -0.0887282 -0.0527551 
0.0318315 0.0396862 -0.0298848 0.00231312 -0.046838 0.00116649 -0.0203896 -0.0429987 -0.00134563 0.019327 -0.0236906 0.0383801 0.127032 -0.0496118 0.120109 -0.123566 1.63771 -0.0848584 -0.487895 -0.173831 -0.616596 -0.068624 0.398217 -0.710955 -1.69217 0.00210702 -0.309774 -0.0887282 -0.0527516 
0.0318179 0.0396862 -0.0298905 0.00231312 -0.046838 0.00116649 -0.0203896 -0.0429987 -0.00134563 0.019327 -0.0236906 0.0383801 0.127032 -0.0496118 0.120111 -0.123566 1.63771 -0.0848572 -0.487895 -0.173831 -0.616597 -0.0686224 0.39394 -0.710952 -1.68872 0.00210702 -0.309774 -0.0887271 -0.0527599 
0.0318067 0.0396862 -0.0298905 0.00231312 -0.046838 0.00116649 -0.0203896 -0.0429903 -0.00135136 0.019327 -0.0236906 0.0383801 0.127032 -0.0496118 0.12011 -0.123566 1.63771 -0.0848584 -0.487895 -0.173831 -0.616598 -0.0686224 0.389232 -0.710952 -1.68488 0.00210702 -0.309773 -0.0887271 -0.052766 
0.0317955 0.0396973 -0.0298905 0.00231312 -0.046838 0.00116649 -0.020395 -0.0429958 -0.00135136 0.019327 -0.0236906 0.0383801 0.127034 -0.0496118 0.120111 -0.123566 1.63771 -0.0848584 -0.487895 -0.173831 -0.61661 -0.0686231 0.38263 -0.710947 -1.67966 0.00210702 -0.309773 -0.0887222 -0.0527683 
0.0317955 0.0397167 -0.0298905 0.00231312 -0.046838 0.00116649 -0.020395 -0.0429987 -0.00135398 0.019327 -0.0236906 0.0383801 0.127034 -0.0496118 0.120111 -0.123566 1.63771 -0.0848582 -0.487895 -0.173831 -0.616623 -0.068624 0.376827 -0.710946 -1.6753 0.00210464 -0.309773 -0.0887222 -0.0527516 
0.0317955 0.0397249 -0.0298905 0.00231312 -0.046838 0.00116649 -0.0203896 -0.0429903 -0.00135684 0.019327 -0.0236906 0.0383801 0.127034 -0.0496118 0.120111 -0.123567 1.63771 -0.0848582 -0.487895 -0.173832 -0.616637 -0.0686214 0.369614 -0.710945 -1.66998 0.00210333 -0.309772 -0.0887235 -0.0527288 
0.0317926 0.0397249 -0.0298932 0.00231312 -0.046838 0.00116649 -0.020395 -0.0429931 -0.00135946 0.019327 -0.0236906 0.0383801 0.127034 -0.0496113 0.120112 -0.123566 1.63771 -0.0848582 -0.487895 -0.173832 -0.616643 -0.068624 0.362666 -0.710947 -1.66505 0.00210333 -0.309772 -0.0887222 -0.0527121 
0.0317926 0.0397249 -0.0298905 0.00231312 -0.046838 0.00116649 -0.020395 -0.0429987 -0.00135946 0.019327 -0.0236906 0.0383801 0.127034 -0.0496118 0.120112 -0.123567 1.63771 -0.0848596 -0.487895 -0.173831 -0.616646 -0.0686417 0.355358 -0.710945 -1.65985 0.00210273 -0.309773 -0.0887222 -0.0526918 
0.03179 0.0397249 -0.0298905 0.00231312 -0.046838 0.00116649 -0.020395 -0.0429958 -0.00135946 0.019327 -0.0236906 0.0383801 0.127034 -0.0496125 0.120112 -0.123566 1.63771 -0.0848584 -0.487895 -0.173831 -0.616648 -0.0686934 0.346643 -0.710945 -1.65364 0.00210333 -0.309773 -0.0887271 -0.0526989 
0.0317845 0.0397249 -0.0298905 0.00231312 -0.046838 0.00116649 -0.0203979 -0.0429958 -0.00135946 0.019327 -0.0236906 0.0383801 0.127034 -0.0496125 0.120114 -0.123566 1.63771 -0.0848572 -0.487895 -0.17383 -0.616652 -0.0687463 0.338484 -0.710945 -1.64793 0.00210273 -0.309773 -0.0887271 -0.0527241 
0.0317817 0.0397305 -0.0298905 0.00231312 -0.046838 0.00116649 -0.0203979 -0.0429958 -0.00135946 0.019327 -0.0236906 0.0383801 0.127034 -0.0496125 0.120114 -0.123567 1.63771 -0.0848596 -0.487895 -0.173831 -0.616658 -0.0688112 0.330018 -0.710946 -1.64193 0.00210333 -0.309774 -0.0887222 -0.0527492 
0.0317817 0.0397389 -0.0298905 0.00231312 -0.046838 0.00116649 -0.0203979 -0.0429987 -0.00136781 0.019327 -0.0236879 0.0383753 0.127032 -0.0496125 0.120116 -0.123567 1.63771 -0.0848584 -0.487895 -0.173831 -0.616666 -0.068943 0.319942 -0.710944 -1.63502 0.00210226 -0.309774 -0.0887198 -0.0527683 
0.0317788 0.03975 -0.0298905 0.00231312 -0.046838 0.00116649 -0.0203896 -0.0429987 -0.00136781 0.019327 -0.0236879 0.0383753 0.127034 -0.0496113 0.120117 -0.123567 1.63771 -0.0848584 -0.487895 -0.173831 -0.616667 -0.0691588 0.310489 -0.710944 -1.62867 0.00210035 -0.309773 -0.0887235 -0.0527767 
0.0317788 0.0397555 -0.0298905 0.00231312 -0.046838 0.00116649 -0.0203896 -0.0429931 -0.00137067 0.019327 -0.0236866 0.0383729 0.127034 -0.0496118 0.120117 -0.123567 1.63771 -0.0848582 -0.487895 -0.173831 -0.616678 -0.0694957 0.300514 -0.710944 -1.6221 0.00209963 -0.309773 -0.0887235 -0.0527743 
0.0317788 0.0397555 -0.0298905 0.00231312 -0.046838 0.00116649 -0.0203812 -0.0429931 -0.00136781 0.019327 -0.0236866 0.0383729 0.127034 -0.0496137 0.120118 -0.123566 1.63771 -0.0848582 -0.487895 -0.173832 -0.61669 -0.070024 0.288873 -0.710944 -1.61454 0.00210035 -0.309773 -0.0887198 -0.0527564 
0.0317788 0.0397444 -0.0298905 0.00231312 -0.046838 0.00116649 -0.0203812 -0.0429987 -0.00136781 0.019327 -0.0236866 0.0383729 0.127034 -0.0496125 0.12012 -0.123566 1.63771 -0.0848584 -0.487895 -0.173831 -0.616691 -0.0705991 0.278219 -0.710947 -1.60771 0.00209916 -0.309772 -0.0887235 -0.0527432 
0.0317788 0.039736 -0.0298905 0.00231312 -0.046838 0.00116649 -0.0203755 -0.0429987 -0.00136781 0.019327 -0.0236866 0.0383729 0.127032 -0.0496118 0.12012 -0.123567 1.63771 -0.0848606 -0.487895 -0.173831 -0.616692 -0.071249 0.267208 -0.71098 -1.60073 0.00209856 -0.309772 -0.0887198 -0.0527348 
0.0317788 0.0397333 -0.0298905 0.00231312 -0.0468406 0.0011713 -0.02037 -0.0429931 -0.00136781 0.019327 -0.0236866 0.0383729 0.127032 -0.0496125 0.12012 -0.123566 1.63771 -0.0848596 -0.487895 -0.173831 -0.616692 -0.0719914 0.254528 -0.711095 -1.59279 0.00209916 -0.30977 -0.0887198 -0.0527324 
0.0317955 0.0397333 -0.0298905 0.00231312 -0.0468406 0.0011713 -0.0203674 -0.0429847 -0.00137067 0.019327 -0.0236866 0.0383729 0.127034 -0.0496118 0.12012 -0.123567 1.63771 -0.0848584 -0.487895 -0.173831 -0.616697 -0.0726321 0.24298 -0.71127 -1.58557 0.00209916 -0.30977 -0.0887198 -0.0527312 
0.0318093 0.03975 -0.0298905 0.00231312 -0.0468406 0.0011713 -0.0203617 -0.0430042 -0.00137353 0.019327 -0.0236866 0.0383729 0.127034 -0.0496137 0.12012 -0.123567 1.63771 -0.0848584 -0.487895 -0.173831 -0.616715 -0.0733025 0.229612 -0.711542 -1.57731 0.00209963 -0.309771 -0.0887187 -0.0527467 
0.0318179 0.0397611 -0.0298905 0.00231312 -0.0468406 0.0011713 -0.020359 -0.0430069 -0.00137353 0.019327 -0.0236866 0.0383729 0.127032 -0.0496118 0.120121 -0.123567 1.63771 -0.0848582 -0.487895 -0.173831 -0.616724 -0.0738959 0.217401 -0.711838 -1.56985 0.00209963 -0.309772 -0.0887222 -0.0528533 
0.0318179 0.0397638 -0.0298905 0.00231312 -0.0468406 0.0011713 -0.0203562 -0.0429931 -0.00137353 0.019327 -0.0236866 0.0383729 0.127034 -0.0496118 0.120122 -0.123567 1.63771 -0.0848582 -0.487895 -0.173831 -0.616735 -0.0745327 0.204972 -0.712206 -1.56221 0.00209856 -0.309772 -0.0887187 -0.0529706 
0.0318151 0.0397611 -0.0298905 0.00231312 -0.0468406 0.0011713 -0.0203507 -0.0429987 -0.00137353 0.019327 -0.0236866 0.0383729 0.127034 -0.0496118 0.120123 -0.123567 1.63771 -0.0848584 -0.487895 -0.173831 -0.616735 -0.0752511 0.190573 -0.71269 -1.5534 0.00209856 -0.309772 -0.0887198 -0.0532398 
0.0318067 0.0397611 -0.0298905 0.00231312 -0.0468406 0.0011713 -0.0203507 -0.0429987 -0.00137353 0.019327 -0.0236866 0.0383729 0.127034 -0.0496118 0.120123 -0.123567 1.63771 -0.0848584 -0.487895 -0.173832 -0.616735 -0.0757999 0.177457 -0.713098 -1.54545 0.00209856 -0.309772 -0.0887176 -0.0535641 
0.0318041 0.0397611 -0.0298905 0.00231312 -0.0468406 0.0011713 -0.0203452 -0.0429987 -0.00137353 0.019327 -0.0236866 0.0383729 0.127034 -0.0496137 0.120123 -0.123567 1.63771 -0.0848584 -0.487895 -0.173831 -0.616736 -0.0762215 0.16427 -0.713477 -1.53733 0.00209856 -0.309773 -0.0887176 -0.0538933 
0.0318289 0.0397638 -0.0298905 0.00231312 -0.0468431 0.00117611 -0.020334 -0.0429987 -0.00137353 0.019327 -0.0236866 0.0383729 0.127034 -0.0496118 0.120125 -0.123567 1.63771 -0.0848596 -0.487895 -0.173831 -0.616738 -0.0765738 0.149127 -0.713869 -1.52807 0.00209856 -0.309772 -0.0887176 -0.0541722 
0.0318565 0.0397693 -0.0298905 0.00231312 -0.0468431 0.00117611 -0.0203285 -0.0429987 -0.00137353 0.019327 -0.0236866 0.0383729 0.127034 -0.0496125 0.120123 -0.123567 1.63771 -0.0848584 -0.487895 -0.173831 -0.616739 -0.0768661 0.135483 -0.714167 -1.51983 0.00209916 -0.309772 -0.0887139 -0.0544462 
0.0318844 0.0397776 -0.0298905 0.00231312 -0.0468444 0.00117852 -0.0203173 -0.0429958 -0.00137901 0.019327 -0.0236866 0.0383729 0.127037 -0.0496125 0.120123 -0.123567 1.63771 -0.0848582 -0.487895 -0.17383 -0.616741 -0.0771613 0.121469 -0.714378 -1.51158 0.00209856 -0.309772 -0.0887176 -0.0546628 
0.0319066 0.0397776 -0.0298905 0.00231312 -0.0468444 0.00117852 -0.0203118 -0.0429931 -0.00137901 0.019327 -0.0236866 0.0383729 0.127032 -0.0496125 0.120123 -0.123567 1.63771 -0.0848572 -0.487895 -0.173832 -0.616746 -0.0775063 0.1055 -0.714521 -1.50217 0.00209963 -0.309772 -0.0887187 -0.0549524 
0.0319121 0.0397749 -0.0298905 0.00231312 -0.0468444 0.00117852 -0.020309 -0.0429958 -0.00137353 0.019327 -0.0236866 0.0383729 0.127034 -0.0496118 0.120125 -0.123566 1.63771 -0.0848584 -0.487895 -0.173831 -0.616747 -0.0777991 0.0912147 -0.714573 -1.49361 0.00209963 -0.309772 -0.0887176 -0.0551965 
0.0319092 0.0397749 -0.0298905 0.00231312 -0.046847 0.00118334 -0.0203035 -0.0429958 -0.00137353 0.019327 -0.0236866 0.0383729 0.127032 -0.0496125 0.120125 -0.123567 1.63771 -0.0848584 -0.487895 -0.173832 -0.616747 -0.078074 0.0749469 -0.714602 -1.48383 0.00209963 -0.30977 -0.0887139 -0.0554491 
0.0319149 0.0397693 -0.0298905 0.00231312 -0.0468522 0.00119296 -0.0203035 -0.0429987 -0.00137353 0.019327 -0.0236866 0.0383729 0.127034 -0.0496118 0.120125 -0.123567 1.63771 -0.0848584 -0.487895 -0.17383 -0.616746 -0.0782237 0.0603263 -0.714608 -1.47505 0.00209856 -0.309772 -0.0887116 -0.0556633 
0.0319343 0.0397693 -0.0298905 0.00231312 -0.0468522 0.00119296 -0.020298 -0.0429958 -0.00137353 0.019327 -0.0236866 0.0383729 0.127034 -0.0496137 0.120124 -0.123567 1.63771 -0.0848582 -0.487895 -0.173831 -0.616746 -0.0783098 0.0457129 -0.71462 -1.46604 0.00209856 -0.309771 -0.0886959 -0.0558069 
0.0319619 0.0397693 -0.0298905 0.00231312 -0.0468522 0.00119296 -0.0202951 -0.0429987 -0.00137353 0.019327 -0.0236866 0.0383729 0.127034 -0.0496118 0.120125 -0.123567 1.63771 -0.0848584 -0.487895 -0.173831 -0.616745 -0.078347 0.0290966 -0.714648 -1.45585 0.00209856 -0.309771 -0.0886912 -0.0558548 
0.031987 0.0397722 -0.0298905 0.00231312 -0.0468522 0.00119296 -0.0202785 -0.0429987 -0.00137353 0.019327 -0.0236866 0.0383729 0.127034 -0.0496118 0.120125 -0.123567 1.63771 -0.0848556 -0.487895 -0.173831 -0.616749 -0.0783787 0.0141785 -0.71469 -1.44681 0.00209856 -0.309771 -0.0886853 -0.0558907 
0.032012 0.0397722 -0.0298932 0.00231312 -0.0468522 0.00119296 -0.0202591 -0.0429987 -0.00137353 0.019327 -0.0236866 0.0383729 0.127034 -0.0496113 0.120126 -0.123567 1.63771 -0.0848596 -0.487895 -0.173831 -0.616752 -0.0784352 -0.00267816 -0.714722 -1.43654 0.00209856 -0.309773 -0.0886804 -0.0559373 
0.0320284 0.0397722 -0.0298932 0.00231312 -0.0468522 0.00119296 -0.0202398 -0.0429987 -0.00137353 0.019327 -0.0236866 0.0383729 0.127032 -0.0496125 0.120126 -0.123567 1.63771 -0.0848572 -0.487895 -0.173831 -0.616752 -0.0785182 -0.0179133 -0.714724 -1.42741 0.00209725 -0.309772 -0.0886708 -0.0560212 
0.0320508 0.0397722 -0.0298932 0.00231312 -0.0468522 0.00119296 -0.020226 -0.0429847 -0.00137353 0.019327 -0.0236866 0.0383729 0.127034 -0.0496118 0.120126 -0.123567 1.63771 -0.0848582 -0.487895 -0.173831 -0.616745 -0.078619 -0.0332 -0.714724 -1.41821 0.00209725 -0.309773 -0.0886576 -0.056069 
0.0320537 0.0397722 -0.0298932 0.00231312 -0.0468496 0.00118815 -0.0202177 -0.0429903 -0.00137353 0.019327 -0.0236866 0.0383729 0.127034 -0.0496113 0.120126 -0.123567 1.63771 -0.0848565 -0.487895 -0.173831 -0.616664 -0.0787234 -0.0503054 -0.714727 -1.40789 0.00209856 -0.309772 -0.0886552 -0.0561516 
0.0320647 0.0397693 -0.029896 0.00231312 -0.046847 0.00118334 -0.0202177 -0.0429847 -0.00137353 0.019327 -0.0236866 0.0383729 0.127034 -0.0496113 0.120126 -0.123567 1.63771 -0.0848584 -0.487895 -0.173831 -0.616539 -0.0787699 -0.0656042 -0.71474 -1.39871 0.00209856 -0.309772 -0.0886433 -0.0562545 
0.0320647 0.0397693 -0.029896 0.00231312 -0.046847 0.00118334 -0.0202177 -0.0429958 -0.00137353 0.019327 -0.0236866 0.0383729 0.127032 -0.0496125 0.120126 -0.123566 1.63771 -0.0848572 -0.487895 -0.173831 -0.6164 -0.0787995 -0.0810461 -0.714744 -1.38947 0.00209665 -0.309773 -0.0886265 -0.0563191 
0.0320647 0.0397693 -0.029896 0.00231312 -0.046847 0.00118334 -0.0202146 -0.0429987 -0.00137353 0.019327 -0.0236879 0.0383753 0.127034 -0.0496125 0.120126 -0.123567 1.63771 -0.0848582 -0.487895 -0.173831 -0.616249 -0.0788202 -0.0983574 -0.714736 -1.37907 0.00209665 -0.309773 -0.0886074 -0.0563538 
0.0320647 0.0397776 -0.029896 0.00231312 -0.046847 0.00118334 -0.0202119 -0.0429903 -0.00137353 0.019327 -0.0236879 0.0383753 0.127034 -0.0496113 0.120126 -0.123567 1.63771 -0.0848572 -0.487895 -0.173831 -0.616111 -0.0788636 -0.113662 -0.714638 -1.36985 0.00209725 -0.309773 -0.0885942 -0.0563538 
0.0320702 0.0397776 -0.029896 0.00231312 -0.046847 0.00118334 -0.0202177 -0.0429903 -0.00137353 0.019327 -0.0236879 0.0383753 0.127034 -0.0496118 0.120126 -0.123567 1.63771 -0.0848584 -0.487895 -0.173831 -0.615916 -0.0789335 -0.13295 -0.714277 -1.35835 0.00209665 -0.309774 -0.0885452 -0.0563563 
0.0320702 0.0397776 -0.0298932 0.00231312 -0.046847 0.00118334 -0.0202203 -0.0429931 -0.00137353 0.019327 -0.0236879 0.0383753 0.127034 -0.0496113 0.120126 -0.123566 1.63771 -0.0848584 -0.487895 -0.173831 -0.615749 -0.0790141 -0.148197 -0.713804 -1.34921 0.00209856 -0.309774 -0.088465 -0.0563646 
0.0320702 0.0397832 -0.029896 0.00231312 -0.046847 0.00118334 -0.020226 -0.0429987 -0.00137353 0.019327 -0.0236879 0.0383753 0.127034 -0.0496113 0.120127 -0.123567 1.63771 -0.0848584 -0.487895 -0.173831 -0.615595 -0.0791054 -0.163451 -0.713183 -1.34009 0.00209856 -0.309773 -0.0883381 -0.0563586 
0.032073 0.0397832 -0.029896 0.00231312 -0.046847 0.00118334 -0.0202315 -0.0429987 -0.00137353 0.019327 -0.0236879 0.0383753 0.127034 -0.0496125 0.120127 -0.123567 1.63771 -0.0848582 -0.487895 -0.17383 -0.615416 -0.0791862 -0.180468 -0.712262 -1.33007 0.00209856 -0.309772 -0.0881478 -0.0563298 
0.0320675 0.0397832 -0.029896 0.00231312 -0.046847 0.00118334 -0.0202425 -0.0429958 -0.00137353 0.019327 -0.0236879 0.0383753 0.127034 -0.0496113 0.120127 -0.123567 1.63771 -0.0848572 -0.487895 -0.173832 -0.615246 -0.0791984 -0.195466 -0.711215 -1.32127 0.00209856 -0.309773 -0.0878689 -0.0563036 
0.0320537 0.0397832 -0.029896 0.00231312 -0.046847 0.00118334 -0.0202563 -0.0429958 -0.00137353 0.019327 -0.0236879 0.0383753 0.127034 -0.0496113 0.120126 -0.123567 1.63771 -0.0848572 -0.487895 -0.173832 -0.61504 -0.0792084 -0.212285 -0.709905 -1.31167 0.00210035 -0.309773 -0.0875566 -0.0562975 
0.0320508 0.0397887 -0.0298932 0.00231312 -0.046847 0.00118334 -0.0202675 -0.0429958 -0.00137353 0.019327 -0.0236879 0.0383753 0.127034 -0.0496118 0.120127 -0.123567 1.63771 -0.0848584 -0.487895 -0.173832 -0.614873 -0.0792084 -0.227071 -0.708641 -1.30349 0.00210035 -0.309773 -0.0872598 -0.0562832 
0.0320508 0.0398027 -0.029896 0.00231312 -0.046847 0.00118334 -0.0202785 -0.0429903 -0.00137353 0.0193232 -0.0236879 0.0383753 0.127034 -0.0496113 0.120127 -0.123567 1.63771 -0.0848582 -0.487895 -0.173831 -0.614707 -0.0792179 -0.241828 -0.70719 -1.29561 0.00210154 -0.309774 -0.0869439 -0.0562545 
0.0320537 0.0398109 -0.0298986 0.00231312 -0.046847 0.00118334 -0.020298 -0.0429903 -0.00137353 0.0193232 -0.0236879 0.0383753 0.127034 -0.0496113 0.120127 -0.123567 1.63771 -0.0848572 -0.487895 -0.173831 -0.614522 -0.0792263 -0.258241 -0.705424 -1.28717 0.00210834 -0.309773 -0.0865489 -0.0561982 
0.0320563 0.0398109 -0.0299044 0.00231312 -0.0468431 0.00117611 -0.0203285 -0.0429847 -0.00137067 0.0193232 -0.0236879 0.0383753 0.127032 -0.0496118 0.120127 -0.123567 1.63771 -0.0848572 -0.487895 -0.173831 -0.614338 -0.0792329 -0.272538 -0.703677 -1.27999 0.00214303 -0.309774 -0.086099 -0.0561755 
0.032059 0.0398082 -0.0299044 0.00231312 -0.0468431 0.00117611 -0.0203562 -0.0429847 -0.00136781 0.0193232 -0.0236879 0.0383753 0.127034 -0.0496118 0.120127 -0.123567 1.63771 -0.0848584 -0.487895 -0.173831 -0.614168 -0.0792329 -0.28671 -0.701826 -1.27309 0.00232863 -0.309772 -0.0855771 -0.0561516 
0.0320508 0.0397971 -0.0299044 0.00230565 -0.0468406 0.0011713 -0.0203896 -0.0429847 -0.00136518 0.0193232 -0.0236879 0.0383753 0.127032 -0.0496125 0.120127 -0.123567 1.63771 -0.0848584 -0.487895 -0.173831 -0.613988 -0.0792394 -0.302275 -0.69964 -1.26573 0.002671 -0.309774 -0.0849525 -0.0561229 
0.0320342 0.0397887 -0.0299044 0.00231312 -0.0468406 0.0011713 -0.0203979 -0.0429847 -0.00136518 0.0193232 -0.0236879 0.0383753 0.127034 -0.0496118 0.120127 -0.123567 1.63771 -0.0848584 -0.487895 -0.173832 -0.613837 -0.0792458 -0.315754 -0.697667 -1.25955 0.0031178 -0.309773 -0.0843852 -0.0561025 
0.0320008 0.0397887 -0.0299044 0.00230565 -0.0468406 0.0011713 -0.0204008 -0.0429847 -0.00135946 0.0193232 -0.0236879 0.0383753 0.127032 -0.0496125 0.120126 -0.123567 1.63771 -0.0848582 -0.487895 -0.173832 -0.613679 -0.0792465 -0.330614 -0.695412 -1.25301 0.00384223 -0.309771 -0.0837748 -0.0560726 
0.0319648 0.0397887 -0.0299044 0.00231312 -0.0468406 0.0011713 -0.0204091 -0.0429958 -0.00135946 0.0193232 -0.0236879 0.0383753 0.127032 -0.0496118 0.120126 -0.123567 1.63771 -0.0848584 -0.487895 -0.173831 -0.613561 -0.0792465 -0.343485 -0.693455 -1.24771 0.00465167 -0.309772 -0.0833129 -0.0560631 
0.0319371 0.0397887 -0.0299044 0.00230565 -0.0468406 0.0011713 -0.0204282 -0.0429958 -0.00135946 0.0193232 -0.0236879 0.0383753 0.127032 -0.0496125 0.120126 -0.123567 1.63771 -0.0848584 -0.487895 -0.173831 -0.613479 -0.0792465 -0.355946 -0.691514 -1.24277 0.00559211 -0.309773 -0.0829322 -0.0560606 
0.0319149 0.039786 -0.0299044 0.00230565 -0.0468406 0.0011713 -0.0204368 -0.0429987 -0.00135946 0.0193232 -0.0236879 0.0383753 0.127034 -0.0496125 0.120126 -0.123567 1.63771 -0.0848584 -0.487895 -0.173831 -0.613411 -0.079248 -0.369512 -0.689478 -1.23781 0.00661933 -0.309771 -0.0825075 -0.0560583 
0.0319011 0.039786 -0.0299044 0.00230565 -0.0468406 0.0011713 -0.0204394 -0.0429987 -0.00135946 0.0193232 -0.0236879 0.0383753 0.127034 -0.0496118 0.120126 -0.123567 1.63771 -0.0848582 -0.487895 -0.173831 -0.613383 -0.079247 -0.381413 -0.687584 -1.23389 0.00761294 -0.309774 -0.082121 -0.056075 
0.0318871 0.039786 -0.0299044 0.00230565 -0.0468406 0.0011713 -0.0204422 -0.0429958 -0.00135946 0.0193232 -0.0236879 0.0383753 0.127032 -0.0496125 0.120125 -0.123567 1.63771 -0.0848582 -0.487895 -0.173831 -0.613372 -0.079248 -0.392769 -0.685868 -1.23035 0.00850415 -0.309773 -0.0817883 -0.0560881 
0.0318816 0.0397693 -0.0298986 0.00230565 -0.0468406 0.0011713 -0.0204422 -0.0429931 -0.00135684 0.0193232 -0.0236879 0.0383753 0.127032 -0.0496137 0.120126 -0.123567 1.63771 -0.0848582 -0.487895 -0.173831 -0.613345 -0.079248 -0.405129 -0.684044 -1.22708 0.00936353 -0.309772 -0.0814257 -0.0561097 
0.0318732 0.0397611 -0.0298986 0.00230565 -0.0468406 0.0011713 -0.0204422 -0.0429958 -0.00135684 0.0193232 -0.0236879 0.0383753 0.127032 -0.0496137 0.120126 -0.123567 1.63771 -0.0848572 -0.487895 -0.173831 -0.613329 -0.0792465 -0.415734 -0.682488 -1.22485 0.010193 -0.309774 -0.0810738 -0.0561145 
0.0318732 0.0397611 -0.029896 0.00230565 -0.0468406 0.0011713 -0.0204422 -0.0429958 -0.00135684 0.0193232 -0.0236879 0.0383753 0.127032 -0.0496125 0.120126 -0.123566 1.63771 -0.0848584 -0.487895 -0.173831 -0.613317 -0.0792465 -0.425938 -0.681083 -1.22316 0.010887 -0.309773 -0.0807458 -0.0561121 
0.0318706 0.0397582 -0.0298986 0.00230565 -0.0468406 0.0011713 -0.0204422 -0.0429987 -0.00135684 0.0193158 -0.0236879 0.0383753 0.127032 -0.0496118 0.120125 -0.123567 1.63771 -0.0848582 -0.487895 -0.173831 -0.613266 -0.0792465 -0.436851 -0.679612 -1.22169 0.0114723 -0.309773 -0.0803282 -0.0561145 
0.0318675 0.03975 -0.029896 0.00230565 -0.0468406 0.0011713 -0.0204422 -0.0429987 -0.00135684 0.0193158 -0.0236879 0.0383753 0.127034 -0.0496125 0.12012 -0.123567 1.63771 -0.0848572 -0.487895 -0.173831 -0.613202 -0.0792465 -0.446072 -0.67843 -1.22065 0.0120503 -0.309777 -0.0799154 -0.0561516 
0.0318594 0.03975 -0.029896 0.00230565 -0.0468406 0.0011713 -0.0204477 -0.0429987 -0.00135684 0.0193158 -0.0236879 0.0383753 0.127034 -0.0496137 0.120118 -0.123566 1.63771 -0.0848572 -0.487895 -0.173831 -0.613132 -0.0792451 -0.455843 -0.677271 -1.21975 0.0127107 -0.309775 -0.0795168 -0.0561899 
0.0318565 0.0397471 -0.0298932 0.00230565 -0.0468406 0.0011713 -0.0204504 -0.0429987 -0.00135684 0.0193158 -0.0236906 0.0383801 0.127034 -0.0496125 0.120117 -0.123567 1.63771 -0.0848584 -0.487896 -0.173831 -0.613079 -0.0792465 -0.463891 -0.676383 -1.21914 0.0132246 -0.309774 -0.0792332 -0.0562162 
0.0318565 0.0397249 -0.0298905 0.00230565 -0.0468406 0.0011713 -0.0204504 -0.0429987 -0.00135684 0.0193158 -0.0236906 0.0383801 0.127034 -0.0496118 0.120115 -0.123567 1.63771 -0.0848582 -0.487895 -0.173831 -0.613015 -0.0792465 -0.471459 -0.675608 -1.21862 0.0136964 -0.309774 -0.0789925 -0.0562617 
0.0318565 0.0396973 -0.0298905 0.00230565 -0.0468406 0.0011713 -0.0204589 -0.0430069 -0.00135136 0.0193158 -0.0236906 0.0383801 0.127032 -0.0496125 0.120114 -0.123566 1.63771 -0.0848584 -0.487895 -0.173831 -0.612933 -0.0792465 -0.479349 -0.674915 -1.21811 0.0143056 -0.309774 -0.0787425 -0.0563467 
0.0318511 0.0396721 -0.0298905 0.00230565 -0.0468406 0.0011713 -0.0204589 -0.0430069 -0.00135136 0.0193158 -0.0236906 0.0383801 0.127032 -0.0496125 0.120112 -0.123566 1.63771 -0.0848584 -0.487895 -0.173831 -0.612874 -0.0792465 -0.485754 -0.674466 -1.2177 0.0148946 -0.309774 -0.0785246 -0.056483 
0.0318511 0.0396529 -0.0298905 0.00229818 -0.0468406 0.0011713 -0.0204589 -0.0430098 -0.00133467 0.0193158 -0.0236919 0.0383825 0.127034 -0.0496137 0.12011 -0.123567 1.63771 -0.0848572 -0.487895 -0.173831 -0.612838 -0.0792465 -0.492368 -0.674093 -1.21733 0.0155232 -0.309775 -0.0783296 -0.0565669 
0.0318565 0.0396334 -0.0298905 0.00231312 -0.0468406 0.0011713 -0.0204589 -0.0430069 -0.00133181 0.0193158 -0.0236919 0.0383825 0.127034 -0.0496137 0.120109 -0.123566 1.63771 -0.0848572 -0.487895 -0.173831 -0.612822 -0.0792465 -0.497647 -0.673862 -1.2171 0.0159847 -0.309776 -0.0782255 -0.0566136 
0.0318565 0.0396278 -0.0298848 0.00230565 -0.0468406 0.0011713 -0.0204644 -0.0430069 -0.00132918 0.0193158 -0.0236918 0.0383825 0.127034 -0.0496118 0.120108 -0.123566 1.63771 -0.0848584 -0.487895 -0.17383 -0.61281 -0.0792465 -0.50247 -0.673694 -1.21691 0.0163606 -0.309777 -0.0781549 -0.0566494 
0.0318623 0.0396278 -0.0298822 0.00230565 -0.0468431 0.00117611 -0.0204644 -0.0430042 -0.00132608 0.0193158 -0.0236919 0.0383825 0.127032 -0.0496118 0.120102 -0.123566 1.63771 -0.0848584 -0.487895 -0.173831 -0.612808 -0.0792465 -0.50738 -0.673517 -1.21677 0.016722 -0.309777 -0.0780962 -0.0566626 
0.0318675 0.0396167 -0.0298822 0.00230565 -0.046847 0.00118334 -0.0204644 -0.0430042 -0.00131512 0.0193158 -0.0236919 0.0383825 0.127032 -0.0496125 0.120103 -0.123566 1.63771 -0.0848584 -0.487895 -0.17383 -0.612799 -0.0792465 -0.511268 -0.673393 -1.21669 0.0169489 -0.309778 -0.0780866 -0.0566782 
0.0318706 0.0395945 -0.0298822 0.00230565 -0.0468496 0.00119776 -0.0204644 -0.0430069 -0.00130129 0.0193158 -0.0236919 0.0383825 0.127032 -0.0496125 0.120102 -0.123566 1.63771 -0.0848584 -0.487895 -0.173831 -0.612774 -0.0792465 -0.514689 -0.673296 -1.21662 0.0171809 -0.309776 -0.0780771 -0.0567153 
0.0318761 0.0395918 -0.0298822 0.00230565 -0.0468509 0.00120497 -0.0204644 -0.0430098 -0.00129008 0.0193158 -0.0236919 0.0383825 0.127032 -0.0496137 0.1201 -0.123566 1.63771 -0.0848582 -0.487895 -0.173831 -0.612742 -0.0792451 -0.518004 -0.673142 -1.21655 0.0174483 -0.309777 -0.0780435 -0.0567822 
0.0318816 0.0395807 -0.0298822 0.00230565 -0.0468509 0.00120497 -0.0204618 -0.0430098 -0.00128746 0.0193158 -0.0236919 0.0383825 0.127032 -0.0496125 0.120098 -0.123566 1.63771 -0.0848584 -0.487895 -0.173831 -0.612715 -0.0792458 -0.520475 -0.67306 -1.21651 0.0175831 -0.309777 -0.0780029 -0.0568314 
0.0318871 0.0395807 -0.0298793 0.00230565 -0.0468496 0.00120737 -0.0204589 -0.0430042 -0.00128174 0.0193158 -0.0236919 0.0383825 0.127032 -0.0496137 0.120097 -0.123566 1.63771 -0.0848584 -0.487895 -0.173831 -0.612699 -0.0792458 -0.522849 -0.673025 -1.21647 0.0176429 -0.309777 -0.0779382 -0.0568768 
0.0318983 0.0395669 -0.0298822 0.00230565 -0.0468458 0.00121457 -0.0204589 -0.0430098 -0.00128174 0.0193158 -0.0236919 0.0383825 0.127032 -0.0496118 0.120097 -0.123566 1.63771 -0.0848596 -0.487895 -0.173831 -0.612692 -0.0792465 -0.524647 -0.673008 -1.21644 0.0176765 -0.309777 -0.0778795 -0.0569295 
0.0319092 0.039564 -0.0298822 0.00230565 -0.0468432 0.00121936 -0.0204504 -0.0430098 -0.00128174 0.0193158 -0.0236919 0.0383825 0.127032 -0.0496125 0.120097 -0.123567 1.63771 -0.0848584 -0.487895 -0.173831 -0.61269 -0.0792465 -0.526131 -0.673001 -1.21643 0.0177236 -0.309777 -0.0778377 -0.056963 
0.0319204 0.0395613 -0.0298793 0.00230565 -0.0468419 0.00122176 -0.0204477 -0.0429987 -0.00127912 0.0193158 -0.0236919 0.0383825 0.127031 -0.0496113 0.120095 -0.123566 1.63771 -0.0848572 -0.487895 -0.173831 -0.612683 -0.0792458 -0.527484 -0.672983 -1.21641 0.0177821 -0.309777 -0.0778149 -0.0569618 
0.0319233 0.0395474 -0.0298793 0.00230565 -0.0468419 0.00122176 -0.0204422 -0.0430069 -0.00128174 0.0193158 -0.0236919 0.0383825 0.127031 -0.0496118 0.120095 -0.123566 1.63771 -0.0848582 -0.487895 -0.173831 -0.612674 -0.079248 -0.528609 -0.672926 -1.21641 0.0178449 -0.309778 -0.0778041 -0.0568637 
0.0319233 0.0395418 -0.0298793 0.00230565 -0.0468419 0.00122176 -0.0204422 -0.0430069 -0.00127339 0.0193158 -0.0236906 0.0383849 0.127031 -0.0496118 0.120095 -0.123566 1.63771 -0.0848584 -0.487895 -0.173831 -0.612671 -0.0792496 -0.529409 -0.672849 -1.2164 0.0179024 -0.309777 -0.077803 -0.0566555 
0.0319204 0.0395364 -0.0298793 0.00230565 -0.0468419 0.00122176 -0.0204477 -0.0430098 -0.00126529 0.0193158 -0.0236919 0.0383825 0.127032 -0.0496113 0.120095 -0.123566 1.63771 -0.0848596 -0.487895 -0.17383 -0.612668 -0.0792513 -0.530132 -0.672729 -1.2164 0.0179915 -0.309777 -0.077803 -0.0563826 
0.0319149 0.039528 -0.0298793 0.00230565 -0.0468419 0.00122176 -0.0204477 -0.0430098 -0.00126243 0.0193158 -0.0236919 0.0383825 0.127032 -0.0496118 0.120093 -0.123566 1.63771 -0.0848584 -0.487895 -0.173831 -0.612664 -0.0792513 -0.530654 -0.67264 -1.21639 0.0180488 -0.309777 -0.0777899 -0.0560977 
0.0319121 0.039528 -0.0298793 0.00230565 -0.0468419 0.00122176 -0.0204504 -0.0430098 -0.00125957 0.0193158 -0.0236919 0.0383825 0.127032 -0.0496125 0.120092 -0.123566 1.63771 -0.0848584 -0.487895 -0.173831 -0.612656 -0.0792532 -0.531147 -0.672566 -1.21638 0.018083 -0.309777 -0.0777335 -0.0557135 
0.0319149 0.039528 -0.0298765 0.00230565 -0.0468419 0.00122176 -0.0204504 -0.0430098 -0.00125408 0.0193158 -0.0236919 0.0383825 0.127031 -0.0496118 0.120091 -0.123566 1.63771 -0.0848596 -0.487895 -0.173831 -0.61265 -0.0792532 -0.531563 -0.672524 -1.21638 0.0180935 -0.309778 -0.0776629 -0.0553653 
0.0319066 0.039528 -0.0298793 0.00230565 -0.0468419 0.00122176 -0.0204535 -0.0430098 -0.00125122 0.0193158 -0.0236919 0.0383825 0.127031 -0.0496113 0.120091 -0.123566 1.63771 -0.0848584 -0.487895 -0.173831 -0.61265 -0.0792532 -0.53201 -0.672502 -1.21638 0.0181006 -0.309777 -0.0776174 -0.0550768 
0.0318899 0.0395364 -0.0298793 0.00230565 -0.0468419 0.00122176 -0.0204535 -0.0430098 -0.0012486 0.0193158 -0.0236919 0.0383825 0.127032 -0.0496113 0.120091 -0.123566 1.63771 -0.0848584 -0.487895 -0.173831 -0.61265 -0.0792565 -0.532559 -0.672494 -1.21638 0.0181032 -0.309777 -0.077572 -0.0549309 
0.0318816 0.0395364 -0.0298822 0.00230565 -0.0468419 0.00122176 -0.0204589 -0.043018 -0.00124311 0.0193158 -0.0236919 0.0383825 0.127032 -0.0496118 0.120091 -0.123566 1.63771 -0.0848582 -0.487895 -0.173831 -0.612649 -0.0792611 -0.533055 -0.672494 -1.21638 0.0181136 -0.309777 -0.0775242 -0.0548961 
0.0318623 0.0395418 -0.0298822 0.00230565 -0.0468419 0.00122176 -0.0204589 -0.0430098 -0.00124311 0.0193158 -0.0236919 0.0383826 0.127031 -0.0496125 0.120091 -0.123566 1.63771 -0.0848582 -0.487895 -0.173831 -0.612648 -0.0792627 -0.533476 -0.672493 -1.21637 0.0181507 -0.309777 -0.0774941 -0.0548663 
0.0318484 0.0395558 -0.0298822 0.00230565 -0.0468432 0.00122417 -0.0204589 -0.0430098 -0.00124311 0.0193158 -0.0236932 0.0383802 0.127032 -0.0496118 0.120091 -0.123566 1.63771 -0.0848584 -0.487895 -0.173831 -0.612648 -0.0792654 -0.533829 -0.672493 -1.21637 0.0181721 -0.309778 -0.0774846 -0.0548543 
0.0318344 0.0395558 -0.0298822 0.00230565 -0.0468432 0.00122417 -0.0204673 -0.0430208 -0.00124311 0.0193158 -0.0236932 0.0383802 0.127032 -0.0496118 0.120091 -0.123566 1.63771 -0.0848572 -0.487895 -0.173831 -0.61265 -0.0792665 -0.533996 -0.672493 -1.21637 0.0181776 -0.309778 -0.0774822 -0.0548411 
0.0318232 0.0395558 -0.0298822 0.00230565 -0.0468432 0.00122417 -0.0204811 -0.0430098 -0.00124025 0.0193158 -0.0236932 0.0383802 0.127032 -0.0496113 0.120091 -0.123566 1.63771 -0.0848596 -0.487895 -0.173831 -0.61265 -0.0792654 -0.533744 -0.672493 -1.21637 0.0181861 -0.309778 -0.0774822 -0.0548339 
0.0318151 0.0395558 -0.0298793 0.00230565 -0.0468445 0.00122177 -0.0204949 -0.0430069 -0.00124311 0.0193158 -0.0236932 0.0383802 0.127031 -0.0496118 0.120091 -0.123566 1.63771 -0.0848582 -0.487895 -0.173831 -0.61265 -0.0792656 -0.532966 -0.672479 -1.21636 0.0182105 -0.309778 -0.0774714 -0.0548351 
0.0318041 0.0395558 -0.0298765 0.00230565 -0.0468445 0.00122177 -0.0204949 -0.0430069 -0.00124311 0.0193158 -0.0236932 0.0383802 0.127031 -0.0496125 0.120091 -0.123567 1.63771 -0.0848584 -0.487895 -0.173831 -0.612648 -0.0792634 -0.531592 -0.672412 -1.2167 0.0182587 -0.309778 -0.077444 -0.0548315 
0.0317984 0.0395558 -0.0298765 0.00230565 -0.0468445 0.00122177 -0.0205004 -0.0430069 -0.00124311 0.0193232 -0.0236932 0.0383802 0.127031 -0.0496125 0.120091 -0.123566 1.63771 -0.0848584 -0.487895 -0.173831 -0.612652 -0.0792601 -0.529368 -0.672313 -1.21774 0.0182759 -0.309777 -0.077426 -0.0548255 
0.0317984 0.0395558 -0.0298765 0.00230565 -0.0468432 0.00121936 -0.0205033 -0.0430069 -0.00124311 0.0193232 -0.0236932 0.0383802 0.127031 -0.0496118 0.12009 -0.123566 1.63771 -0.0848584 -0.487895 -0.173831 -0.612645 -0.0792618 -0.526744 -0.672262 -1.21919 0.0182838 -0.309774 -0.0774068 -0.0548088 
0.0317984 0.0395558 -0.0298765 0.00230565 -0.0468471 0.00122659 -0.0205116 -0.0430098 -0.00124025 0.0193232 -0.0236932 0.0383802 0.127031 -0.0496118 0.120091 -0.123566 1.63771 -0.0848584 -0.487895 -0.173831 -0.612642 -0.0792618 -0.523436 -0.672382 -1.22098 0.0183088 -0.309773 -0.0773517 -0.0547969 
0.0317788 0.0395529 -0.0298765 0.00230565 -0.0468458 0.00122418 -0.0205116 -0.0430069 -0.00124025 0.0193232 -0.0236932 0.0383802 0.127032 -0.0496125 0.120091 -0.123566 1.63771 -0.0848582 -0.487895 -0.173831 -0.612638 -0.0792601 -0.518957 -0.672817 -1.22332 0.0183144 -0.309778 -0.077262 -0.0548005 
0.0317705 0.0395529 -0.0298765 0.00230565 -0.0468458 0.00122418 -0.0205142 -0.0429931 -0.00124025 0.0193232 -0.0236932 0.0383802 0.127032 -0.0496137 0.120089 -0.123566 1.63771 -0.0848582 -0.487895 -0.173831 -0.612638 -0.0792618 -0.514309 -0.673528 -1.22566 0.0183156 -0.309774 -0.0771508 -0.0548076 
0.031765 0.0395558 -0.0298793 0.00230565 -0.0468458 0.00122418 -0.0205116 -0.0430098 -0.00123739 0.0193232 -0.0236957 0.0383755 0.127032 -0.0496118 0.120091 -0.123566 1.63771 -0.0848584 -0.487895 -0.173831 -0.612638 -0.0792596 -0.508353 -0.674512 -1.22883 0.0183156 -0.309774 -0.0769761 -0.0548339 
0.0317595 0.0395474 -0.0298793 0.00230565 -0.0468445 0.00122177 -0.0204895 -0.0429958 -0.00124025 0.0193232 -0.0236957 0.0383755 0.127031 -0.0496113 0.12009 -0.123566 1.63771 -0.0848584 -0.487895 -0.173831 -0.612638 -0.0792496 -0.502487 -0.675507 -1.23221 0.0183204 -0.309776 -0.0768574 -0.0548686 
0.0317566 0.0395474 -0.0298765 0.00230565 -0.0468432 0.00121936 -0.0204589 -0.0429931 -0.00124025 0.0193232 -0.0236957 0.0383755 0.127032 -0.0496113 0.120091 -0.123566 1.63771 -0.0848584 -0.487895 -0.173832 -0.612638 -0.0792415 -0.496043 -0.676779 -1.23603 0.0183216 -0.309774 -0.0768061 -0.0548818 
0.0317566 0.0395418 -0.0298793 0.00230565 -0.0468432 0.00121936 -0.0204201 -0.0430098 -0.00123739 0.0193232 -0.0236957 0.0383755 0.127031 -0.0496113 0.120089 -0.123566 1.63771 -0.0848582 -0.487895 -0.173831 -0.612638 -0.0792372 -0.488129 -0.678368 -1.24083 0.0183259 -0.309774 -0.0767318 -0.0548829 
0.0317595 0.0395391 -0.0298793 0.00230565 -0.0468406 0.00121455 -0.0203979 -0.0429987 -0.00123477 0.0193232 -0.0236957 0.0383755 0.127032 -0.0496137 0.120089 -0.123566 1.63771 -0.0848584 -0.487895 -0.173831 -0.612638 -0.0792348 -0.480435 -0.679874 -1.24581 0.0183289 -0.309777 -0.0766134 -0.0548866 
0.031765 0.039528 -0.0298793 0.00230565 -0.0468406 0.00121455 -0.0203812 -0.0430042 -0.00122905 0.0193232 -0.023697 0.0383731 0.127032 -0.0496137 0.120089 -0.123566 1.63771 -0.0848584 -0.487895 -0.173831 -0.612638 -0.0792487 -0.471954 -0.681587 -1.25118 0.0183479 -0.309777 -0.0764339 -0.0548854 
0.0317788 0.0395001 -0.0298822 0.00230565 -0.0468406 0.00121455 -0.0203617 -0.0430069 -0.00122905 0.0193232 -0.023697 0.0383731 0.127032 -0.0496118 0.120089 -0.123566 1.63771 -0.0848596 -0.487895 -0.173831 -0.612638 -0.0792851 -0.461657 -0.683601 -1.25773 0.0183535 -0.309777 -0.0761406 -0.0548663 
0.0317984 0.0394948 -0.0298822 0.00230565 -0.0468393 0.00121214 -0.0203424 -0.0429987 -0.00122905 0.0193232 -0.023697 0.0383731 0.127032 -0.0496125 0.120089 -0.123566 1.63771 -0.0848584 -0.487895 -0.173831 -0.612638 -0.0792873 -0.451932 -0.685504 -1.26386 0.0183522 -0.309777 -0.0758045 -0.0548016 
0.0318179 0.0394948 -0.0298793 0.00230565 -0.0468393 0.00121214 -0.0203285 -0.0429987 -0.00122905 0.0193232 -0.023697 0.0383731 0.127032 -0.0496113 0.120089 -0.123566 1.63771 -0.0848584 -0.487895 -0.173832 -0.612638 -0.0792873 -0.441625 -0.687464 -1.27033 0.0183522 -0.309777 -0.0754395 -0.0545958 
0.0318344 0.0394779 -0.0298793 0.00230565 -0.0468393 0.00121214 -0.0203173 -0.0430069 -0.00122905 0.0193232 -0.023697 0.0383731 0.127032 -0.0496113 0.120089 -0.123566 1.63771 -0.0848596 -0.487895 -0.173831 -0.61264 -0.079303 -0.429551 -0.689837 -1.2781 0.0183516 -0.309774 -0.0750719 -0.0542882 
0.0318453 0.0394779 -0.0298793 0.00230565 -0.0468406 0.00121455 -0.0203118 -0.0430069 -0.00122643 0.0193232 -0.023697 0.0383731 0.127031 -0.0496118 0.120089 -0.123566 1.63771 -0.0848584 -0.487895 -0.173832 -0.612646 -0.0793068 -0.418402 -0.691944 -1.28558 0.0183491 -0.309773 -0.0747333 -0.0541039 
0.0318453 0.0394753 -0.0298793 0.00230565 -0.0468354 0.00120492 -0.0203118 -0.0430098 -0.00122356 0.0193232 -0.023697 0.0383731 0.127031 -0.0496113 0.120089 -0.123566 1.63771 -0.0848584 -0.487895 -0.173831 -0.612694 -0.0793085 -0.405237 -0.694318 -1.29445 0.0183535 -0.309774 -0.0743645 -0.0540572 
0.0318453 0.0394753 -0.0298822 0.00230565 -0.046838 0.00120974 -0.0203118 -0.0430042 -0.00122356 0.0193232 -0.023697 0.0383731 0.127031 -0.0496118 0.120089 -0.123566 1.63771 -0.0848584 -0.487895 -0.173831 -0.612792 -0.0793102 -0.393189 -0.69645 -1.30289 0.0183535 -0.309777 -0.0740714 -0.0540476 
0.0318427 0.0394753 -0.0298793 0.00230565 -0.0468315 0.00121212 -0.020309 -0.0430069 -0.00122356 0.0193232 -0.023697 0.0383731 0.127032 -0.0496113 0.120089 -0.123566 1.63771 -0.0848584 -0.487895 -0.173831 -0.612913 -0.0793135 -0.380695 -0.698704 -1.3118 0.0183558 -0.309775 -0.0738966 -0.0540488 
0.0318427 0.0394726 -0.0298822 0.00230565 -0.0468341 0.00120732 -0.020309 -0.0430069 -0.00122356 0.019327 -0.023697 0.0383731 0.127032 -0.0496113 0.12009 -0.123566 1.63771 -0.0848584 -0.487896 -0.173831 -0.613065 -0.0792551 -0.366349 -0.701308 -1.3224 0.0183418 -0.309772 -0.0737482 -0.0540488 
0.0318372 0.0394753 -0.0298793 0.00230565 -0.0468341 0.00120732 -0.0203063 -0.0430098 -0.00122356 0.019327 -0.023697 0.0383731 0.127031 -0.0496113 0.120089 -0.123566 1.63771 -0.0848596 -0.487895 -0.173831 -0.613215 -0.0790877 -0.353443 -0.703565 -1.33217 0.0183357 -0.309773 -0.0736285 -0.0540453 
0.0318372 0.0394726 -0.0298822 0.00230565 -0.0468341 0.00120732 -0.020298 -0.0430098 -0.0012207 0.019327 -0.023697 0.0383731 0.127032 -0.0496113 0.12009 -0.123565 1.63771 -0.0848584 -0.487895 -0.173831 -0.613376 -0.0788436 -0.340232 -0.705868 -1.3422 0.0183272 -0.309774 -0.073558 -0.054001 
0.0318372 0.0394753 -0.0298822 0.00230565 -0.0468341 0.00120732 -0.020298 -0.0430098 -0.00122356 0.019327 -0.023697 0.0383731 0.127032 -0.0496118 0.12009 -0.123566 1.63771 -0.0848584 -0.487895 -0.173831 -0.613538 -0.0784822 -0.325174 -0.708437 -1.35387 0.0183156 -0.309772 -0.0735151 -0.0539041 
0.0318427 0.0394726 -0.0298822 0.00230565 -0.0468341 0.00120732 -0.0202897 -0.0430098 -0.00122356 0.019327 -0.023697 0.0383731 0.127032 -0.0496125 0.120089 -0.123566 1.63771 -0.0848582 -0.487895 -0.173831 -0.613662 -0.0780973 -0.31162 -0.710609 -1.36448 0.0183003 -0.309772 -0.0734323 -0.0538765 
0.0318427 0.0394641 -0.0298822 0.00230565 -0.0468341 0.00120732 -0.0202897 -0.0430098 -0.00122356 0.019327 -0.023697 0.0383731 0.127032 -0.0496118 0.120089 -0.123566 1.63771 -0.0848582 -0.487895 -0.173832 -0.613767 -0.077703 -0.29779 -0.712718 -1.37529 0.0182441 -0.309774 -0.0732888 -0.0538741 
0.0318427 0.0394641 -0.0298822 0.00230565 -0.0468341 0.00120732 -0.0202813 -0.0430098 -0.0012207 0.019327 -0.023697 0.0383731 0.127032 -0.0496125 0.12009 -0.123567 1.63771 -0.0848582 -0.487895 -0.173832 -0.613854 -0.0771313 -0.282025 -0.71497 -1.38777 0.0180482 -0.309772 -0.0731356 -0.0538741 
0.0318484 0.0394641 -0.0298822 0.00230565 -0.0468341 0.00120732 -0.0202758 -0.0430098 -0.0012207 0.019327 -0.023697 0.0383731 0.127031 -0.0496113 0.12009 -0.123566 1.63771 -0.0848584 -0.487895 -0.17383 -0.613929 -0.0764544 -0.267665 -0.716889 -1.39905 0.0178077 -0.30977 -0.0729417 -0.0538718 
0.0318565 0.0394641 -0.0298822 0.00230565 -0.0468341 0.00120732 -0.0202703 -0.0430069 -0.0012207 0.019327 -0.023697 0.0383731 0.127032 -0.0496118 0.12009 -0.123566 1.63771 -0.0848582 -0.487895 -0.173832 -0.61402 -0.0754218 -0.249558 -0.718956 -1.41329 0.0175227 -0.309778 -0.0727921 -0.0538765 
0.0318675 0.0394615 -0.0298822 0.00230565 -0.0468315 0.00121212 -0.0202675 -0.0430098 -0.00122356 0.019327 -0.023697 0.0383731 0.127032 -0.0496113 0.120091 -0.123567 1.63771 -0.0848584 -0.487895 -0.173831 -0.614086 -0.0743625 -0.234901 -0.720558 -1.42468 0.0173439 -0.309774 -0.0727215 -0.0538286 
0.0318816 0.0394641 -0.0298822 0.00231312 -0.0468315 0.00121212 -0.0202591 -0.0430098 -0.00122356 0.019327 -0.023697 0.0383731 0.127032 -0.0496125 0.120091 -0.123567 1.63771 -0.0848572 -0.487895 -0.173831 -0.614149 -0.0731475 -0.220216 -0.721947 -1.43616 0.0172015 -0.309772 -0.0726917 -0.053794 
0.0318899 0.0394585 -0.0298822 0.00231312 -0.0468302 0.00121452 -0.0202563 -0.0430098 -0.00122356 0.019327 -0.023697 0.0383731 0.127032 -0.0496113 0.120091 -0.123566 1.63771 -0.0848584 -0.487895 -0.173831 -0.614185 -0.0716836 -0.203617 -0.723202 -1.44898 0.0170612 -0.309775 -0.0726485 -0.053788 
0.0318871 0.0394558 -0.0298822 0.00231312 -0.0468289 0.00121699 -0.0202508 -0.0430069 -0.00122643 0.019327 -0.0236957 0.0383755 0.127031 -0.0496113 0.120092 -0.123567 1.63771 -0.0848584 -0.487895 -0.173831 -0.614187 -0.0702062 -0.188655 -0.724175 -1.46042 0.0169806 -0.309774 -0.0726173 -0.0537856 
0.0318816 0.0394558 -0.0298822 0.00231312 -0.0468289 0.00121699 -0.0202451 -0.0430042 -0.00122643 0.019327 -0.0236957 0.0383755 0.127032 -0.0496118 0.120093 -0.123567 1.63771 -0.0848584 -0.487895 -0.173831 -0.614195 -0.0687511 -0.173688 -0.724953 -1.47191 0.0169301 -0.309774 -0.0726113 -0.0537819 
0.0318816 0.0394558 -0.0298822 0.00231312 -0.0468264 0.00122171 -0.020237 -0.0430069 -0.00122905 0.019327 -0.0236957 0.0383755 0.127032 -0.0496113 0.120093 -0.123566 1.63771 -0.0848584 -0.487895 -0.173832 -0.614205 -0.0671284 -0.1569 -0.725555 -1.48474 0.0168897 -0.309771 -0.0725754 -0.0537808 
0.0318899 0.0394558 -0.0298822 0.00231312 -0.0468264 0.00122171 -0.0202065 -0.0430069 -0.00124025 0.019327 -0.0236932 0.0383802 0.127032 -0.0496113 0.120092 -0.123566 1.63771 -0.0848572 -0.487895 -0.173831 -0.614229 -0.0656831 -0.142066 -0.725928 -1.49608 0.0168355 -0.309774 -0.0725302 -0.0537891 
0.0319149 0.0394558 -0.0298822 0.00231312 -0.0468238 0.00122651 -0.0201814 -0.0430069 -0.00124025 0.019327 -0.0236932 0.0383802 0.127032 -0.0496113 0.120094 -0.123566 1.63771 -0.0848572 -0.487895 -0.173831 -0.614269 -0.0642605 -0.127149 -0.72623 -1.50751 0.0168006 -0.30977 -0.0725049 -0.0537832 
0.0319397 0.0394585 -0.0298822 0.00231312 -0.0468199 0.0012337 -0.0201647 -0.0430069 -0.00124025 0.019327 -0.0236932 0.0383802 0.127032 -0.0496113 0.120094 -0.123566 1.63771 -0.0848584 -0.487895 -0.173831 -0.614305 -0.0625839 -0.110436 -0.726573 -1.52017 0.01673 -0.30977 -0.0724965 -0.0537748 
0.031951 0.0394585 -0.0298822 0.00231312 -0.0468186 0.0012361 -0.0201538 -0.0430069 -0.00124025 0.019327 -0.0236932 0.0383802 0.127031 -0.0496113 0.120095 -0.123566 1.63771 -0.0848582 -0.487895 -0.173831 -0.61432 -0.0611315 -0.0956371 -0.726812 -1.53148 0.0166682 -0.309772 -0.0724941 -0.053776 
0.0319481 0.0394585 -0.0298822 0.00231312 -0.046816 0.0012409 -0.0201509 -0.0430042 -0.00124025 0.019327 -0.0236932 0.0383802 0.127031 -0.0496113 0.120095 -0.123566 1.63771 -0.0848582 -0.487895 -0.173831 -0.614323 -0.0593913 -0.078933 -0.727113 -1.54407 0.016628 -0.309772 -0.0724821 -0.0537772 
0.0319481 0.0394615 -0.0298822 0.00231312 -0.0468134 0.00124569 -0.0201454 -0.0430042 -0.00124311 0.019327 -0.0236932 0.0383802 0.127032 -0.0496118 0.120095 -0.123566 1.63771 -0.0848582 -0.487895 -0.173831 -0.614334 -0.0577743 -0.0640428 -0.72739 -1.55512 0.0166267 -0.30977 -0.0724797 -0.0537808 
0.0319397 0.0394615 -0.0298848 0.00231312 -0.0468121 0.00124809 -0.0201454 -0.0430098 -0.00124311 0.019327 -0.0236932 0.0383802 0.127034 -0.0496118 0.120095 -0.123566 1.63771 -0.0848582 -0.487895 -0.173831 -0.614345 -0.0562813 -0.0493119 -0.72761 -1.56625 0.0165632 -0.309773 -0.0724821 -0.053776 
0.0319371 0.0394615 -0.0298822 0.00231312 -0.0468108 0.00125049 -0.0201232 -0.0430098 -0.00124311 0.019327 -0.0236932 0.0383802 0.127034 -0.0496113 0.120095 -0.123567 1.63771 -0.0848582 -0.487896 -0.17383 -0.614345 -0.0545268 -0.0327783 -0.727887 -1.57854 0.0165322 -0.309771 -0.0724559 -0.0537748 
0.0319593 0.0394615 -0.0298848 0.00231312 -0.0468083 0.00125529 -0.0200899 -0.0430042 -0.00125122 0.019327 -0.0236932 0.0383802 0.127034 -0.0496113 0.120094 -0.123567 1.63771 -0.0848582 -0.487895 -0.173832 -0.614347 -0.0531454 -0.0182054 -0.72815 -1.58949 0.0165278 -0.309772 -0.0724593 -0.0537688 
0.031987 0.0394641 -0.0298848 0.00231312 -0.0468083 0.00125529 -0.0200622 -0.0430042 -0.00125408 0.019327 -0.0236932 0.0383802 0.127034 -0.0496113 0.120095 -0.123566 1.63771 -0.0848584 -0.487896 -0.173831 -0.614363 -0.0519459 -0.00383687 -0.728344 -1.60042 0.0165248 -0.30977 -0.0724547 -0.0537592 
0.0320258 0.0394696 -0.0298905 0.00231312 -0.0468083 0.00125529 -0.0200536 -0.0430042 -0.00125408 0.019327 -0.0236932 0.0383802 0.127034 -0.0496113 0.120095 -0.123567 1.63771 -0.0848596 -0.487895 -0.173831 -0.61437 -0.0505216 0.0123188 -0.728564 -1.61244 0.0165064 -0.309773 -0.0724462 -0.0537496 
0.0320315 0.0394753 -0.0298905 0.00231312 -0.0468083 0.00125529 -0.0200536 -0.0430069 -0.00125957 0.019327 -0.0236932 0.0383802 0.127034 -0.0496113 0.120095 -0.123567 1.63771 -0.0848572 -0.487895 -0.173832 -0.614372 -0.0492663 0.0266297 -0.728712 -1.62304 0.0165046 -0.309773 -0.0724379 -0.0537521 
0.0320258 0.0394726 -0.0298905 0.00231312 -0.0468083 0.00125529 -0.0200536 -0.0430069 -0.00125957 0.019327 -0.0236932 0.0383802 0.127034 -0.0496113 0.120095 -0.123567 1.63771 -0.0848572 -0.487895 -0.173831 -0.614377 -0.0480273 0.0409606 -0.728791 -1.63342 0.0165033 -0.309772 -0.0724379 -0.0537592 
0.0320063 0.0394837 -0.0298848 0.00231312 -0.0468083 0.00125529 -0.0200536 -0.0430069 -0.00125957 0.019327 -0.0236932 0.0383802 0.127034 -0.0496113 0.120097 -0.123567 1.63771 -0.0848584 -0.487895 -0.17383 -0.614381 -0.0466394 0.0571978 -0.728809 -1.64491 0.0164936 -0.309772 -0.0724236 -0.0537832 
0.0319786 0.0394779 -0.0298905 0.00231312 -0.0468083 0.00125529 -0.0200536 -0.0430069 -0.00125957 0.019327 -0.0236932 0.0383802 0.127034 -0.0496113 0.120095 -0.123567 1.63771 -0.0848582 -0.487895 -0.173831 -0.614381 -0.0455697 0.0713265 -0.728809 -1.65505 0.0164936 -0.30977 -0.0724211 -0.0538083 
0.0319676 0.0394753 -0.0298905 0.00231312 -0.0468083 0.00125529 -0.0200536 -0.0430069 -0.00125957 0.019327 -0.0236932 0.0383802 0.127034 -0.0496113 0.120097 -0.123567 1.63771 -0.0848582 -0.487895 -0.173831 -0.614381 -0.0446134 0.0870502 -0.72881 -1.66628 0.0164899 -0.309772 -0.0724175 -0.0537987 
0.0319676 0.0394753 -0.0298905 0.00231312 -0.0468083 0.00125529 -0.0200372 -0.0430069 -0.00126243 0.019327 -0.0236932 0.0383802 0.127034 -0.0496113 0.120095 -0.123567 1.63771 -0.0848584 -0.487895 -0.173831 -0.614381 -0.0439322 0.100758 -0.728808 -1.67606 0.0164912 -0.309772 -0.0723983 -0.0537473 
0.0319731 0.0394696 -0.0298905 0.00231312 -0.0468083 0.00125529 -0.020015 -0.0430069 -0.00126243 0.019327 -0.0236932 0.0383802 0.127034 -0.0496113 0.120097 -0.123566 1.63771 -0.0848584 -0.487895 -0.17383 -0.614379 -0.0433896 0.114382 -0.728828 -1.68577 0.0164899 -0.309771 -0.0723445 -0.0535833 
0.031987 0.0394696 -0.0298848 0.00231312 -0.0468083 0.00125529 -0.0199845 -0.0430098 -0.00126243 0.019327 -0.0236932 0.0383802 0.127034 -0.0496113 0.120097 -0.123566 1.63771 -0.0848584 -0.487895 -0.173832 -0.614377 -0.0428669 0.129573 -0.72889 -1.69646 0.0164936 -0.309772 -0.072268 -0.0534816 
0.0319924 0.0394641 -0.0298848 0.00231312 -0.0468083 0.00125529 -0.0199761 -0.0430098 -0.00126529 0.019327 -0.0236919 0.0383825 0.127034 -0.0496113 0.120097 -0.123567 1.63771 -0.0848582 -0.487895 -0.173831 -0.614383 -0.0424483 0.142928 -0.728923 -1.70567 0.0164918 -0.309773 -0.0721771 -0.0534648 
0.0319924 0.0394641 -0.0298848 0.00231312 -0.0468083 0.00125529 -0.0199707 -0.0430152 -0.00126529 0.019327 -0.0236919 0.0383825 0.127034 -0.0496113 0.120095 -0.123567 1.63771 -0.0848584 -0.487895 -0.173831 -0.614385 -0.042058 0.156308 -0.728926 -1.71474 0.0164899 -0.309773 -0.0721136 -0.0534588 
0.0319982 0.0394641 -0.0298905 0.00231312 -0.0468083 0.00125529 -0.0199678 -0.043018 -0.00126529 0.019327 -0.0236919 0.0383825 0.127037 -0.0496113 0.120097 -0.123566 1.63771 -0.0848582 -0.487895 -0.173832 -0.614384 -0.0416758 0.171171 -0.728927 -1.72456 0.0164649 -0.309772 -0.0720729 -0.0534313 
0.0320008 0.0394641 -0.0298905 0.00231312 -0.0468108 0.00125049 -0.0199649 -0.043018 -0.00126791 0.019327 -0.0236919 0.0383825 0.127034 -0.0496113 0.120097 -0.123567 1.63771 -0.0848584 -0.487895 -0.17383 -0.614361 -0.0413892 0.184105 -0.728947 -1.73301 0.0164576 -0.309773 -0.0720574 -0.0534098 
0.0320008 0.0394641 -0.0298848 0.00231312 -0.0468121 0.00124809 -0.0199649 -0.043018 -0.00126791 0.019327 -0.0236919 0.0383825 0.127034 -0.0496113 0.120097 -0.123567 1.63771 -0.0848572 -0.487895 -0.173832 -0.614319 -0.0412023 0.196865 -0.728969 -1.74111 0.0164272 -0.309774 -0.0720346 -0.0533894 
0.0320008 0.0394641 -0.0298848 0.00231312 -0.0468083 0.00125529 -0.0199649 -0.043018 -0.00126791 0.019327 -0.0236919 0.0383825 0.127034 -0.0496113 0.120097 -0.123567 1.63771 -0.0848584 -0.487896 -0.173832 -0.614278 -0.0411017 0.210866 -0.728976 -1.74995 0.0163283 -0.309775 -0.0720333 -0.0533655 
0.0320036 0.0394641 -0.0298905 0.00231312 -0.0468108 0.00125049 -0.0199678 -0.043018 -0.00126791 0.019327 -0.0236919 0.0383825 0.127034 -0.0496113 0.120097 -0.123566 1.63771 -0.0848596 -0.487895 -0.17383 -0.614246 -0.0409923 0.223004 -0.728923 -1.75743 0.0161703 -0.309773 -0.0720214 -0.0533272 
0.0320008 0.0394641 -0.0298905 0.00231312 -0.0468108 0.00125049 -0.0199707 -0.0430208 -0.00126791 0.019327 -0.0236906 0.0383849 0.127034 -0.0496113 0.120097 -0.123567 1.63771 -0.0848584 -0.487895 -0.173831 -0.614185 -0.0408854 0.236443 -0.728507 -1.76538 0.0157368 -0.309781 -0.0719591 -0.0533152 
0.0320008 0.0394641 -0.0298905 0.00231312 -0.0468108 0.00125049 -0.0199678 -0.0430236 -0.00127649 0.019327 -0.0236906 0.0383849 0.127034 -0.0496113 0.120097 -0.123567 1.63771 -0.0848572 -0.487895 -0.173832 -0.614136 -0.0407732 0.248181 -0.727974 -1.77201 0.0151906 -0.309777 -0.0719101 -0.0532219 
0.0320008 0.0394696 -0.0298905 0.00231312 -0.0468108 0.00125049 -0.0199707 -0.0430236 -0.00127649 0.019327 -0.0236906 0.0383849 0.127037 -0.0496113 0.120097 -0.123567 1.63771 -0.0848572 -0.487895 -0.17383 -0.614081 -0.0406489 0.259535 -0.727381 -1.77835 0.0145367 -0.309769 -0.0718813 -0.0531262 
0.0319924 0.0394837 -0.0298905 0.00231686 -0.0468108 0.00125049 -0.0199902 -0.0430236 -0.00127912 0.019327 -0.0236906 0.0383849 0.127034 -0.0496094 0.120097 -0.123566 1.63771 -0.0848584 -0.487895 -0.173831 -0.613992 -0.0405817 0.271881 -0.726468 -1.78502 0.0138068 -0.309774 -0.0718 -0.0530926 
0.031976 0.0394837 -0.0298905 0.00231312 -0.0468108 0.00125049 -0.0199928 -0.043018 -0.00127912 0.019327 -0.0236906 0.0383849 0.127032 -0.0496113 0.120095 -0.123566 1.63771 -0.0848572 -0.487895 -0.173831 -0.613921 -0.0405569 0.282426 -0.725614 -1.79036 0.0131099 -0.309777 -0.0717402 -0.0530866 
0.0319731 0.0394837 -0.0298905 0.00231312 -0.0468121 0.00124809 -0.0199983 -0.0430208 -0.00128174 0.019327 -0.023688 0.0383896 0.127037 -0.0496113 0.120097 -0.123567 1.63771 -0.0848572 -0.487895 -0.173831 -0.613881 -0.0405397 0.292696 -0.724853 -1.79524 0.0123395 -0.309774 -0.0717282 -0.0530723 
0.0319536 0.0394837 -0.0298905 0.00231312 -0.0468121 0.00124809 -0.0200288 -0.0430236 -0.00128174 0.019327 -0.023688 0.0383896 0.127037 -0.0496113 0.120098 -0.123566 1.63771 -0.0848582 -0.487895 -0.173831 -0.613858 -0.0405369 0.30374 -0.723884 -1.80026 0.011623 -0.309772 -0.0716983 -0.0530675 
0.0319371 0.0394837 -0.0298905 0.00231312 -0.0468121 0.00124809 -0.0200567 -0.043018 -0.00128174 0.019327 -0.023688 0.0383896 0.127034 -0.0496113 0.120098 -0.123567 1.63771 -0.0848582 -0.487895 -0.173831 -0.613827 -0.0405204 0.313109 -0.722788 -1.80413 0.0111219 -0.309774 -0.071636 -0.0530939 
0.0319259 0.0394753 -0.0298905 0.00231312 -0.0468121 0.00124809 -0.0200677 -0.043018 -0.00129294 0.019327 -0.023688 0.0383896 0.127034 -0.0496113 0.120097 -0.123567 1.63771 -0.0848584 -0.487895 -0.173832 -0.613789 -0.0404639 0.323257 -0.721566 -1.80822 0.0104885 -0.309774 -0.0716062 -0.0531297 
0.0319371 0.0394753 -0.0298905 0.00231312 -0.0468121 0.00124809 -0.0200706 -0.043018 -0.00129867 0.019327 -0.023688 0.0383896 0.127037 -0.0496113 0.120098 -0.123567 1.63771 -0.0848582 -0.487895 -0.173831 -0.61376 -0.040405 0.332865 -0.720442 -1.81192 0.00985241 -0.309772 -0.0716097 -0.0531321 
0.0319536 0.0394753 -0.0298905 0.00231312 -0.0468121 0.00124809 -0.0200706 -0.0430208 -0.00130129 0.019327 -0.023688 0.0383896 0.127037 -0.0496113 0.120098 -0.123567 1.63771 -0.0848584 -0.487895 -0.173832 -0.613719 -0.0403779 0.340879 -0.719355 -1.81464 0.00940251 -0.309772 -0.0716002 -0.0531429 
0.0319815 0.0394641 -0.0298905 0.00231312 -0.0468121 0.00124321 -0.0200732 -0.0430208 -0.00130129 0.019327 -0.023688 0.0383896 0.127034 -0.0496113 0.1201 -0.123566 1.63771 -0.0848582 -0.487895 -0.173831 -0.613659 -0.0403757 0.349285 -0.718097 -1.81702 0.00890207 -0.309774 -0.0715834 -0.053162 
0.0320258 0.0394558 -0.0298905 0.00231312 -0.0468121 0.00124321 -0.0200732 -0.0430236 -0.00130701 0.019327 -0.023688 0.0383896 0.127034 -0.0496113 0.1201 -0.123566 1.63771 -0.0848584 -0.487895 -0.173832 -0.613609 -0.0403757 0.356411 -0.717091 -1.81867 0.00835276 -0.309773 -0.071563 -0.0531716 
0.0320675 0.0394504 -0.0298905 0.00231312 -0.0468121 0.00124321 -0.0200732 -0.0430236 -0.00130701 0.019327 -0.023688 0.0383896 0.127034 -0.0496113 0.120097 -0.123567 1.63771 -0.0848584 -0.487895 -0.173831 -0.613566 -0.0403757 0.363125 -0.716121 -1.82004 0.00778699 -0.309773 -0.0715439 -0.0531597 
0.0321035 0.0394585 -0.0298905 0.00231312 -0.0468121 0.00124321 -0.0200899 -0.0430236 -0.00130701 0.019327 -0.023688 0.0383896 0.127034 -0.0496113 0.120098 -0.123567 1.63771 -0.0848584 -0.487895 -0.173831 -0.613516 -0.0403757 0.370105 -0.71501 -1.82126 0.00719178 -0.309773 -0.0714542 -0.0531453 
0.0321064 0.0394615 -0.0298905 0.00231312 -0.0468121 0.00124321 -0.0201149 -0.0430236 -0.00131249 0.019327 -0.023688 0.0383896 0.127034 -0.0496099 0.120097 -0.123568 1.63771 -0.0848572 -0.487895 -0.173832 -0.613461 -0.0403757 0.375872 -0.71404 -1.82204 0.00671279 -0.309774 -0.0713573 -0.0531429 
0.0321035 0.0394615 -0.0298905 0.00231312 -0.0468147 0.00123842 -0.0201454 -0.0430236 -0.00131249 0.019327 -0.023688 0.0383896 0.127034 -0.0496113 0.1201 -0.123567 1.63771 -0.0848584 -0.487895 -0.173831 -0.613413 -0.0403757 0.381094 -0.713182 -1.82259 0.00628185 -0.309774 -0.071259 -0.0531429 
0.0320647 0.0394753 -0.0298905 0.00231312 -0.0468186 0.00123122 -0.0201759 -0.0430208 -0.00131249 0.019327 -0.023688 0.0383896 0.127034 -0.0496099 0.1201 -0.123567 1.63771 -0.0848584 -0.487895 -0.173831 -0.613379 -0.0403738 0.386414 -0.712324 -1.82303 0.00587106 -0.309773 -0.0711489 -0.0531381 
0.0320425 0.0394779 -0.0298905 0.00231312 -0.046825 0.00121923 -0.0202119 -0.0430236 -0.00132084 0.019327 -0.023688 0.0383896 0.127034 -0.0496113 0.120098 -0.123567 1.63771 -0.0848582 -0.487895 -0.173831 -0.613358 -0.0403657 0.39063 -0.711642 -1.82335 0.00549698 -0.309773 -0.07107 -0.0531358 
0.0320203 0.0395001 -0.0298905 0.00230565 -0.0468289 0.00121699 -0.0202451 -0.0430042 -0.00132084 0.019327 -0.023688 0.0383896 0.127034 -0.0496113 0.1201 -0.123567 1.63771 -0.0848584 -0.487895 -0.173831 -0.613342 -0.0403562 0.394312 -0.711015 -1.82361 0.00516427 -0.309774 -0.0709887 -0.0531393 
0.0320008 0.0395142 -0.0298905 0.00230565 -0.0468315 0.00121212 -0.0202813 -0.043018 -0.00132084 0.019327 -0.023688 0.0383896 0.127034 -0.0496113 0.1201 -0.123566 1.63771 -0.0848582 -0.487895 -0.173831 -0.613325 -0.0403516 0.397954 -0.710452 -1.82382 0.00480783 -0.309773 -0.0709108 -0.0531453 
0.0319924 0.0395224 -0.0298905 0.00230565 -0.0468354 0.00120492 -0.0203035 -0.043018 -0.00132608 0.019327 -0.023688 0.0383896 0.127034 -0.0496099 0.1201 -0.123567 1.63771 -0.0848584 -0.487895 -0.173832 -0.613315 -0.0403502 0.400697 -0.710096 -1.82395 0.00449038 -0.309774 -0.0708666 -0.0531573 
0.0319786 0.039528 -0.0298905 0.00230565 -0.0468367 0.00120252 -0.0203285 -0.0429987 -0.00132608 0.019327 -0.023688 0.0383896 0.127034 -0.0496113 0.1201 -0.123567 1.63771 -0.0848582 -0.487895 -0.173831 -0.613307 -0.0403492 0.403341 -0.709795 -1.82407 0.00420475 -0.309774 -0.070821 -0.0531597 
0.0319731 0.039528 -0.0298905 0.00230565 -0.0468367 0.00120252 -0.0203478 -0.0430042 -0.00132608 0.019327 -0.023688 0.0383896 0.127034 -0.0496113 0.1201 -0.123567 1.63771 -0.0848584 -0.487895 -0.173831 -0.613301 -0.0403492 0.405348 -0.709596 -1.82415 0.00404251 -0.309774 -0.0707121 -0.053162 
0.0319731 0.0395418 -0.0298905 0.00230565 -0.0468367 0.00120252 -0.020359 -0.0430069 -0.00132608 0.019327 -0.023688 0.0383896 0.127034 -0.0496113 0.1201 -0.123567 1.63771 -0.0848584 -0.487895 -0.173831 -0.613294 -0.0403485 0.407078 -0.709439 -1.8242 0.00392461 -0.309774 -0.0704834 -0.0531513 
0.0319731 0.0395502 -0.0298905 0.00230192 -0.0468367 0.00120252 -0.0203838 -0.0430098 -0.00132918 0.019327 -0.023688 0.0383896 0.127034 -0.0496113 0.1201 -0.123567 1.63771 -0.0848582 -0.487896 -0.173831 -0.613288 -0.0403502 0.408679 -0.709282 -1.82424 0.00381124 -0.309774 -0.070067 -0.0531226 
0.0319619 0.0395529 -0.0298905 0.00230192 -0.0468367 0.00120252 -0.0203979 -0.0430069 -0.00132918 0.019327 -0.023688 0.0383896 0.127034 -0.0496118 0.1201 -0.123567 1.63771 -0.0848584 -0.487895 -0.173832 -0.613278 -0.0403502 0.409862 -0.709168 -1.82428 0.00372624 -0.309774 -0.0695645 -0.053101 
0.0319343 0.0395558 -0.0298905 0.00230192 -0.0468367 0.00120252 -0.0204091 -0.0430042 -0.00133181 0.019327 -0.023688 0.0383896 0.127034 -0.0496113 0.1201 -0.123567 1.63771 -0.0848584 -0.487895 -0.173831 -0.613272 -0.0403502 0.41087 -0.709087 -1.82432 0.00368178 -0.309774 -0.0689936 -0.0530759 
0.0319204 0.0395862 -0.0298905 0.00230192 -0.0468367 0.00120252 -0.0204201 -0.0430042 -0.00133181 0.019327 -0.023688 0.0383896 0.127034 -0.0496125 0.1201 -0.123567 1.63771 -0.0848584 -0.487895 -0.17383 -0.613269 -0.0403502 0.411845 -0.709015 -1.82434 0.00365424 -0.309774 -0.0683354 -0.0530568 
0.0319011 0.0396167 -0.0298905 0.00230565 -0.0468367 0.00120252 -0.0204256 -0.0429987 -0.00133467 0.019327 -0.0236867 0.0383872 0.127034 -0.0496113 0.1201 -0.123567 1.63771 -0.0848584 -0.487895 -0.173831 -0.613267 -0.0403502 0.41258 -0.70897 -1.82435 0.00361514 -0.309774 -0.0678231 -0.0530484 
0.0318954 0.0396167 -0.0298905 0.00230565 -0.0468367 0.00120252 -0.0204282 -0.0429987 -0.00134015 0.019327 -0.0236867 0.0383872 0.127034 -0.0496113 0.1201 -0.123566 1.63771 -0.0848582 -0.487895 -0.173831 -0.613264 -0.0403502 0.413229 -0.708956 -1.82437 0.00356638 -0.309774 -0.0674281 -0.0530364 
0.0318871 0.039625 -0.0298932 0.00230565 -0.0468367 0.00120252 -0.0204282 -0.0429987 -0.00134015 0.019327 -0.0236867 0.0383872 0.127034 -0.0496113 0.1201 -0.123567 1.63771 -0.0848584 -0.487895 -0.173832 -0.613264 -0.0403502 0.413885 -0.708952 -1.82438 0.00351453 -0.309774 -0.0671003 -0.0530316 
0.0318844 0.039625 -0.0298905 0.00230565 -0.0468367 0.00120252 -0.0204282 -0.0429987 -0.00135136 0.019327 -0.0236867 0.0383872 0.127034 -0.0496118 0.120101 -0.123566 1.63771 -0.0848584 -0.487895 -0.173832 -0.613262 -0.0403485 0.414429 -0.70895 -1.82438 0.00346506 -0.309775 -0.0668658 -0.0530304 
0.0318899 0.0396167 -0.0298905 0.00230565 -0.0468367 0.00120252 -0.0204229 -0.0429987 -0.00135684 0.019327 -0.0236867 0.0383872 0.127037 -0.0496113 0.120101 -0.123567 1.63771 -0.0848582 -0.487895 -0.173831 -0.613262 -0.0404406 0.415014 -0.70894 -1.82439 0.00342715 -0.309775 -0.0667293 -0.0530484 
0.0319011 0.0396167 -0.0298932 0.00230565 -0.0468367 0.00120252 -0.0204201 -0.0429987 -0.00135946 0.019327 -0.0236867 0.0383872 0.127034 -0.0496113 0.120102 -0.123567 1.63771 -0.0848596 -0.487895 -0.173831 -0.613262 -0.0406094 0.415517 -0.708932 -1.82439 0.003371 -0.309774 -0.0667017 -0.0530531 
0.0319121 0.0396167 -0.0298905 0.00230565 -0.0468367 0.00120252 -0.0204144 -0.0430069 -0.00136518 0.019327 -0.0236867 0.0383872 0.127034 -0.0496113 0.120101 -0.123567 1.63771 -0.0848582 -0.487895 -0.173831 -0.613263 -0.0408745 0.415979 -0.70893 -1.82439 0.00323546 -0.309774 -0.0667006 -0.05304 
0.0319259 0.0396194 -0.0298905 0.00230565 -0.0468367 0.00120252 -0.0204117 -0.0430042 -0.00136518 0.019327 -0.0236867 0.0383872 0.127034 -0.0496113 0.120101 -0.123567 1.63771 -0.0848584 -0.487895 -0.173831 -0.613265 -0.0412736 0.416367 -0.708931 -1.82439 0.00316906 -0.309775 -0.0666718 -0.0530268 
0.0319204 0.039625 -0.0298905 0.00230565 -0.0468367 0.00120252 -0.0204201 -0.0430042 -0.00136518 0.019327 -0.0236867 0.0383872 0.127034 -0.0496113 0.120102 -0.123567 1.63771 -0.0848584 -0.487896 -0.173831 -0.613266 -0.0416627 0.416591 -0.708932 -1.8244 0.00315809 -0.309777 -0.0664983 -0.05304 
0.0318954 0.039625 -0.0298905 0.00230565 -0.0468367 0.00120252 -0.0204256 -0.0430042 -0.00136518 0.019327 -0.0236867 0.0383872 0.127034 -0.0496113 0.120101 -0.123567 1.63771 -0.0848572 -0.487895 -0.173831 -0.613266 -0.0420732 0.416665 -0.708923 -1.82432 0.00315738 -0.309776 -0.0661812 -0.0531656 
0.0318706 0.0396334 -0.0298905 0.00230565 -0.046838 0.00120012 -0.0204394 -0.0429987 -0.00136518 0.019327 -0.0236867 0.0383872 0.127034 -0.0496113 0.120101 -0.123567 1.63771 -0.0848584 -0.487895 -0.173831 -0.613264 -0.0425799 0.416319 -0.708894 -1.82371 0.00315571 -0.309776 -0.0657694 -0.0534528 
0.0318511 0.0396557 -0.0298905 0.00230565 -0.0468341 0.00120732 -0.0204422 -0.0429987 -0.00136781 0.019327 -0.0236867 0.0383872 0.127034 -0.0496113 0.120101 -0.123567 1.63771 -0.0848582 -0.487895 -0.173832 -0.613263 -0.0430927 0.415501 -0.708884 -1.82266 0.00314701 -0.309775 -0.0654559 -0.0538083 
0.0318344 0.0396668 -0.0298905 0.00230565 -0.046838 0.00120012 -0.0204504 -0.0429987 -0.00137353 0.019327 -0.0236867 0.0383872 0.127032 -0.0496113 0.120102 -0.123566 1.63771 -0.0848582 -0.487895 -0.173831 -0.613262 -0.0437469 0.413881 -0.708884 -1.82091 0.00313246 -0.309775 -0.0652776 -0.0543852 
0.0318289 0.0396721 -0.0298932 0.00230565 -0.0468367 0.00120252 -0.0204535 -0.0429987 -0.00137353 0.019327 -0.0236867 0.0383872 0.127034 -0.0496113 0.120106 -0.123566 1.63771 -0.0848584 -0.487895 -0.173831 -0.613266 -0.0443482 0.411837 -0.708882 -1.81883 0.00312579 -0.309775 -0.0651987 -0.0550278 
0.0318232 0.0396862 -0.0298905 0.00230565 -0.0468432 0.00119053 -0.0204535 -0.0429987 -0.00137353 0.019327 -0.0236867 0.0383872 0.127034 -0.0496118 0.120106 -0.123567 1.63771 -0.0848584 -0.487895 -0.173831 -0.613271 -0.0449402 0.40916 -0.708877 -1.81634 0.00312209 -0.309776 -0.0651735 -0.0556262 
0.0318179 0.0397084 -0.0298905 0.00230565 -0.0468445 0.00118813 -0.0204535 -0.0429987 -0.00137353 0.019327 -0.0236867 0.0383872 0.127037 -0.0496137 0.120106 -0.123567 1.63771 -0.0848572 -0.487895 -0.173831 -0.613271 -0.0456421 0.405403 -0.708872 -1.81279 0.00311899 -0.309774 -0.0651687 -0.0562042 
0.0318093 0.0397084 -0.0298905 0.00230565 -0.0468445 0.00118813 -0.0204535 -0.0429931 -0.00137353 0.019327 -0.0236867 0.0383872 0.127037 -0.0496118 0.120104 -0.123566 1.63771 -0.0848572 -0.487895 -0.173831 -0.613271 -0.0463514 0.401285 -0.70887 -1.80886 0.00311041 -0.309775 -0.0651723 -0.0566638 
0.0318041 0.0397084 -0.0298905 0.00230565 -0.0468445 0.00118813 -0.0204535 -0.0430069 -0.00137353 0.019327 -0.0236867 0.0383872 0.127034 -0.0496118 0.120106 -0.123566 1.63771 -0.0848584 -0.487895 -0.173831 -0.613272 -0.0471709 0.396366 -0.708867 -1.80435 0.00310016 -0.309776 -0.065171 -0.0570779 
0.03179 0.0397167 -0.0298905 0.00230565 -0.0468445 0.00118813 -0.0204589 -0.0429958 -0.00137353 0.019327 -0.0236867 0.0383872 0.127032 -0.0496113 0.120106 -0.123567 1.63771 -0.0848584 -0.487895 -0.173831 -0.613272 -0.0482395 0.390027 -0.708864 -1.79871 0.00310194 -0.309775 -0.0650467 -0.0575291 
0.0317788 0.0397195 -0.0298905 0.00230565 -0.0468445 0.00118813 -0.0204589 -0.0429987 -0.00137353 0.019327 -0.0236867 0.0383872 0.127032 -0.0496113 0.120106 -0.123567 1.63771 -0.0848584 -0.487895 -0.173831 -0.613269 -0.0491896 0.383737 -0.708851 -1.79324 0.00310314 -0.309774 -0.0648168 -0.0579264 
0.031765 0.0397249 -0.0298905 0.00230565 -0.0468445 0.00118813 -0.0204589 -0.0429987 -0.00137353 0.019327 -0.0236841 0.0383824 0.127034 -0.0496113 0.120106 -0.123567 1.63771 -0.0848582 -0.487895 -0.173832 -0.613267 -0.050303 0.375111 -0.708845 -1.78579 0.00310254 -0.309772 -0.0644673 -0.0585858 
0.0317566 0.0397249 -0.0298905 0.00230565 -0.046847 0.00119295 -0.0204589 -0.0429987 -0.00137353 0.019327 -0.0236828 0.03838 0.127034 -0.0496113 0.120106 -0.123568 1.63771 -0.0848572 -0.487895 -0.173831 -0.613276 -0.0511577 0.367603 -0.7089 -1.77918 0.00308669 -0.309773 -0.0641992 -0.0593075 
0.0317512 0.0397444 -0.0298905 0.00230565 -0.046838 0.0011761 -0.0204618 -0.0429987 -0.00137901 0.019327 -0.0236828 0.03838 0.127034 -0.0496113 0.120108 -0.123567 1.63771 -0.0848584 -0.487895 -0.17383 -0.613279 -0.0519419 0.359479 -0.70904 -1.7721 0.00308371 -0.309774 -0.0640857 -0.060071 
0.0317457 0.0397693 -0.0298905 0.00230565 -0.0468354 0.00117128 -0.0204589 -0.0430042 -0.00138998 0.019327 -0.0236815 0.0383776 0.127034 -0.0496113 0.120108 -0.123567 1.63771 -0.0848582 -0.487895 -0.173831 -0.613279 -0.0527391 0.349607 -0.709388 -1.76347 0.00307393 -0.309772 -0.0640485 -0.0609314 
0.031754 0.0397693 -0.0298932 0.00230565 -0.0468354 0.00117128 -0.0204589 -0.0430069 -0.00139284 0.0193307 -0.0236815 0.0383776 0.127034 -0.0496113 0.120112 -0.123567 1.63771 -0.0848584 -0.487895 -0.173831 -0.613278 -0.0534778 0.340115 -0.709884 -1.75519 0.0030458 -0.309772 -0.064045 -0.0615969 
0.0317566 0.0397776 -0.0298932 0.00230565 -0.0468341 0.00116888 -0.0204589 -0.0430069 -0.00139284 0.0193307 -0.0236815 0.0383776 0.127032 -0.0496113 0.120117 -0.123566 1.63771 -0.0848584 -0.487895 -0.173831 -0.613279 -0.0542672 0.329808 -0.710543 -1.74641 0.00303292 -0.309772 -0.064045 -0.0621378 
0.0317566 0.0397832 -0.0298932 0.00230565 -0.0468341 0.00116888 -0.0204535 -0.0430069 -0.00139284 0.0193307 -0.0236815 0.0383776 0.127034 -0.0496118 0.120117 -0.123567 1.63771 -0.0848584 -0.487895 -0.173831 -0.613279 -0.0553329 0.317455 -0.711473 -1.73594 0.00302625 -0.309772 -0.0640413 -0.0627781 
0.0317566 0.0397887 -0.0298932 0.00230565 -0.0468354 0.00117128 -0.0204504 -0.0429987 -0.00139284 0.0193307 -0.0236815 0.0383776 0.127039 -0.0496137 0.120117 -0.123567 1.63771 -0.0848584 -0.487895 -0.173831 -0.613287 -0.0564864 0.305722 -0.712461 -1.72625 0.00302625 -0.309772 -0.064045 -0.0632616 
0.0317566 0.0398082 -0.0298932 0.00230565 -0.0468354 0.00117128 -0.0204535 -0.0429931 -0.00139284 0.0193307 -0.0236815 0.0383776 0.127037 -0.0496125 0.120118 -0.123567 1.63771 -0.0848584 -0.487895 -0.173831 -0.6133 -0.0577812 0.291942 -0.71362 -1.71498 0.00302863 -0.309771 -0.0640413 -0.0638157 
0.0317566 0.0398138 -0.0298932 0.00230565 -0.0468354 0.00117128 -0.0204535 -0.0429987 -0.00139284 0.0193307 -0.0236815 0.0383776 0.127037 -0.0496125 0.12012 -0.123567 1.63771 -0.0848584 -0.487895 -0.173831 -0.613301 -0.0588701 0.279248 -0.714614 -1.70466 0.00302625 -0.309772 -0.0640461 -0.0642489 
0.0317566 0.039822 -0.0298932 0.00230565 -0.0468367 0.00117369 -0.0204504 -0.0429987 -0.0013957 0.0193307 -0.0236815 0.0383776 0.127034 -0.0496125 0.120118 -0.123566 1.63771 -0.0848584 -0.487895 -0.173831 -0.6133 -0.0599837 0.266058 -0.715715 -1.69405 0.00302625 -0.309771 -0.0640413 -0.0647216 
0.0317512 0.0398138 -0.029896 0.00230565 -0.046838 0.0011761 -0.0204504 -0.0429847 -0.0013957 0.0193307 -0.0236815 0.0383776 0.127034 -0.0496118 0.12012 -0.123566 1.63771 -0.0848584 -0.487895 -0.173831 -0.613302 -0.0611358 0.25079 -0.717004 -1.68187 0.00302863 -0.30977 -0.0640377 -0.0653775 
0.0317373 0.039822 -0.0298932 0.00230565 -0.046838 0.0011761 -0.0204589 -0.0429903 -0.0013957 0.0193307 -0.0236815 0.0383776 0.127034 -0.0496118 0.120118 -0.123567 1.63771 -0.0848584 -0.487895 -0.173831 -0.613309 -0.0620544 0.236916 -0.718029 -1.67065 0.00302804 -0.30977 -0.0640293 -0.0660584 
0.0317206 0.0398303 -0.029896 0.00230565 -0.046838 0.0011761 -0.0204589 -0.0429903 -0.0013957 0.0193307 -0.0236815 0.0383776 0.127037 -0.0496137 0.12012 -0.123567 1.63771 -0.0848584 -0.487895 -0.173831 -0.613305 -0.0629017 0.22267 -0.71906 -1.6592 0.00302625 -0.309772 -0.0640174 -0.0667262 
0.0317178 0.0398525 -0.029896 0.00230565 -0.046838 0.0011761 -0.0204535 -0.0429847 -0.0013957 0.0193307 -0.0236828 0.03838 0.127039 -0.0496137 0.12012 -0.123566 1.63771 -0.0848584 -0.487895 -0.17383 -0.613296 -0.0638361 0.206275 -0.720347 -1.64585 0.00302255 -0.309772 -0.0640149 -0.0672708 
0.031729 0.0398608 -0.029896 0.00230565 -0.046838 0.0011761 -0.0204477 -0.0429792 -0.00139832 0.0193307 -0.0236828 0.03838 0.127039 -0.0496125 0.120123 -0.123567 1.63771 -0.0848572 -0.487895 -0.173831 -0.613303 -0.0645881 0.191382 -0.721481 -1.63371 0.00301778 -0.309771 -0.0640186 -0.0675831 
0.0317373 0.0398636 -0.029896 0.00230565 -0.046838 0.0011761 -0.0204339 -0.0429765 -0.0013957 0.0193307 -0.0236828 0.03838 0.127034 -0.0496125 0.120123 -0.123567 1.63771 -0.0848572 -0.487895 -0.173831 -0.613313 -0.065351 0.17408 -0.722603 -1.62 0.00301278 -0.309772 -0.0640115 -0.0677997 
0.0317318 0.0398636 -0.0298932 0.00230565 -0.046838 0.0011761 -0.0204229 -0.0429682 -0.0013957 0.0193307 -0.0236828 0.03838 0.127034 -0.0496118 0.120123 -0.123567 1.63771 -0.0848584 -0.487895 -0.17383 -0.613315 -0.0660906 0.158352 -0.723515 -1.60765 0.00301278 -0.309777 -0.0640126 -0.0680032 
0.0317373 0.0398636 -0.029896 0.00230565 -0.046838 0.0011761 -0.0204144 -0.0429709 -0.0013957 0.0193307 -0.0236828 0.03838 0.127034 -0.0496113 0.120123 -0.123567 1.63771 -0.0848572 -0.487895 -0.173832 -0.613315 -0.0668874 0.14244 -0.724345 -1.59538 0.00302148 -0.309773 -0.0640149 -0.068233 
0.0317402 0.0398498 -0.0298932 0.00230565 -0.0468406 0.00118091 -0.0204091 -0.0429903 -0.0013957 0.0193307 -0.0236828 0.03838 0.127034 -0.0496125 0.120124 -0.123566 1.63771 -0.0848606 -0.487895 -0.173831 -0.613319 -0.067759 0.124194 -0.725065 -1.58155 0.00302148 -0.309773 -0.0640103 -0.0685573 
0.0317566 0.0398498 -0.029896 0.00230565 -0.0468406 0.00118091 -0.0204034 -0.0429847 -0.00139832 0.0193307 -0.0236828 0.03838 0.127037 -0.0496137 0.120123 -0.123567 1.63771 -0.0848596 -0.487895 -0.17383 -0.613318 -0.0684705 0.107911 -0.725524 -1.56928 0.00302863 -0.309772 -0.0640067 -0.0688481 
0.0317984 0.0398525 -0.029896 0.00230565 -0.0468406 0.00118091 -0.0203979 -0.0429903 -0.00139832 0.0193307 -0.0236828 0.03838 0.127039 -0.0496137 0.120123 -0.123567 1.63771 -0.0848582 -0.487895 -0.173831 -0.613315 -0.0690804 0.091466 -0.725885 -1.55716 0.00303113 -0.309772 -0.0640018 -0.068975 
0.0318427 0.0398666 -0.0298932 0.00230565 -0.0468431 0.00118565 -0.0203896 -0.0429987 -0.00139832 0.0193307 -0.0236828 0.03838 0.127037 -0.0496125 0.120123 -0.123567 1.63771 -0.0848582 -0.487895 -0.173831 -0.613315 -0.0696995 0.0728872 -0.726196 -1.5435 0.00303292 -0.309772 -0.0640018 -0.069018 
0.0318565 0.0398693 -0.029896 0.00230565 -0.0468445 0.00118813 -0.0203896 -0.0429765 -0.00139832 0.0193307 -0.0236828 0.03838 0.127034 -0.0496125 0.120123 -0.123568 1.63771 -0.0848582 -0.487895 -0.173831 -0.613327 -0.0702643 0.0562689 -0.72638 -1.53139 0.00303113 -0.309772 -0.0640007 -0.0690169 
0.0318594 0.0398666 -0.029896 0.00230565 -0.0468445 0.00118813 -0.0203812 -0.0429709 -0.00139832 0.0193307 -0.0236828 0.03838 0.127034 -0.0496118 0.120125 -0.123567 1.63771 -0.0848596 -0.487895 -0.173832 -0.613336 -0.070878 0.0395446 -0.726505 -1.51939 0.00303423 -0.309773 -0.0640007 -0.0690204 
0.0318623 0.0398608 -0.029896 0.00230565 -0.0468445 0.00118813 -0.020359 -0.0429765 -0.0013957 0.0193307 -0.0236828 0.03838 0.127034 -0.0496113 0.120125 -0.123567 1.63771 -0.0848582 -0.487895 -0.173832 -0.613338 -0.0715923 0.0205495 -0.726591 -1.50596 0.00303423 -0.309772 -0.0639958 -0.0690228 
0.0318761 0.0398552 -0.0298932 0.00230565 -0.0468445 0.00118813 -0.0203507 -0.042982 -0.0013957 0.0193307 -0.0236815 0.0383823 0.127034 -0.0496137 0.120125 -0.123567 1.63771 -0.0848584 -0.487895 -0.17383 -0.613331 -0.0721743 0.00359082 -0.726636 -1.49418 0.00303793 -0.30977 -0.0639839 -0.069036 
0.0319066 0.0398636 -0.0298932 0.00230565 -0.0468445 0.00118813 -0.0203452 -0.0429931 -0.0013957 0.0193307 -0.0236815 0.0383823 0.127034 -0.0496118 0.120125 -0.123567 1.63771 -0.0848584 -0.487895 -0.173832 -0.613329 -0.0726779 -0.0154407 -0.726698 -1.48134 0.003039 -0.30977 -0.0639647 -0.0690515 
0.0319259 0.0398693 -0.0298932 0.00230565 -0.0468445 0.00118813 -0.020323 -0.0429931 -0.0013957 0.0193307 -0.0236815 0.0383823 0.127037 -0.0496137 0.120126 -0.123567 1.63771 -0.0848572 -0.487895 -0.173831 -0.613327 -0.0729856 -0.0322254 -0.726784 -1.47017 0.00304031 -0.309772 -0.0639503 -0.0690563 
0.0319481 0.0398747 -0.0298932 0.00230565 -0.046847 0.00119295 -0.020309 -0.0429903 -0.00139832 0.0193307 -0.0236828 0.0383847 0.127037 -0.0496137 0.120125 -0.123567 1.63771 -0.0848584 -0.487895 -0.173831 -0.613333 -0.0732436 -0.0491168 -0.726877 -1.45927 0.00304031 -0.309772 -0.0639552 -0.0690563 
0.0319593 0.0398804 -0.0298932 0.00230565 -0.0468483 0.00119535 -0.0203063 -0.0429765 -0.0013957 0.0193307 -0.0236828 0.0383847 0.127034 -0.0496118 0.120126 -0.123567 1.63771 -0.0848584 -0.487895 -0.173831 -0.613338 -0.0735607 -0.0681226 -0.726989 -1.4471 0.00303972 -0.309773 -0.0639528 -0.0690396 
0.0319593 0.0398804 -0.029896 0.00230565 -0.0468483 0.00119535 -0.0203063 -0.0429765 -0.00139832 0.0193307 -0.0236841 0.0383824 0.127034 -0.0496118 0.120125 -0.123567 1.63771 -0.0848584 -0.487895 -0.173832 -0.613298 -0.0738404 -0.0849359 -0.727041 -1.43633 0.0030421 -0.309773 -0.0639503 -0.0690204 
0.0319593 0.0398804 -0.029896 0.00230565 -0.0468483 0.00119535 -0.020298 -0.0429765 -0.0013957 0.019327 -0.0236841 0.0383824 0.127034 -0.0496125 0.120126 -0.123568 1.63771 -0.0848582 -0.487895 -0.173831 -0.613229 -0.0740921 -0.101766 -0.72705 -1.42561 0.003039 -0.309773 -0.0639457 -0.0689845 
0.0319481 0.0398693 -0.029896 0.00230565 -0.0468483 0.00119535 -0.020309 -0.0429682 -0.0013957 0.019327 -0.0236841 0.0383824 0.127034 -0.0496118 0.120125 -0.123566 1.63771 -0.0848584 -0.487895 -0.173831 -0.613134 -0.0743313 -0.120478 -0.727052 -1.41352 0.0030427 -0.309773 -0.0639457 -0.068975 
0.0319481 0.0398693 -0.029896 0.00230565 -0.0468445 0.00118813 -0.0203173 -0.0429709 -0.00139832 0.019327 -0.0236841 0.0383824 0.127037 -0.0496118 0.120126 -0.123567 1.63771 -0.0848584 -0.487895 -0.173831 -0.61304 -0.0744593 -0.136899 -0.72705 -1.40286 0.00304139 -0.309772 -0.0639443 -0.0689713 
0.0319481 0.0398693 -0.029896 0.00230565 -0.0468445 0.00118813 -0.0203173 -0.0429958 -0.00139832 0.019327 -0.0236841 0.0383824 0.127037 -0.0496113 0.120126 -0.123567 1.63771 -0.0848584 -0.487895 -0.17383 -0.612948 -0.0744777 -0.153254 -0.727063 -1.39225 0.00304139 -0.309774 -0.0639275 -0.0689773 
0.0319397 0.0398831 -0.0298986 0.00230565 -0.0468445 0.00118813 -0.0203285 -0.0429847 -0.00139832 0.019327 -0.0236841 0.0383824 0.127034 -0.0496118 0.120125 -0.123568 1.63771 -0.0848582 -0.487895 -0.173832 -0.612875 -0.074542 -0.171508 -0.727069 -1.38051 0.00304031 -0.309777 -0.0639096 -0.0689833 
0.031951 0.0398915 -0.0298986 0.00230565 -0.0468445 0.00118813 -0.0203202 -0.0429709 -0.0013957 0.019327 -0.0236841 0.0383824 0.127037 -0.0496113 0.120125 -0.123567 1.63771 -0.0848584 -0.487895 -0.173831 -0.612815 -0.0746469 -0.187582 -0.727051 -1.37026 0.003039 -0.309777 -0.0639096 -0.068975 
0.0319426 0.0398915 -0.0298986 0.00230565 -0.0468445 0.00118813 -0.020334 -0.0429682 -0.0013957 0.019327 -0.0236841 0.0383824 0.127034 -0.0496113 0.120125 -0.123567 1.63771 -0.0848582 -0.487895 -0.173832 -0.612686 -0.0747461 -0.205651 -0.726725 -1.35878 0.00303972 -0.309775 -0.0639085 -0.0689713 
0.0318983 0.0398804 -0.0299044 0.00230565 -0.0468419 0.00118332 -0.0203674 -0.0429682 -0.00139284 0.0193232 -0.0236841 0.0383824 0.127034 -0.0496125 0.120126 -0.123566 1.63771 -0.0848582 -0.487895 -0.173831 -0.612589 -0.0748625 -0.221491 -0.726074 -1.34884 0.00303793 -0.309778 -0.0639061 -0.0690539 
0.0318706 0.0398747 -0.0299044 0.00230565 -0.0468419 0.00118332 -0.0203896 -0.0429765 -0.00139284 0.0193232 -0.0236841 0.0383824 0.127037 -0.0496137 0.120125 -0.123567 1.63771 -0.0848584 -0.487895 -0.173831 -0.612552 -0.0749784 -0.237225 -0.725287 -1.33896 0.003039 -0.309778 -0.0639061 -0.0691605 
0.0318675 0.0398693 -0.0299044 0.00230565 -0.0468419 0.00118332 -0.0204034 -0.0429792 -0.00139284 0.0193232 -0.0236841 0.0383824 0.127037 -0.0496125 0.120126 -0.123567 1.63771 -0.0848584 -0.487895 -0.173831 -0.612533 -0.0750468 -0.254628 -0.724195 -1.32799 0.00303793 -0.309777 -0.0639001 -0.069188 
0.0318594 0.0398693 -0.0299044 0.00230565 -0.0468419 0.00118332 -0.0204117 -0.0429765 -0.00139284 0.0193232 -0.0236841 0.0383824 0.127034 -0.0496125 0.120126 -0.123567 1.63771 -0.0848582 -0.487896 -0.173832 -0.612529 -0.0751133 -0.269773 -0.722938 -1.3184 0.00303793 -0.309777 -0.0638822 -0.0691975 
0.0318594 0.0398693 -0.0299044 0.00230565 -0.0468419 0.00118332 -0.0204117 -0.0429792 -0.00139284 0.0193232 -0.0236841 0.0383824 0.127034 -0.0496118 0.120126 -0.123567 1.63771 -0.0848606 -0.487895 -0.173831 -0.612529 -0.0751901 -0.28661 -0.721339 -1.30786 0.00303793 -0.309777 -0.0638797 -0.0692012 
0.0318594 0.0398693 -0.0299044 0.00230565 -0.0468419 0.00118332 -0.0204144 -0.0429709 -0.00139284 0.0193232 -0.0236841 0.0383824 0.127034 -0.0496125 0.120125 -0.123566 1.63771 -0.0848584 -0.487895 -0.173832 -0.612529 -0.0753348 -0.303184 -0.719384 -1.29751 0.00304031 -0.309778 -0.0638751 -0.0691975 
0.0318594 0.0398693 -0.0299044 0.00230565 -0.0468419 0.00118332 -0.0204229 -0.0429765 -0.00139284 0.0193232 -0.0236867 0.0383777 0.127037 -0.0496125 0.120126 -0.123566 1.63771 -0.0848584 -0.487895 -0.17383 -0.612527 -0.0755115 -0.317751 -0.717411 -1.28842 0.003039 -0.309778 -0.0638702 -0.0691867 
0.0318565 0.0398693 -0.0299044 0.00230565 -0.0468419 0.00118332 -0.0204282 -0.0429765 -0.00139284 0.0193232 -0.0236867 0.0383777 0.127037 -0.0496125 0.120125 -0.123566 1.63771 -0.0848582 -0.487895 -0.173831 -0.612491 -0.0756726 -0.331965 -0.715182 -1.27949 0.00304031 -0.309776 -0.0638654 -0.0691928 
0.0318565 0.0398552 -0.0299044 0.00230565 -0.0468419 0.00118332 -0.0204394 -0.0429765 -0.00138998 0.0193232 -0.0236867 0.0383777 0.127037 -0.0496125 0.120126 -0.123567 1.63771 -0.0848582 -0.487895 -0.173831 -0.612453 -0.0757868 -0.347677 -0.712423 -1.26953 0.003039 -0.309777 -0.0638428 -0.0692167 
0.0318565 0.0398552 -0.0299044 0.00230565 -0.0468406 0.00118091 -0.0204422 -0.0429765 -0.00138998 0.0193232 -0.0236867 0.0383777 0.127037 -0.0496125 0.120125 -0.123567 1.63771 -0.0848572 -0.487895 -0.173831 -0.612434 -0.0758634 -0.361278 -0.709846 -1.26086 0.00304139 -0.309772 -0.0638272 -0.0692251 
0.0318565 0.0398552 -0.0299044 0.00230565 -0.0468406 0.00118091 -0.0204422 -0.0429847 -0.00138998 0.0193232 -0.0236867 0.0383777 0.127034 -0.0496118 0.120126 -0.123567 1.63771 -0.0848582 -0.487895 -0.173831 -0.612421 -0.0758851 -0.376324 -0.706773 -1.2515 0.00304031 -0.309777 -0.0638187 -0.0692347 
0.0318565 0.0398552 -0.0298986 0.00230565 -0.0468406 0.00118091 -0.0204477 -0.0429792 -0.00138998 0.0193232 -0.0236867 0.0383777 0.127034 -0.0496118 0.120126 -0.123567 1.63771 -0.0848584 -0.487896 -0.17383 -0.612416 -0.0758929 -0.389467 -0.703847 -1.24356 0.0030477 -0.309778 -0.0638032 -0.0692335 
0.0318565 0.0398498 -0.0298986 0.00230565 -0.0468406 0.00118091 -0.0204504 -0.0429765 -0.0013845 0.0193232 -0.0236867 0.0383777 0.127034 -0.0496125 0.120126 -0.123567 1.63771 -0.0848584 -0.487896 -0.173831 -0.612397 -0.0759177 -0.40221 -0.700764 -1.23601 0.00304878 -0.309777 -0.0638044 -0.0692335 
0.0318511 0.0398303 -0.0299044 0.00230565 -0.0468406 0.00118091 -0.0204618 -0.0429792 -0.00138164 0.0193232 -0.0236867 0.0383777 0.127034 -0.0496113 0.120126 -0.123567 1.63771 -0.0848582 -0.487895 -0.173831 -0.61236 -0.0759254 -0.416276 -0.697063 -1.22803 0.00305438 -0.309776 -0.0638008 -0.0692335 
0.0318372 0.0398276 -0.0298986 0.00230565 -0.0468406 0.00118091 -0.0204866 -0.0429792 -0.00138164 0.0193232 -0.0236867 0.0383777 0.127034 -0.0496125 0.120123 -0.123567 1.63771 -0.0848582 -0.487895 -0.173832 -0.612299 -0.0759282 -0.42838 -0.693641 -1.22141 0.00305796 -0.309777 -0.0637959 -0.0692263 
0.0318289 0.039822 -0.0298986 0.00230565 -0.0468406 0.00118091 -0.0205004 -0.0429847 -0.00137901 0.0193232 -0.0236867 0.0383777 0.127037 -0.0496118 0.120123 -0.123567 1.63771 -0.0848584 -0.487895 -0.173832 -0.612242 -0.0759468 -0.44026 -0.690163 -1.21504 0.00305915 -0.309777 -0.0637923 -0.0692251 
0.0318289 0.0398165 -0.0298986 0.00230565 -0.0468406 0.00118091 -0.0205033 -0.0429847 -0.00137901 0.0193232 -0.0236867 0.0383777 0.127034 -0.0496118 0.120123 -0.123567 1.63771 -0.0848584 -0.487895 -0.173831 -0.61221 -0.0759773 -0.453178 -0.686348 -1.20835 0.00306356 -0.309773 -0.0637864 -0.069231 
0.0318232 0.0398165 -0.029896 0.00230565 -0.0468406 0.00118091 -0.0205116 -0.0429847 -0.00137353 0.0193232 -0.0236867 0.0383777 0.127037 -0.0496118 0.120123 -0.123567 1.63771 -0.0848584 -0.487895 -0.173831 -0.612175 -0.0759838 -0.464209 -0.68304 -1.20279 0.00306463 -0.309774 -0.063784 -0.0692287 
0.0318179 0.0398138 -0.0298986 0.00230565 -0.0468406 0.00118091 -0.0205116 -0.0429987 -0.00137353 0.0193158 -0.0236867 0.0383777 0.127034 -0.0496113 0.120123 -0.123566 1.63771 -0.0848582 -0.487895 -0.173831 -0.612129 -0.0759871 -0.474988 -0.679741 -1.19768 0.00306225 -0.309776 -0.0637636 -0.069237 
0.0318232 0.0398165 -0.029896 0.00230565 -0.0468406 0.00118091 -0.0205142 -0.0429903 -0.00137353 0.0193158 -0.0236867 0.0383777 0.127034 -0.0496113 0.120123 -0.123567 1.63771 -0.0848584 -0.487895 -0.173831 -0.6121 -0.0759969 -0.486624 -0.676131 -1.19234 0.00307131 -0.309774 -0.0637505 -0.069237 
0.0318289 0.0398248 -0.029896 0.00230565 -0.0468406 0.00118091 -0.0205171 -0.0429847 -0.00137353 0.0193158 -0.0236867 0.0383777 0.127034 -0.0496125 0.120123 -0.123567 1.63771 -0.0848582 -0.487895 -0.173831 -0.612068 -0.0759974 -0.496483 -0.672978 -1.18809 0.0030781 -0.309774 -0.0637445 -0.069237 
0.0318289 0.0398165 -0.029896 0.00230565 -0.0468406 0.00118091 -0.02052 -0.0429847 -0.00137067 0.0193158 -0.0236867 0.0383777 0.127039 -0.0496137 0.120122 -0.123568 1.63771 -0.0848565 -0.487896 -0.173832 -0.612012 -0.0760045 -0.507228 -0.669479 -1.18385 0.0030781 -0.309774 -0.0637445 -0.069249 
0.0318289 0.0397916 -0.0298905 0.00230565 -0.0468406 0.00118091 -0.0205255 -0.0429847 -0.00135398 0.0193158 -0.0236867 0.0383777 0.127037 -0.0496125 0.120123 -0.123568 1.63771 -0.0848572 -0.487895 -0.173831 -0.611971 -0.0760128 -0.516393 -0.666452 -1.1805 0.00309396 -0.309774 -0.0637254 -0.0692598 
0.0318289 0.0397887 -0.0298848 0.00230565 -0.0468406 0.00118091 -0.0205283 -0.0429931 -0.00135136 0.0193158 -0.0236867 0.0383777 0.127034 -0.0496118 0.120122 -0.123566 1.63771 -0.0848584 -0.487895 -0.173831 -0.611931 -0.0760145 -0.525073 -0.663592 -1.17767 0.00312817 -0.309773 -0.0637194 -0.0692717 
0.0318232 0.0397389 -0.0298848 0.00230565 -0.0468419 0.00118332 -0.0205309 -0.0429931 -0.00135136 0.0193158 -0.0236867 0.0383777 0.127032 -0.0496125 0.12012 -0.123566 1.63771 -0.0848582 -0.487895 -0.17383 -0.611892 -0.0760155 -0.534422 -0.660635 -1.17524 0.00314593 -0.309774 -0.0637182 -0.069267 
0.0318205 0.0397167 -0.0298848 0.00230565 -0.0468431 0.00118565 -0.0205309 -0.0429958 -0.00134563 0.0193158 -0.0236867 0.0383777 0.127032 -0.0496137 0.120115 -0.123566 1.63771 -0.0848582 -0.487895 -0.173831 -0.611867 -0.0760145 -0.542388 -0.658206 -1.17366 0.00318432 -0.309774 -0.0637218 -0.0692561 
0.0318151 0.0396862 -0.0298822 0.00230565 -0.0468445 0.00118813 -0.0205338 -0.0429958 -0.00134563 0.0193158 -0.0236867 0.0383777 0.127032 -0.0496125 0.12011 -0.123566 1.63771 -0.0848606 -0.487896 -0.17383 -0.611844 -0.0760145 -0.549883 -0.655914 -1.1724 0.00328195 -0.309774 -0.0637171 -0.0692622 
0.0318093 0.0396721 -0.0298822 0.00230565 -0.0468432 0.00119053 -0.0205338 -0.0429958 -0.00134301 0.0193158 -0.0236867 0.0383777 0.127032 -0.0496125 0.120103 -0.123566 1.63771 -0.0848584 -0.487896 -0.173831 -0.61183 -0.0760145 -0.557783 -0.653642 -1.17122 0.00335276 -0.309773 -0.0637112 -0.069261 
0.0317955 0.0396721 -0.0298822 0.00230565 -0.0468458 0.00119535 -0.0205421 -0.0429958 -0.00134301 0.0193158 -0.0236867 0.0383777 0.127034 -0.0496137 0.120101 -0.123567 1.63771 -0.0848584 -0.487895 -0.173832 -0.611821 -0.0760145 -0.564294 -0.651752 -1.17033 0.0033778 -0.309774 -0.0637112 -0.0692502 
0.03179 0.0396668 -0.0298822 0.00230565 -0.0468458 0.00119535 -0.0205531 -0.0429987 -0.00134015 0.0193158 -0.0236867 0.0383777 0.127032 -0.0496125 0.120101 -0.123567 1.63771 -0.0848582 -0.487895 -0.17383 -0.611792 -0.0760155 -0.570415 -0.650095 -1.16954 0.00338268 -0.309774 -0.063705 -0.069261 
0.03179 0.0396472 -0.0298822 0.00230565 -0.0468458 0.00120015 -0.0205588 -0.0429987 -0.00133467 0.0193158 -0.0236867 0.0383777 0.127032 -0.0496137 0.1201 -0.123567 1.63771 -0.0848584 -0.487895 -0.173831 -0.611749 -0.0760138 -0.576828 -0.648414 -1.16872 0.00338948 -0.309774 -0.0637075 -0.0692682 
0.03179 0.0396334 -0.0298793 0.00230565 -0.0468445 0.00120255 -0.0205588 -0.0429987 -0.00133181 0.0193158 -0.0236867 0.0383777 0.127032 -0.0496118 0.1201 -0.123567 1.63771 -0.0848582 -0.487895 -0.173831 -0.611701 -0.0760083 -0.582061 -0.647171 -1.16812 0.00344253 -0.309774 -0.063705 -0.0692873 
0.0317845 0.0396194 -0.0298793 0.00230565 -0.0468419 0.00120735 -0.0205588 -0.0429987 -0.00132608 0.0193158 -0.0236893 0.0383825 0.127032 -0.0496125 0.120098 -0.123566 1.63771 -0.0848584 -0.487895 -0.173831 -0.611658 -0.0759988 -0.586945 -0.646188 -1.16764 0.00356209 -0.309775 -0.0636966 -0.069304 
0.0317845 0.0396029 -0.0298793 0.00230565 -0.0468419 0.00120735 -0.0205588 -0.0430042 -0.00132084 0.0193158 -0.0236893 0.0383825 0.127034 -0.0496125 0.120095 -0.123567 1.63771 -0.0848584 -0.487896 -0.173831 -0.611635 -0.0759981 -0.592023 -0.645266 -1.16725 0.00371706 -0.309774 -0.0637003 -0.0693077 
0.0317845 0.0395918 -0.0298793 0.00230565 -0.0468406 0.00120974 -0.0205588 -0.0430042 -0.00131249 0.0193158 -0.0236893 0.0383825 0.127034 -0.0496137 0.120094 -0.123566 1.63771 -0.0848584 -0.487895 -0.173831 -0.611614 -0.0759974 -0.596089 -0.644556 -1.16705 0.00381362 -0.309776 -0.0637014 -0.0693125 
0.03179 0.039589 -0.0298793 0.00230565 -0.0468393 0.00121214 -0.0205588 -0.0430042 -0.00129867 0.0193158 -0.0236906 0.0383849 0.127034 -0.0496137 0.120092 -0.123566 1.63771 -0.0848584 -0.487895 -0.17383 -0.61159 -0.0759981 -0.600236 -0.643851 -1.16692 0.0039326 -0.309776 -0.0637003 -0.06931 
0.0317845 0.039589 -0.0298793 0.00230192 -0.0468393 0.00121214 -0.0205643 -0.0430069 -0.00129008 0.0193158 -0.0236906 0.0383849 0.127032 -0.0496125 0.120091 -0.123566 1.63771 -0.0848584 -0.487895 -0.173831 -0.611577 -0.0759974 -0.603503 -0.643339 -1.16687 0.00403523 -0.309775 -0.0636954 -0.069304 
0.0317705 0.0395807 -0.0298793 0.00230192 -0.0468393 0.00121214 -0.0205669 -0.0430069 -0.00128174 0.0193158 -0.0236906 0.0383849 0.127032 -0.0496113 0.120089 -0.123566 1.63771 -0.0848584 -0.487895 -0.173831 -0.611573 -0.0759988 -0.606416 -0.642936 -1.16684 0.00409746 -0.309778 -0.0636954 -0.0692909 
0.0317428 0.0395862 -0.0298793 0.00229818 -0.046838 0.00121454 -0.0205727 -0.0429958 -0.00127912 0.0193158 -0.0236906 0.0383849 0.127032 -0.0496118 0.120087 -0.123566 1.63771 -0.0848582 -0.487895 -0.17383 -0.611562 -0.0759981 -0.609303 -0.642616 -1.16682 0.00414622 -0.309777 -0.0636944 -0.0692729 
0.0317152 0.0395862 -0.0298793 0.00229818 -0.046838 0.00121454 -0.0205727 -0.0430069 -0.00127339 0.0193158 -0.0236906 0.0383849 0.127032 -0.0496125 0.120082 -0.123566 1.63771 -0.0848584 -0.487895 -0.173831 -0.611555 -0.0759997 -0.611546 -0.642407 -1.16679 0.00418651 -0.309777 -0.0636919 -0.0692538 
0.0316985 0.0395862 -0.0298793 0.00229818 -0.046838 0.00121454 -0.020581 -0.0429987 -0.00127339 0.0193158 -0.0236906 0.0383849 0.127032 -0.0496125 0.120079 -0.123567 1.63771 -0.0848584 -0.487895 -0.173831 -0.611544 -0.0759988 -0.6135 -0.642265 -1.16676 0.00421154 -0.309777 -0.0636859 -0.069237 
0.0316846 0.0395862 -0.0298793 0.00229818 -0.046838 0.00121454 -0.0205836 -0.0429987 -0.00126791 0.0193158 -0.0236906 0.0383849 0.127032 -0.0496137 0.120079 -0.123566 1.63771 -0.0848582 -0.487895 -0.173831 -0.611537 -0.0759988 -0.615457 -0.642175 -1.1667 0.00423539 -0.309777 -0.0636787 -0.0692179 
0.0316734 0.0395807 -0.0298765 0.00229818 -0.0468367 0.00121213 -0.0205865 -0.0429958 -0.00126791 0.0193158 -0.0236919 0.0383825 0.127031 -0.0496125 0.120079 -0.123566 1.63771 -0.0848582 -0.487896 -0.173831 -0.611535 -0.0759974 -0.616949 -0.642109 -1.16665 0.00425482 -0.309778 -0.063668 -0.0692119 
0.0316734 0.039578 -0.0298765 0.00229818 -0.0468341 0.00120732 -0.0205836 -0.0429958 -0.00126243 0.0193158 -0.0236919 0.0383825 0.127031 -0.0496125 0.120079 -0.123566 1.63771 -0.0848596 -0.487895 -0.173832 -0.611534 -0.0759974 -0.618284 -0.642052 -1.16663 0.00427008 -0.309778 -0.0636692 -0.0692047 
0.0316653 0.039578 -0.0298765 0.00229818 -0.0468354 0.00120492 -0.0205865 -0.0429931 -0.00125957 0.0193158 -0.0236919 0.0383825 0.127032 -0.0496137 0.120079 -0.123566 1.63771 -0.0848596 -0.487895 -0.173831 -0.611533 -0.0759974 -0.61957 -0.64198 -1.16661 0.00428045 -0.309777 -0.0636692 -0.0692322 
0.0316596 0.039578 -0.0298765 0.00229818 -0.0468354 0.00120492 -0.0205922 -0.0429987 -0.00125957 0.0193158 -0.0236919 0.0383825 0.127032 -0.0496137 0.120079 -0.123566 1.63771 -0.0848584 -0.487895 -0.173831 -0.611527 -0.0759974 -0.620618 -0.641928 -1.1666 0.00428414 -0.309777 -0.063668 -0.0692956 
0.0316541 0.0395807 -0.0298765 0.00229818 -0.046838 0.00120012 -0.0205922 -0.0429987 -0.00125957 0.0193158 -0.0236919 0.0383825 0.127032 -0.0496137 0.120079 -0.123566 1.63771 -0.0848582 -0.487895 -0.173831 -0.611527 -0.0759969 -0.621509 -0.641898 -1.1666 0.00429082 -0.309778 -0.063668 -0.0693125 
0.0316458 0.0395807 -0.0298765 0.00229818 -0.046838 0.00120012 -0.0205975 -0.0429987 -0.00125408 0.0193158 -0.0236919 0.0383825 0.127032 -0.0496125 0.120078 -0.123566 1.63771 -0.0848584 -0.487895 -0.173831 -0.611526 -0.0759974 -0.62224 -0.641876 -1.16659 0.00429213 -0.309777 -0.063668 -0.0693184 
0.0316401 0.039589 -0.0298765 0.00229818 -0.046838 0.00120012 -0.0206032 -0.0429987 -0.0012486 0.0193158 -0.0236932 0.0383802 0.127032 -0.0496118 0.120078 -0.123566 1.63771 -0.0848584 -0.487895 -0.173831 -0.611527 -0.0759981 -0.622924 -0.64185 -1.16659 0.00429213 -0.309777 -0.0636667 -0.0693184 
0.0316374 0.0395751 -0.0298765 0.00229818 -0.0468458 0.00121457 -0.0206032 -0.0429987 -0.00124311 0.0193158 -0.0236932 0.0383802 0.127032 -0.0496113 0.120077 -0.123566 1.63771 -0.0848582 -0.487895 -0.17383 -0.611526 -0.0759974 -0.623605 -0.641817 -1.16658 0.00432205 -0.309777 -0.0636692 -0.06931 
0.0316348 0.039564 -0.0298765 0.00229818 -0.0468419 0.00122176 -0.0206058 -0.0429987 -0.00122905 0.0193158 -0.0236932 0.0383802 0.127032 -0.0496137 0.120076 -0.123566 1.63771 -0.0848596 -0.487895 -0.173831 -0.611527 -0.0759974 -0.624134 -0.641802 -1.16658 0.00435436 -0.309778 -0.063668 -0.06931 
0.0316348 0.0395529 -0.0298765 0.00229818 -0.0468432 0.00122417 -0.0206113 -0.0429987 -0.00121522 0.0193158 -0.0236932 0.0383802 0.127032 -0.0496125 0.120075 -0.123566 1.63771 -0.0848582 -0.487895 -0.173831 -0.611519 -0.0759974 -0.624588 -0.641802 -1.16658 0.00448382 -0.309777 -0.0636716 -0.0693244 
0.0316348 0.0395335 -0.0298765 0.00229818 -0.0468432 0.00122417 -0.0206113 -0.0429903 -0.0012126 0.0193158 -0.0236932 0.0383802 0.127032 -0.0496113 0.120074 -0.123567 1.63771 -0.0848584 -0.487895 -0.173831 -0.611517 -0.0759974 -0.624977 -0.641746 -1.16657 0.004637 -0.309777 -0.0636607 -0.0693687 
0.0316401 0.0395253 -0.0298765 0.00229818 -0.0468406 0.00122897 -0.0206113 -0.0429903 -0.00120974 0.0193158 -0.0236932 0.0383802 0.127032 -0.0496118 0.120074 -0.123566 1.63771 -0.0848584 -0.487896 -0.173831 -0.611517 -0.0759981 -0.625204 -0.641671 -1.16657 0.00468028 -0.309777 -0.0636631 -0.0694632 
0.0316458 0.0395253 -0.029871 0.00229818 -0.0468406 0.00122897 -0.0206113 -0.0429931 -0.00120687 0.0193158 -0.0236932 0.0383802 0.127032 -0.0496118 0.120074 -0.123566 1.63771 -0.0848582 -0.487895 -0.173831 -0.611517 -0.0759988 -0.625329 -0.641613 -1.1666 0.00468707 -0.309777 -0.0636607 -0.0695806 
0.0316458 0.0395253 -0.0298765 0.00229818 -0.0468406 0.00122897 -0.0206113 -0.0429987 -0.00120687 0.0193158 -0.0236932 0.0383802 0.127031 -0.0496125 0.120072 -0.123566 1.63771 -0.0848584 -0.487895 -0.173831 -0.611517 -0.0759981 -0.625035 -0.641757 -1.16702 0.00468767 -0.309777 -0.0636595 -0.0696595 
0.0316458 0.0395253 -0.0298765 0.00229818 -0.0468406 0.00122897 -0.020617 -0.0429987 -0.00120687 0.0193158 -0.0236932 0.0383802 0.127031 -0.0496125 0.120073 -0.123566 1.63771 -0.0848582 -0.487895 -0.173831 -0.611517 -0.0759988 -0.624227 -0.642153 -1.16784 0.00469005 -0.309777 -0.0636607 -0.0697026 
0.0316458 0.0395224 -0.0298765 0.00229818 -0.0468406 0.00122897 -0.0206113 -0.0429987 -0.00120139 0.0193158 -0.0236932 0.0383802 0.127032 -0.0496118 0.120072 -0.123566 1.63771 -0.0848584 -0.487895 -0.173832 -0.611517 -0.0759988 -0.622732 -0.642909 -1.16924 0.00469077 -0.309775 -0.0636548 -0.0697253 
0.0316458 0.0395031 -0.029871 0.00229818 -0.0468406 0.00122897 -0.0206113 -0.0429987 -0.00120139 0.0193158 -0.0236932 0.0383802 0.127031 -0.0496125 0.120072 -0.123566 1.63771 -0.0848572 -0.487895 -0.173831 -0.611517 -0.0759969 -0.620897 -0.643817 -1.17084 0.00468946 -0.309777 -0.0636524 -0.0697564 
0.0316458 0.0395031 -0.029871 0.00229818 -0.0468406 0.00122897 -0.020617 -0.0429987 -0.00119853 0.0193158 -0.0236957 0.0383755 0.127031 -0.0496118 0.120072 -0.123565 1.63771 -0.0848584 -0.487895 -0.173831 -0.611517 -0.0759952 -0.618563 -0.64503 -1.1727 0.00469792 -0.309777 -0.0636488 -0.0697672 
0.0316458 0.0395001 -0.029871 0.00229818 -0.0468406 0.00122897 -0.0206113 -0.0429987 -0.00119853 0.0193158 -0.0236957 0.0383755 0.127031 -0.0496113 0.120072 -0.123565 1.63771 -0.0848584 -0.487895 -0.173832 -0.611516 -0.075985 -0.615273 -0.646718 -1.17506 0.00470591 -0.309777 -0.0636333 -0.0697612 
0.0316401 0.0395001 -0.0298765 0.00229818 -0.0468406 0.00122897 -0.0206113 -0.0429987 -0.00119853 0.0193158 -0.0236957 0.0383755 0.127032 -0.0496125 0.120072 -0.123565 1.63771 -0.0848606 -0.487895 -0.17383 -0.611517 -0.0759795 -0.611803 -0.648442 -1.17752 0.00471199 -0.309776 -0.063607 -0.0697648 
0.0316348 0.0395001 -0.0298765 0.00229818 -0.0468406 0.00122897 -0.0206254 -0.0429847 -0.00119591 0.0193158 -0.0236957 0.0383755 0.127032 -0.0496137 0.120073 -0.123566 1.63771 -0.0848596 -0.487895 -0.173831 -0.611517 -0.0759795 -0.607803 -0.650471 -1.18049 0.00471389 -0.309776 -0.0635506 -0.0697756 
0.0316262 0.0394975 -0.0298765 0.00229818 -0.0468406 0.00122897 -0.0206308 -0.0429958 -0.00119042 0.0193158 -0.0236957 0.0383755 0.127034 -0.0496125 0.120071 -0.123566 1.63771 -0.0848572 -0.487895 -0.173831 -0.611516 -0.0759795 -0.602635 -0.652917 -1.18423 0.00471389 -0.309778 -0.0634298 -0.0697852 
0.0316262 0.0394975 -0.0298765 0.00229818 -0.0468406 0.00122897 -0.0206337 -0.0430042 -0.00119042 0.0193158 -0.0236957 0.0383755 0.127031 -0.0496125 0.120072 -0.123566 1.63771 -0.0848582 -0.487895 -0.173831 -0.611516 -0.0759785 -0.597504 -0.655267 -1.18775 0.00471568 -0.309777 -0.0633137 -0.0697852 
0.0316236 0.0394948 -0.029871 0.00229818 -0.0468406 0.00122897 -0.0206337 -0.0429987 -0.00119042 0.0193158 -0.0236958 0.0383755 0.127031 -0.0496118 0.120072 -0.123566 1.63771 -0.0848584 -0.487896 -0.173831 -0.611516 -0.0759811 -0.591166 -0.658206 -1.19206 0.00471759 -0.309774 -0.063175 -0.069772 
0.0316236 0.0394948 -0.0298765 0.00229818 -0.0468406 0.00122897 -0.0206337 -0.0429987 -0.00119042 0.0193158 -0.023697 0.0383731 0.127032 -0.0496113 0.120072 -0.123565 1.63771 -0.0848606 -0.487895 -0.17383 -0.611517 -0.0759811 -0.585033 -0.660932 -1.19615 0.00471938 -0.309777 -0.0630205 -0.0697672 
0.0316236 0.039489 -0.029871 0.00229818 -0.0468393 0.00122656 -0.0206337 -0.0429987 -0.00119042 0.0193158 -0.023697 0.0383731 0.127031 -0.0496113 0.120071 -0.123566 1.63771 -0.0848584 -0.487895 -0.17383 -0.611523 -0.0759785 -0.578418 -0.663723 -1.20038 0.00471759 -0.309778 -0.0628841 -0.0697445 
0.0316262 0.0394779 -0.0298765 0.00229818 -0.0468367 0.00122175 -0.0206337 -0.0429987 -0.00118208 0.0193158 -0.023697 0.0383731 0.127032 -0.0496118 0.120071 -0.123566 1.63771 -0.0848584 -0.487895 -0.173831 -0.611576 -0.0759871 -0.570397 -0.667106 -1.20545 0.00472474 -0.309775 -0.0627979 -0.0697157 
0.0316262 0.0394779 -0.0298765 0.00229818 -0.0468367 0.00122175 -0.0206308 -0.0429847 -0.00118208 0.0193158 -0.023697 0.0383731 0.127034 -0.0496118 0.120071 -0.123566 1.63771 -0.0848572 -0.487895 -0.173831 -0.611656 -0.0759866 -0.562715 -0.670228 -1.21023 0.00472736 -0.309778 -0.0627332 -0.0697098 
0.0316262 0.0394726 -0.0298765 0.00229818 -0.0468367 0.00122175 -0.0206337 -0.0429987 -0.00118208 0.0193158 -0.023697 0.0383731 0.127034 -0.0496118 0.120071 -0.123566 1.63771 -0.0848584 -0.487895 -0.173831 -0.611754 -0.0759866 -0.554703 -0.673377 -1.21524 0.00472915 -0.309778 -0.0626926 -0.0697098 
0.0316401 0.0394726 -0.0298765 0.00229818 -0.0468367 0.00122175 -0.0206337 -0.0429987 -0.00117636 0.0193158 -0.023697 0.0383731 0.127032 -0.0496118 0.120071 -0.123566 1.63771 -0.0848584 -0.487895 -0.173832 -0.611881 -0.0759969 -0.545191 -0.677075 -1.22119 0.00472736 -0.309778 -0.0626854 -0.0697062 
0.0316458 0.0394726 -0.0298765 0.00229818 -0.0468367 0.00122175 -0.0206308 -0.0429903 -0.00118208 0.0193158 -0.023697 0.0383731 0.127031 -0.0496113 0.120071 -0.123566 1.63771 -0.0848596 -0.487895 -0.173831 -0.612005 -0.0759718 -0.536383 -0.680378 -1.22657 0.00473034 -0.309778 -0.0626794 -0.0696966 
0.0316401 0.0394726 -0.0298765 0.00229818 -0.0468367 0.00122175 -0.0206254 -0.0429903 -0.00117636 0.0193158 -0.023697 0.0383731 0.127032 -0.0496113 0.120071 -0.123566 1.63771 -0.0848584 -0.487895 -0.173831 -0.612156 -0.0758679 -0.526139 -0.68403 -1.23279 0.00472915 -0.309778 -0.0626745 -0.0696822 
0.0316374 0.0394726 -0.0298765 0.00229818 -0.0468367 0.00122175 -0.0206308 -0.0429903 -0.00117636 0.0193158 -0.023697 0.0383731 0.127032 -0.0496113 0.120071 -0.123566 1.63771 -0.0848584 -0.487895 -0.173831 -0.612306 -0.0756035 -0.516736 -0.687268 -1.23837 0.00472784 -0.309776 -0.0626745 -0.0696655 
0.0316401 0.0394696 -0.0298765 0.00229818 -0.0468367 0.00122175 -0.0206337 -0.0429847 -0.00117636 0.0193158 -0.023697 0.0383731 0.127032 -0.0496118 0.120071 -0.123566 1.63771 -0.0848582 -0.487895 -0.173831 -0.612462 -0.0752397 -0.507093 -0.690469 -1.24415 0.00473082 -0.309777 -0.0626699 -0.069663 
0.0316374 0.0394641 -0.0298765 0.00229818 -0.0468367 0.00122175 -0.0206308 -0.0429847 -0.00117636 0.0193158 -0.023697 0.0383731 0.127032 -0.0496113 0.12007 -0.123565 1.63771 -0.0848584 -0.487895 -0.17383 -0.612597 -0.0747623 -0.495925 -0.693989 -1.25079 0.00473082 -0.309779 -0.0626603 -0.0696619 
0.0316458 0.0394641 -0.029871 0.00229818 -0.0468367 0.00122175 -0.0206308 -0.0429931 -0.00117636 0.0193158 -0.023697 0.0383731 0.127032 -0.0496118 0.120071 -0.123566 1.63771 -0.0848596 -0.487895 -0.173831 -0.612624 -0.074199 -0.485759 -0.697164 -1.25673 0.00473034 -0.309777 -0.0626566 -0.0696571 
0.0316458 0.0394641 -0.029871 0.00229818 -0.0468367 0.00122175 -0.0206254 -0.0429987 -0.00117636 0.0193158 -0.023697 0.0383731 0.127031 -0.0496113 0.120071 -0.123566 1.63771 -0.0848596 -0.487895 -0.173831 -0.612632 -0.0735607 -0.475428 -0.700273 -1.26268 0.00473273 -0.309779 -0.062652 -0.0696619 
0.0316458 0.0394641 -0.0298765 0.00229818 -0.0468367 0.00122175 -0.0206254 -0.0429958 -0.00117636 0.0193158 -0.023697 0.0383731 0.127032 -0.0496125 0.12007 -0.123566 1.63771 -0.0848584 -0.487895 -0.173831 -0.612634 -0.0727966 -0.463566 -0.703757 -1.26932 0.00472915 -0.309778 -0.0626459 -0.069663 
0.0316458 0.0394696 -0.029871 0.00229818 -0.0468367 0.00122175 -0.0206254 -0.0429931 -0.00117636 0.0193158 -0.023697 0.0383731 0.127032 -0.0496137 0.12007 -0.123567 1.63771 -0.0848584 -0.487895 -0.17383 -0.612641 -0.0719793 -0.452859 -0.70685 -1.27535 0.00472665 -0.309775 -0.0626422 -0.0696571 
0.0316458 0.0394696 -0.029871 0.00229818 -0.0468367 0.00122175 -0.0206254 -0.0429958 -0.00117636 0.0193158 -0.023697 0.0383731 0.127034 -0.0496113 0.12007 -0.123566 1.63771 -0.0848582 -0.487895 -0.173831 -0.612653 -0.0709422 -0.440661 -0.710165 -1.28229 0.00472605 -0.309778 -0.0626352 -0.0696595 
0.0316458 0.0394641 -0.0298765 0.00229818 -0.0468367 0.00122175 -0.0206308 -0.0429958 -0.00118208 0.0193158 -0.023697 0.0383731 0.127031 -0.0496113 0.120071 -0.123566 1.63771 -0.0848584 -0.487895 -0.173831 -0.612654 -0.0699558 -0.429824 -0.713058 -1.28841 0.00471866 -0.309777 -0.0626316 -0.0696595 
0.0316458 0.0394641 -0.029871 0.00229818 -0.0468367 0.00122175 -0.0206308 -0.0429903 -0.00118208 0.0193158 -0.023697 0.0383731 0.127031 -0.0496113 0.120071 -0.123566 1.63771 -0.0848584 -0.487895 -0.173831 -0.612654 -0.0690036 -0.41898 -0.715795 -1.29459 0.00471389 -0.309773 -0.0626243 -0.0696404 
0.0316458 0.0394641 -0.0298765 0.00229818 -0.0468367 0.00122175 -0.0206254 -0.0429903 -0.0011847 0.0193158 -0.023697 0.0383731 0.127031 -0.0496113 0.120071 -0.123566 1.63771 -0.0848606 -0.487895 -0.173831 -0.612656 -0.0679832 -0.40663 -0.718683 -1.30149 0.00471091 -0.309774 -0.0626208 -0.06962 
0.0316458 0.0394641 -0.0298765 0.00229818 -0.0468367 0.00122175 -0.0206254 -0.0429903 -0.0011847 0.0193158 -0.023697 0.0383731 0.127032 -0.0496118 0.120071 -0.123566 1.63771 -0.0848584 -0.487895 -0.173831 -0.612655 -0.0669887 -0.395827 -0.721114 -1.30764 0.0047065 -0.309774 -0.0626197 -0.0696033 
0.0316458 0.0394696 -0.0298765 0.00229818 -0.0468367 0.00122175 -0.0206254 -0.0429847 -0.00118208 0.0193158 -0.023697 0.0383731 0.127032 -0.0496118 0.120071 -0.123566 1.63771 -0.0848582 -0.487895 -0.173831 -0.612656 -0.0657468 -0.383404 -0.723649 -1.31461 0.00470412 -0.309774 -0.0626172 -0.0695972 
0.0316458 0.0394726 -0.0298765 0.00229818 -0.0468393 0.00121695 -0.0206254 -0.0429847 -0.0011847 0.0193158 -0.023697 0.0383731 0.127032 -0.0496118 0.120071 -0.123566 1.63771 -0.0848582 -0.487895 -0.173832 -0.612657 -0.0644915 -0.371061 -0.725941 -1.32163 0.00470412 -0.309778 -0.0626124 -0.0695925 
0.0316291 0.0394753 -0.0298765 0.00229818 -0.0468406 0.00121455 -0.0206337 -0.0429847 -0.00118756 0.0193158 -0.023697 0.0383731 0.127032 -0.0496113 0.120071 -0.123565 1.63771 -0.0848584 -0.487895 -0.173831 -0.61266 -0.0631402 -0.35866 -0.728065 -1.3286 0.00470161 -0.309778 -0.0626135 -0.0695925 
0.0316262 0.0394726 -0.0298765 0.00229818 -0.0468406 0.00121455 -0.0206337 -0.0429847 -0.00119042 0.0193158 -0.023697 0.0383731 0.127031 -0.0496113 0.120071 -0.123566 1.63771 -0.0848584 -0.487895 -0.173832 -0.61266 -0.061929 -0.347649 -0.729813 -1.33493 0.00470114 -0.309779 -0.0626112 -0.0695972 
0.0316262 0.0394726 -0.0298765 0.00229818 -0.0468406 0.00121455 -0.0206227 -0.0429847 -0.00119042 0.0193158 -0.023697 0.0383731 0.127032 -0.0496113 0.120071 -0.123566 1.63771 -0.0848584 -0.487895 -0.173831 -0.61266 -0.0608442 -0.336815 -0.731456 -1.34142 0.00470161 -0.309774 -0.0626112 -0.0695984 
0.0316262 0.0394726 -0.0298765 0.00229818 -0.0468393 0.00121214 -0.0206113 -0.0429847 -0.00119042 0.0193158 -0.023697 0.0383731 0.127032 -0.0496118 0.120071 -0.123566 1.63771 -0.0848582 -0.487895 -0.173831 -0.612663 -0.0597782 -0.325984 -0.73296 -1.34796 0.00469792 -0.309775 -0.0626088 -0.0695997 
0.0316348 0.0394753 -0.029871 0.00229818 -0.0468393 0.00121214 -0.0206032 -0.0429847 -0.00119042 0.0193158 -0.023697 0.0383731 0.127032 -0.0496118 0.120071 -0.123566 1.63771 -0.0848572 -0.487895 -0.173831 -0.612664 -0.0584068 -0.31386 -0.734463 -1.35517 0.00469077 -0.30977 -0.0626088 -0.0696056 
0.0316458 0.0394753 -0.0298765 0.00229818 -0.0468393 0.00121214 -0.0205975 -0.0429847 -0.00119042 0.0193158 -0.023697 0.0383731 0.127032 -0.0496118 0.120071 -0.123567 1.63771 -0.0848584 -0.487895 -0.173831 -0.612664 -0.057164 -0.303177 -0.735751 -1.36149 0.00468028 -0.30977 -0.0626088 -0.0696368 
0.0316486 0.0394753 -0.029871 0.00229818 -0.0468393 0.00120734 -0.0205922 -0.0429931 -0.00119042 0.0193158 -0.023697 0.0383731 0.127031 -0.0496113 0.120071 -0.123566 1.63771 -0.0848584 -0.487895 -0.173831 -0.612667 -0.0556564 -0.291101 -0.736993 -1.36841 0.00466859 -0.309765 -0.0626088 -0.0697122 
0.0316541 0.0394753 -0.0298765 0.00229818 -0.0468393 0.00120734 -0.0205922 -0.0429792 -0.00119042 0.0193158 -0.023697 0.0383731 0.127032 -0.0496118 0.120071 -0.123566 1.63771 -0.0848596 -0.487895 -0.173831 -0.61267 -0.0541248 -0.280427 -0.737953 -1.37449 0.00465345 -0.309764 -0.0626075 -0.0698677 
0.0316596 0.0394753 -0.0298765 0.00229818 -0.0468393 0.00120734 -0.0205922 -0.042982 -0.00119042 0.0193158 -0.023697 0.0383731 0.127032 -0.0496118 0.120072 -0.123566 1.63771 -0.0848582 -0.487895 -0.173831 -0.612671 -0.0526268 -0.2698 -0.738795 -1.38065 0.00464368 -0.309765 -0.0626075 -0.0700125 
0.0316596 0.0394726 -0.0298765 0.00229818 -0.0468393 0.00120734 -0.0205836 -0.0429903 -0.00119853 0.0193158 -0.023697 0.0383731 0.127032 -0.0496118 0.120072 -0.123567 1.63771 -0.0848582 -0.487895 -0.173831 -0.612671 -0.0509601 -0.258019 -0.739604 -1.38744 0.0046376 -0.309762 -0.0626065 -0.0701909 
0.0316596 0.0394696 -0.029871 0.00229818 -0.0468393 0.00120734 -0.0205643 -0.0429765 -0.00120974 0.0193158 -0.023697 0.0383731 0.127032 -0.0496113 0.120072 -0.123566 1.63771 -0.0848572 -0.487895 -0.173831 -0.612673 -0.0495312 -0.247734 -0.740239 -1.3934 0.004637 -0.309761 -0.062604 -0.0702747 
0.0316596 0.0394696 -0.0298765 0.00229818 -0.0468367 0.00121213 -0.0205393 -0.0429847 -0.00121522 0.0193158 -0.023697 0.0383731 0.127032 -0.0496113 0.120074 -0.123566 1.63771 -0.0848596 -0.487895 -0.173832 -0.612676 -0.0480716 -0.236305 -0.74082 -1.40026 0.004637 -0.309761 -0.062604 -0.0703501 
0.0316679 0.0394615 -0.0298765 0.00229818 -0.0468315 0.00121212 -0.0205142 -0.0429847 -0.00121522 0.0193158 -0.023697 0.0383731 0.127031 -0.0496113 0.120072 -0.123567 1.63771 -0.0848596 -0.487895 -0.173831 -0.612677 -0.0468354 -0.226238 -0.7412 -1.40642 0.0046345 -0.309761 -0.0626016 -0.0705523 
0.0316985 0.0394558 -0.029871 0.00229818 -0.0468289 0.00121699 -0.0205004 -0.0429903 -0.00121522 0.0193158 -0.0236957 0.0383755 0.127032 -0.0496113 0.120073 -0.123566 1.63771 -0.0848584 -0.487895 -0.173831 -0.612676 -0.0456617 -0.216314 -0.74153 -1.41261 0.00463331 -0.309761 -0.0626004 -0.0706156 
0.0317373 0.0394474 -0.029871 0.00229818 -0.0468251 0.00122411 -0.0204895 -0.0429958 -0.00121522 0.0193158 -0.0236932 0.0383802 0.127032 -0.0496118 0.120072 -0.123566 1.63771 -0.0848582 -0.487895 -0.173832 -0.612677 -0.0444186 -0.205192 -0.741815 -1.4194 0.00463152 -0.309759 -0.062598 -0.0706552 
0.0317457 0.0394504 -0.029871 0.00229818 -0.0468251 0.00122411 -0.0204866 -0.0429847 -0.0012207 0.0193158 -0.0236932 0.0383802 0.127032 -0.0496113 0.120074 -0.123566 1.63771 -0.0848584 -0.487895 -0.173831 -0.612681 -0.0432737 -0.195363 -0.741955 -1.42527 0.00462592 -0.309761 -0.062598 -0.0706875 
0.0317512 0.0394504 -0.029871 0.00229818 -0.0468238 0.00122651 -0.0204756 -0.0429931 -0.00122643 0.0193158 -0.0236932 0.0383802 0.127032 -0.0496113 0.120074 -0.123567 1.63771 -0.0848584 -0.487895 -0.173831 -0.612684 -0.0421283 -0.185709 -0.742079 -1.43113 0.00462174 -0.309762 -0.0625874 -0.0706983 
0.0317428 0.0394474 -0.029871 0.00229818 -0.0468199 0.0012337 -0.0204477 -0.0429987 -0.00122905 0.0193158 -0.0236932 0.0383802 0.127032 -0.0496113 0.120074 -0.123567 1.63771 -0.0848584 -0.487895 -0.173831 -0.612684 -0.0409901 -0.175071 -0.742231 -1.43768 0.00461745 -0.309761 -0.0625812 -0.0706995 
0.0317402 0.0394474 -0.0298765 0.00229818 -0.046816 0.00123602 -0.0204229 -0.0429987 -0.00122905 0.0193232 -0.0236919 0.0383825 0.127032 -0.0496099 0.120074 -0.123566 1.63771 -0.0848584 -0.487895 -0.173831 -0.612684 -0.040113 -0.165815 -0.742391 -1.44342 0.00461745 -0.309761 -0.062567 -0.0706995 
0.0317428 0.0394474 -0.0298765 0.00229818 -0.0468095 0.00124801 -0.0204034 -0.0429987 -0.00122905 0.0193232 -0.0236919 0.0383825 0.127032 -0.0496113 0.120074 -0.123566 1.63771 -0.0848584 -0.487895 -0.173831 -0.612684 -0.0392425 -0.155698 -0.742574 -1.44981 0.00461674 -0.309762 -0.0625155 -0.0706911 
0.0317566 0.0394447 -0.0298765 0.00229818 -0.0468057 0.00125047 -0.020395 -0.0429987 -0.00122905 0.0193232 -0.0236919 0.0383825 0.127032 -0.0496113 0.120074 -0.123567 1.63771 -0.0848582 -0.487895 -0.173831 -0.612684 -0.0385911 -0.146783 -0.742737 -1.45544 0.00461566 -0.309762 -0.0624796 -0.0706911 
0.0317678 0.0394419 -0.0298765 0.00229818 -0.0468057 0.00125047 -0.0203896 -0.0429987 -0.00122905 0.0193232 -0.0236919 0.0383825 0.127034 -0.0496113 0.120074 -0.123567 1.63771 -0.0848584 -0.487895 -0.173831 -0.612684 -0.0380478 -0.137964 -0.742891 -1.46104 0.00461197 -0.309761 -0.0624628 -0.0706911 
0.0317788 0.0394419 -0.0298765 0.00229818 -0.0468057 0.00125047 -0.0203896 -0.0429903 -0.00122905 0.0193232 -0.0236919 0.0383825 0.127034 -0.0496113 0.120075 -0.123567 1.63771 -0.0848584 -0.487895 -0.173831 -0.612686 -0.0374672 -0.128198 -0.742968 -1.46729 0.00460398 -0.309762 -0.0624341 -0.0707079 
0.0317845 0.0394419 -0.0298765 0.00229818 -0.0468057 0.00125047 -0.0203812 -0.0429931 -0.00123477 0.0193232 -0.0236919 0.0383825 0.127034 -0.0496113 0.120074 -0.123566 1.63771 -0.0848584 -0.487895 -0.173832 -0.612687 -0.036922 -0.119592 -0.742988 -1.47272 0.00458992 -0.309761 -0.0624292 -0.0707306 
0.03179 0.0394419 -0.0298765 0.00229818 -0.0468057 0.00125047 -0.0203674 -0.0429958 -0.00123477 0.0193232 -0.0236906 0.0383849 0.127034 -0.0496113 0.120074 -0.123566 1.63771 -0.0848582 -0.487895 -0.17383 -0.612687 -0.0363703 -0.111238 -0.743014 -1.47792 0.00455999 -0.309762 -0.0624232 -0.0707497 
0.03179 0.0394447 -0.0298765 0.00229818 -0.0468057 0.00125047 -0.0203478 -0.0429987 -0.00123739 0.0193232 -0.0236906 0.0383849 0.127034 -0.0496113 0.120074 -0.123566 1.63771 -0.0848584 -0.487895 -0.173831 -0.612687 -0.0357969 -0.102051 -0.743034 -1.48357 0.00454783 -0.309761 -0.0624197 -0.0707653 
0.0317926 0.0394474 -0.0298765 0.00229818 -0.0468057 0.00125047 -0.0203369 -0.0429931 -0.00123739 0.0193232 -0.0236906 0.0383849 0.127032 -0.0496113 0.120075 -0.123566 1.63771 -0.0848582 -0.487895 -0.173831 -0.612686 -0.035322 -0.0940764 -0.743042 -1.48831 0.00454414 -0.309762 -0.062415 -0.0707701 
0.0317926 0.0394447 -0.0298765 0.00229818 -0.0468057 0.00125047 -0.0203285 -0.0429931 -0.00123739 0.0193232 -0.0236906 0.0383849 0.127032 -0.0496113 0.120075 -0.123566 1.63771 -0.0848584 -0.487895 -0.173831 -0.612687 -0.0348499 -0.0853517 -0.743045 -1.49352 0.00454414 -0.309761 -0.062373 -0.0707342 
0.03179 0.0394447 -0.0298765 0.00229818 -0.0468057 0.00125047 -0.020323 -0.0429958 -0.00123739 0.0193232 -0.0236906 0.0383849 0.127032 -0.0496113 0.120074 -0.123567 1.63771 -0.0848606 -0.487895 -0.173831 -0.612687 -0.0345044 -0.0778022 -0.743053 -1.49811 0.00453937 -0.309761 -0.0622617 -0.0706911 
0.03179 0.0394419 -0.0298765 0.00229818 -0.0468057 0.00125047 -0.0203285 -0.0429987 -0.00123739 0.0193232 -0.0236906 0.0383849 0.127034 -0.0496113 0.120074 -0.123566 1.63771 -0.0848582 -0.487895 -0.173831 -0.612687 -0.0341985 -0.0703895 -0.743093 -1.50258 0.00452828 -0.309761 -0.0620667 -0.07066 
0.03179 0.0394419 -0.0298765 0.00229818 -0.0468057 0.00125047 -0.0203202 -0.0429987 -0.00124025 0.0193232 -0.0236906 0.0383849 0.127034 -0.0496113 0.120075 -0.123566 1.63771 -0.0848582 -0.487895 -0.173831 -0.612687 -0.0338986 -0.062252 -0.743123 -1.50747 0.00451982 -0.309759 -0.0618178 -0.0706516 
0.03179 0.0394419 -0.0298765 0.00229818 -0.0468057 0.00125047 -0.0203118 -0.0429987 -0.00124025 0.0193232 -0.023688 0.0383896 0.127034 -0.0496113 0.120075 -0.123566 1.63771 -0.0848584 -0.487895 -0.173832 -0.612687 -0.0336735 -0.055263 -0.743129 -1.51159 0.00451362 -0.309759 -0.061625 -0.0706265 
0.0317955 0.0394447 -0.0298765 0.00229818 -0.0468057 0.00125047 -0.020309 -0.0430042 -0.00124311 0.0193232 -0.023688 0.0383896 0.127034 -0.0496113 0.120074 -0.123566 1.63771 -0.0848584 -0.487895 -0.173831 -0.612687 -0.0334477 -0.047713 -0.743129 -1.5159 0.00445998 -0.309761 -0.0614587 -0.0705224 
0.0317984 0.0394447 -0.0298765 0.00229818 -0.0468057 0.00125047 -0.0203035 -0.0429987 -0.00124311 0.0193232 -0.023688 0.0383896 0.127034 -0.0496113 0.120075 -0.123566 1.63771 -0.0848584 -0.487896 -0.173831 -0.612687 -0.0332756 -0.0413029 -0.743141 -1.51959 0.00443435 -0.309761 -0.0613689 -0.0704638 
0.0317984 0.0394504 -0.0298765 0.00229818 -0.0468057 0.00125047 -0.0203035 -0.0430042 -0.0012486 0.0193232 -0.023688 0.0383896 0.127034 -0.0496113 0.120075 -0.123567 1.63771 -0.0848582 -0.487895 -0.173831 -0.612687 -0.0331254 -0.0351276 -0.743152 -1.52307 0.00441122 -0.309761 -0.0612696 -0.0704338 
0.0317984 0.0394504 -0.0298765 0.00229818 -0.0468057 0.00125047 -0.0203173 -0.0430069 -0.0012486 0.0193158 -0.023688 0.0383896 0.127034 -0.0496113 0.120075 -0.123567 1.63771 -0.0848582 -0.487895 -0.173831 -0.612687 -0.0329516 -0.0285606 -0.743158 -1.52663 0.00439274 -0.309761 -0.0611273 -0.0703991 
0.03179 0.0394558 -0.0298765 0.00229818 -0.0468057 0.00125047 -0.0203285 -0.0430098 -0.0012486 0.0193158 -0.023688 0.0383896 0.127034 -0.0496113 0.120075 -0.123566 1.63771 -0.0848582 -0.487895 -0.173831 -0.612687 -0.0328093 -0.0229676 -0.743159 -1.5296 0.00438976 -0.309761 -0.0609572 -0.0703452 
0.0317762 0.0394504 -0.0298765 0.00230192 -0.0468057 0.00125047 -0.0203424 -0.0430098 -0.0012486 0.0193158 -0.023688 0.0383896 0.127034 -0.0496113 0.120075 -0.123566 1.63771 -0.0848584 -0.487896 -0.173831 -0.612687 -0.0326734 -0.0169764 -0.74316 -1.53281 0.00435746 -0.309761 -0.0606977 -0.0702662 
0.0317678 0.0394504 -0.0298765 0.00230192 -0.0468057 0.00125047 -0.0203478 -0.0430098 -0.00125122 0.0193158 -0.023688 0.0383896 0.127034 -0.0496113 0.120075 -0.123566 1.63771 -0.0848584 -0.487895 -0.173832 -0.612687 -0.0325925 -0.0119655 -0.74316 -1.53536 0.004336 -0.309761 -0.0603888 -0.0701944 
0.0317705 0.0394504 -0.0298765 0.00230192 -0.0468057 0.00125047 -0.0203478 -0.0430098 -0.00125122 0.0193158 -0.023688 0.0383896 0.127034 -0.0496113 0.120075 -0.123566 1.63771 -0.0848584 -0.487895 -0.173831 -0.612687 -0.0325511 -0.00720096 -0.74316 -1.5375 0.00428545 -0.309761 -0.0600299 -0.0701442 
0.0317817 0.0394615 -0.0298765 0.00230192 -0.0468057 0.00125047 -0.0203507 -0.0430069 -0.00125957 0.0193158 -0.023688 0.0383896 0.127034 -0.0496113 0.120075 -0.123567 1.63771 -0.0848584 -0.487895 -0.17383 -0.612687 -0.032537 -0.00218368 -0.743159 -1.53931 0.00418591 -0.309761 -0.0596576 -0.0700915 
0.03179 0.0394641 -0.0298765 0.00230192 -0.0468057 0.00125047 -0.0203562 -0.0430069 -0.00125957 0.0193158 -0.023688 0.0383896 0.127034 -0.0496118 0.120075 -0.123566 1.63771 -0.0848582 -0.487895 -0.173831 -0.612687 -0.0325353 0.00245976 -0.743158 -1.54063 0.00405347 -0.309761 -0.0593249 -0.0700819 
0.0317984 0.0394641 -0.0298765 0.00230192 -0.0468057 0.00125047 -0.0203729 -0.0430069 -0.00125957 0.0193158 -0.023688 0.0383896 0.127037 -0.0496118 0.120075 -0.123567 1.63771 -0.0848572 -0.487895 -0.173831 -0.612687 -0.0325348 0.00624394 -0.743157 -1.54151 0.00397778 -0.309761 -0.059052 -0.0700783 
0.0318041 0.0394585 -0.0298765 0.00230192 -0.0468057 0.00125047 -0.0204034 -0.0429987 -0.00126243 0.0193158 -0.023688 0.0383896 0.127034 -0.0496113 0.120075 -0.123567 1.63771 -0.0848584 -0.487895 -0.173831 -0.612687 -0.0325353 0.0102489 -0.743128 -1.54219 0.00390875 -0.309761 -0.0588138 -0.0700819 
0.0318041 0.0394504 -0.0298765 0.00230565 -0.0468057 0.00125047 -0.0204282 -0.0429987 -0.00126243 0.0193158 -0.023688 0.0383896 0.127034 -0.0496113 0.120075 -0.123566 1.63771 -0.0848584 -0.487895 -0.173831 -0.612687 -0.0325348 0.0135536 -0.743107 -1.54257 0.00382161 -0.309761 -0.0586187 -0.0700783 
0.0318041 0.0394363 -0.0298765 0.00230565 -0.0468083 0.00124568 -0.0204618 -0.0429987 -0.00126243 0.0193158 -0.023688 0.0383896 0.127034 -0.0496113 0.120075 -0.123566 1.63771 -0.0848584 -0.487895 -0.173832 -0.612685 -0.0325217 0.016531 -0.743088 -1.54281 0.00374329 -0.309761 -0.0584381 -0.0700819 
0.0318041 0.0394309 -0.0298765 0.00230565 -0.0468083 0.00124568 -0.0204895 -0.0429987 -0.00126529 0.0193158 -0.023688 0.0383896 0.127034 -0.0496113 0.120075 -0.123566 1.63771 -0.0848584 -0.487896 -0.173831 -0.612683 -0.03251 0.0195816 -0.743074 -1.54298 0.00368547 -0.309761 -0.0582203 -0.0700879 
0.0318067 0.0394198 -0.0298765 0.00230565 -0.0468095 0.00124328 -0.0205142 -0.0429987 -0.00126791 0.0193158 -0.023688 0.0383896 0.127034 -0.0496113 0.120075 -0.123567 1.63771 -0.0848584 -0.487895 -0.173831 -0.612683 -0.0324984 0.0219588 -0.743065 -1.54308 0.00361276 -0.309761 -0.0580001 -0.0700831 
0.0318151 0.0394114 -0.0298765 0.00230565 -0.0468095 0.00124328 -0.0205393 -0.0430098 -0.00126791 0.0193158 -0.023688 0.0383896 0.127034 -0.0496113 0.120074 -0.123566 1.63771 -0.0848582 -0.487896 -0.173831 -0.612681 -0.0324891 0.0240278 -0.743062 -1.54317 0.00346267 -0.309761 -0.0577619 -0.0700844 
0.0318289 0.0394114 -0.0298765 0.00230565 -0.0468108 0.00124088 -0.0205669 -0.0429987 -0.00126791 0.0193158 -0.023688 0.0383896 0.127034 -0.0496113 0.120076 -0.123567 1.63771 -0.0848584 -0.487895 -0.17383 -0.612681 -0.0324829 0.0260704 -0.743062 -1.54328 0.0031873 -0.309761 -0.057434 -0.0700879 
0.0318315 0.0394114 -0.0298765 0.00230565 -0.0468108 0.00124088 -0.0206032 -0.0429987 -0.00127339 0.0193158 -0.023688 0.0383896 0.127034 -0.0496113 0.120075 -0.123566 1.63771 -0.0848584 -0.487895 -0.173832 -0.612681 -0.0324829 0.0276477 -0.74306 -1.54335 0.00295961 -0.309761 -0.0570905 -0.0700831 
0.0318289 0.0394114 -0.0298765 0.00230565 -0.0468108 0.00124088 -0.0206614 -0.0430042 -0.00127649 0.0193158 -0.023688 0.0383896 0.127034 -0.0496113 0.120075 -0.123567 1.63771 -0.0848584 -0.487895 -0.173831 -0.612681 -0.032479 0.0291572 -0.743061 -1.54338 0.00292563 -0.309761 -0.0566478 -0.0700819 
0.0318232 0.0394114 -0.0298765 0.00230565 -0.0468134 0.00123608 -0.0207086 -0.0429903 -0.00127649 0.0193158 -0.023688 0.0383896 0.127034 -0.0496113 0.120075 -0.123566 1.63771 -0.0848584 -0.487895 -0.173831 -0.61268 -0.0324354 0.0302722 -0.743062 -1.5434 0.00291514 -0.309761 -0.0562025 -0.0700819 
0.0318179 0.0394225 -0.0298765 0.00230565 -0.0468147 0.00123369 -0.0207391 -0.0429931 -0.00127912 0.0193158 -0.023688 0.0383896 0.127034 -0.0496113 0.120076 -0.123566 1.63771 -0.0848584 -0.487895 -0.173832 -0.612678 -0.0323184 0.0311463 -0.74306 -1.54341 0.00290537 -0.309761 -0.0557812 -0.0700783 
0.0318067 0.0394225 -0.0298765 0.00230565 -0.0468199 0.00122409 -0.0207558 -0.0429987 -0.00127912 0.0193158 -0.023688 0.0383896 0.127034 -0.0496113 0.120076 -0.123567 1.63771 -0.0848584 -0.487896 -0.173831 -0.612676 -0.0321939 0.0318713 -0.743061 -1.54342 0.00289202 -0.309761 -0.0553205 -0.0700796 
0.0317984 0.0394225 -0.0298793 0.00230565 -0.0468263 0.00121217 -0.0207613 -0.0429987 -0.00128174 0.0193158 -0.023688 0.0383896 0.127034 -0.0496113 0.120077 -0.123567 1.63771 -0.0848584 -0.487895 -0.173831 -0.612675 -0.0320735 0.0323558 -0.743043 -1.54343 0.00288463 -0.309758 -0.054934 -0.0700831 
0.03179 0.0394225 -0.0298765 0.00230565 -0.0468289 0.0012073 -0.0207641 -0.0429958 -0.00128174 0.0193158 -0.023688 0.0383896 0.127034 -0.0496125 0.120076 -0.123566 1.63771 -0.0848584 -0.487895 -0.173831 -0.612674 -0.0320244 0.0327101 -0.743041 -1.54343 0.00287986 -0.309758 -0.054557 -0.0700783 
0.0317788 0.0394253 -0.0298765 0.00230565 -0.0468289 0.0012073 -0.0207641 -0.0429958 -0.00128174 0.0193158 -0.023688 0.0383896 0.127034 -0.0496113 0.120076 -0.123566 1.63771 -0.0848582 -0.487895 -0.173831 -0.612673 -0.0320022 0.0329773 -0.743041 -1.54344 0.00287914 -0.309758 -0.0540867 -0.0700772 
0.0317678 0.0394309 -0.0298765 0.00230565 -0.0468328 0.00120011 -0.0207641 -0.0429958 -0.00128746 0.0193158 -0.023688 0.0383896 0.127034 -0.0496113 0.120076 -0.123567 1.63771 -0.0848582 -0.487895 -0.173832 -0.612671 -0.0319936 0.0331409 -0.743041 -1.54343 0.00287795 -0.309759 -0.053688 -0.0700735 
0.031765 0.0394336 -0.0298765 0.00230565 -0.0468341 0.00119771 -0.0207667 -0.0429987 -0.00129008 0.0193158 -0.023688 0.0383896 0.127034 -0.0496118 0.120076 -0.123567 1.63771 -0.0848584 -0.487895 -0.173831 -0.612671 -0.0319891 0.033268 -0.74304 -1.54344 0.00287664 -0.309758 -0.0533483 -0.0700712 
0.031754 0.0394419 -0.0298765 0.00230192 -0.0468341 0.00119771 -0.0207722 -0.0429987 -0.00129008 0.0193158 -0.023688 0.0383896 0.127034 -0.0496118 0.120077 -0.123567 1.63771 -0.0848584 -0.487896 -0.173831 -0.612671 -0.0319891 0.0333889 -0.743041 -1.54344 0.00287187 -0.309758 -0.0530287 -0.0700651 
0.0317373 0.0394504 -0.0298765 0.00230192 -0.0468341 0.00119771 -0.0207863 -0.0429958 -0.00129008 0.0193158 -0.023688 0.0383896 0.127034 -0.0496118 0.120076 -0.123567 1.63771 -0.0848584 -0.487895 -0.17383 -0.61267 -0.0319891 0.0334992 -0.743041 -1.54344 0.00286508 -0.309758 -0.052799 -0.0700604 
0.031729 0.0394558 -0.0298765 0.00230192 -0.0468341 0.00119771 -0.0207946 -0.0429958 -0.00129008 0.0193158 -0.023688 0.0383896 0.127034 -0.0496125 0.120076 -0.123567 1.63771 -0.0848584 -0.487895 -0.173831 -0.61267 -0.0319901 0.0336468 -0.74304 -1.54344 0.00285971 -0.309759 -0.0526348 -0.0700628 
0.0317178 0.0394558 -0.0298765 0.00230192 -0.0468341 0.00119771 -0.0208001 -0.0429987 -0.00129008 0.0193158 -0.023688 0.0383896 0.127034 -0.0496118 0.120077 -0.123566 1.63771 -0.0848584 -0.487895 -0.173831 -0.612668 -0.0319891 0.0337629 -0.743038 -1.54345 0.0028547 -0.309758 -0.0525415 -0.0700521 
0.0317068 0.0394558 -0.0298765 0.00229818 -0.0468341 0.00119771 -0.0208027 -0.0429987 -0.00129008 0.0193158 -0.023688 0.0383896 0.127034 -0.0496113 0.120077 -0.123566 1.63771 -0.0848582 -0.487895 -0.173831 -0.612667 -0.0319862 0.0337946 -0.743036 -1.54345 0.00284803 -0.309758 -0.0525081 -0.0700508 
0.0317068 0.0394558 -0.0298765 0.00229818 -0.0468341 0.00119771 -0.0208058 -0.0429987 -0.00129008 0.0193158 -0.023688 0.0383896 0.127034 -0.0496113 0.120076 -0.123567 1.63771 -0.0848584 -0.487895 -0.17383 -0.612666 -0.0319815 0.0338061 -0.743035 -1.54345 0.00284624 -0.309758 -0.0524853 -0.0700544 
0.0317013 0.0394641 -0.0298765 0.00229818 -0.0468341 0.00119771 -0.0208058 -0.0429958 -0.00129294 0.0193158 -0.023688 0.0383896 0.127034 -0.0496113 0.120077 -0.123566 1.63771 -0.0848584 -0.487895 -0.17383 -0.612665 -0.0319793 0.0338109 -0.743036 -1.54345 0.00284362 -0.309758 -0.0524746 -0.0700521 
0.0316985 0.0394641 -0.0298765 0.00229818 -0.0468341 0.00119771 -0.0208058 -0.0429958 -0.00129294 0.0193158 -0.023688 0.0383896 0.127034 -0.0496118 0.120076 -0.123566 1.63771 -0.0848584 -0.487895 -0.173831 -0.612666 -0.0319777 0.0338154 -0.743037 -1.54345 0.00284123 -0.309759 -0.052465 -0.0700569 
0.0316763 0.0394753 -0.0298765 0.00229818 -0.0468341 0.00119771 -0.0208085 -0.0429931 -0.00129294 0.0193158 -0.023688 0.0383896 0.127034 -0.0496113 0.120077 -0.123565 1.63771 -0.0848584 -0.487895 -0.173831 -0.612667 -0.0319753 0.0338221 -0.743038 -1.54345 0.00283754 -0.309759 -0.052465 -0.0700879 
0.0316679 0.0394864 -0.0298765 0.00229818 -0.0468341 0.00119771 -0.0208139 -0.0429931 -0.00129294 0.0193158 -0.023688 0.0383896 0.127034 -0.0496118 0.120076 -0.123566 1.63771 -0.0848584 -0.487895 -0.173831 -0.612666 -0.0319743 0.0338283 -0.743038 -1.54346 0.00283515 -0.309758 -0.052465 -0.0701358 
0.0316513 0.0394948 -0.0298765 0.00229818 -0.0468341 0.00119771 -0.0208139 -0.0429903 -0.00129008 0.0193158 -0.023688 0.0383896 0.127034 -0.0496118 0.120076 -0.123567 1.63771 -0.0848582 -0.487895 -0.17383 -0.612666 -0.0319743 0.0338356 -0.743037 -1.54346 0.00283456 -0.309758 -0.052465 -0.07021 
0.0316348 0.0394948 -0.0298765 0.00229818 -0.0468341 0.00119771 -0.0208168 -0.0429931 -0.00129008 0.0193158 -0.023688 0.0383896 0.127034 -0.0496113 0.120077 -0.123566 1.63771 -0.0848584 -0.487895 -0.173831 -0.612665 -0.0319734 0.0338423 -0.743037 -1.54346 0.00283277 -0.309758 -0.0524614 -0.0703022 
0.0316291 0.039489 -0.0298765 0.00229818 -0.0468341 0.00119771 -0.0208168 -0.0429958 -0.00129294 0.0193158 -0.023688 0.0383896 0.127034 -0.0496125 0.120077 -0.123566 1.63771 -0.0848584 -0.487895 -0.173832 -0.612664 -0.0319734 0.0338435 -0.743035 -1.54346 0.00283349 -0.309758 -0.0524567 -0.0704506 
0.0316262 0.039489 -0.0298765 0.00229818 -0.0468341 0.00119771 -0.0208168 -0.0429987 -0.00129008 0.0193158 -0.023688 0.0383896 0.127034 -0.0496113 0.120076 -0.123566 1.63771 -0.0848584 -0.487896 -0.17383 -0.612664 -0.0319734 0.0338452 -0.743034 -1.54346 0.00283277 -0.309758 -0.0524627 -0.0706384 
0.0316262 0.039489 -0.0298765 0.00229818 -0.0468341 0.00119771 -0.0208197 -0.0429958 -0.00129008 0.0193158 -0.023688 0.0383896 0.127034 -0.0496125 0.120077 -0.123567 1.63771 -0.0848606 -0.487895 -0.173831 -0.612664 -0.0319734 0.0338452 -0.743034 -1.54346 0.00283277 -0.309758 -0.0524627 -0.0708299 
0.0316262 0.039489 -0.0298765 0.00229818 -0.0468341 0.00119771 -0.0208168 -0.0429958 -0.00129008 0.0193158 -0.023688 0.0383896 0.127034 -0.0496118 0.120076 -0.123566 1.63771 -0.0848584 -0.487895 -0.173832 -0.612664 -0.0319734 0.0338452 -0.743034 -1.54346 0.00283277 -0.309758 -0.0524687 -0.0710633 
0.0316291 0.0394948 -0.0298765 0.00229818 -0.0468341 0.00119771 -0.0208197 -0.0429931 -0.00129008 0.0193158 -0.023688 0.0383896 0.127034 -0.0496118 0.120076 -0.123567 1.63771 -0.0848584 -0.487895 -0.173831 -0.612664 -0.0319734 0.0338464 -0.743034 -1.54347 0.00283146 -0.309758 -0.0524663 -0.0713529 
0.0316291 0.0394948 -0.0298765 0.00229818 -0.0468341 0.00119771 -0.0208168 -0.0429931 -0.00129008 0.0193158 -0.023688 0.0383896 0.127034 -0.0496118 0.120076 -0.123566 1.63771 -0.0848584 -0.487895 -0.173831 -0.612664 -0.0319734 0.0338483 -0.743034 -1.54346 0.00283217 -0.309758 -0.052459 -0.0716449 
0.0316262 0.039489 -0.0298765 0.00229818 -0.0468341 0.00119771 -0.0208168 -0.0429931 -0.00129008 0.0193158 -0.023688 0.0383896 0.127032 -0.0496113 0.120076 -0.123566 1.63771 -0.0848584 -0.487895 -0.173831 -0.612664 -0.0319734 0.0338483 -0.743034 -1.54346 0.00283217 -0.309758 -0.052459 -0.0719621 
0.0316262 0.039489 -0.0298765 0.00229818 -0.0468341 0.00119771 -0.0208197 -0.0429931 -0.00129294 0.0193158 -0.023688 0.0383896 0.127032 -0.0496118 0.120076 -0.123567 1.63771 -0.0848584 -0.487895 -0.173832 -0.612664 -0.0319734 0.0338483 -0.743034 -1.54347 0.00283146 -0.309758 -0.0524603 -0.0723929 
0.0316291 0.039489 -0.0298765 0.00229818 -0.0468341 0.00119771 -0.0208168 -0.0429931 -0.00129008 0.0193158 -0.023688 0.0383896 0.127034 -0.0496118 0.120077 -0.123567 1.63771 -0.0848582 -0.487895 -0.173831 -0.612664 -0.0319734 0.0338483 -0.743035 -1.54347 0.00283146 -0.309758 -0.0524518 -0.0728333 
0.0316262 0.039489 -0.0298765 0.00229818 -0.0468341 0.00119771 -0.0208168 -0.0429958 -0.00129008 0.0193158 -0.023688 0.0383896 0.127032 -0.0496118 0.120077 -0.123566 1.63771 -0.0848584 -0.487895 -0.173831 -0.612664 -0.0319734 0.033849 -0.743035 -1.54347 0.00283217 -0.309758 -0.0524518 -0.0734903 
0.0316291 0.039489 -0.0298765 0.00229818 -0.0468341 0.00119771 -0.0208168 -0.0429931 -0.00129008 0.0193158 -0.023688 0.0383896 0.127034 -0.0496118 0.120077 -0.123567 1.63771 -0.0848582 -0.487896 -0.173832 -0.612664 -0.0319734 0.0338483 -0.743035 -1.54347 0.00283277 -0.309759 -0.0524446 -0.0741031 
0.0316262 0.039489 -0.0298765 0.00229818 -0.0468328 0.0011953 -0.0208168 -0.0429931 -0.00129008 0.0193158 -0.023688 0.0383896 0.127034 -0.0496113 0.120075 -0.123567 1.63771 -0.0848584 -0.487896 -0.173831 -0.612663 -0.0319722 0.033849 -0.743036 -1.54347 0.00283217 -0.309758 -0.0524495 -0.0748212 
0.0316262 0.0395001 -0.0298765 0.00229818 -0.0468328 0.0011953 -0.0208168 -0.0429931 -0.00129008 0.0193158 -0.023688 0.0383896 0.127034 -0.0496137 0.120077 -0.123567 1.63771 -0.0848572 -0.487895 -0.173831 -0.612664 -0.0319722 0.0338502 -0.743034 -1.54347 0.00283217 -0.309758 -0.0524518 -0.0756146 
0.0316207 0.0395001 -0.0298765 0.00229818 -0.0468328 0.0011953 -0.0208197 -0.0429958 -0.00129008 0.0193158 -0.023688 0.0383896 0.127032 -0.0496125 0.120076 -0.123566 1.63771 -0.0848584 -0.487895 -0.173832 -0.612664 -0.0319715 0.0338502 -0.743034 -1.54346 0.00283146 -0.309758 -0.0524459 -0.0763506 
0.0316069 0.0395031 -0.0298765 0.00229818 -0.0468328 0.0011953 -0.0208249 -0.0429958 -0.00129008 0.0193158 -0.023688 0.0383896 0.127034 -0.0496125 0.120077 -0.123567 1.63771 -0.0848582 -0.487895 -0.173831 -0.612664 -0.0319722 0.0338511 -0.743034 -1.54347 0.00283039 -0.309758 -0.0524518 -0.0771692 
0.0315957 0.0395031 -0.0298765 0.00229818 -0.0468302 0.00119049 -0.0208249 -0.0429987 -0.00129008 0.0193158 -0.023688 0.0383896 0.127034 -0.0496125 0.120076 -0.123567 1.63771 -0.0848582 -0.487896 -0.173831 -0.612664 -0.0319722 0.0338502 -0.743034 -1.54347 0.00283277 -0.309758 -0.0524435 -0.0782271 
0.0315819 0.0395113 -0.0298765 0.00229818 -0.0468302 0.00119049 -0.0208249 -0.0429987 -0.00129008 0.0193158 -0.023688 0.0383896 0.127034 -0.0496118 0.120076 -0.123566 1.63771 -0.0848584 -0.487895 -0.173832 -0.612664 -0.0319722 0.0338502 -0.743034 -1.54347 0.00283146 -0.309758 -0.0524291 -0.0792504 
0.0315709 0.0395169 -0.0298765 0.00229818 -0.0468302 0.00119049 -0.020828 -0.0429987 -0.00129294 0.0193158 -0.023688 0.0383896 0.127034 -0.0496118 0.120076 -0.123567 1.63771 -0.0848584 -0.487895 -0.173831 -0.612663 -0.0319722 0.0338502 -0.743033 -1.54347 0.00283277 -0.309758 -0.052398 -0.0804005 
0.0315597 0.0395169 -0.0298765 0.00229818 -0.0468289 0.00118808 -0.0208333 -0.0429903 -0.00129294 0.0193158 -0.023688 0.0383896 0.127034 -0.0496113 0.120077 -0.123566 1.63771 -0.0848584 -0.487896 -0.173831 -0.612663 -0.0319705 0.0338511 -0.743032 -1.54347 0.00283146 -0.309758 -0.052343 -0.0815231 
0.0315542 0.0395169 -0.0298765 0.00229818 -0.0468302 0.00118568 -0.0208333 -0.0429903 -0.00129294 0.0193158 -0.023688 0.0383896 0.127034 -0.0496125 0.120076 -0.123567 1.63771 -0.0848596 -0.487895 -0.173831 -0.612662 -0.0319705 0.0338502 -0.743032 -1.54347 0.00283217 -0.309758 -0.052307 -0.0826864 
0.0315459 0.0395253 -0.0298765 0.00229818 -0.0468328 0.00118089 -0.020839 -0.0429847 -0.00129294 0.0193158 -0.023688 0.0383896 0.127034 -0.0496125 0.120076 -0.123566 1.63771 -0.0848572 -0.487895 -0.17383 -0.612663 -0.0319705 0.0338511 -0.743033 -1.54347 0.00283217 -0.309758 -0.0522796 -0.084053 
0.0315459 0.0395253 -0.0298765 0.00229818 -0.0468328 0.00118089 -0.0208418 -0.0429847 -0.00129294 0.0193158 -0.023688 0.0383896 0.127034 -0.0496118 0.120076 -0.123567 1.63771 -0.0848584 -0.487895 -0.173831 -0.612663 -0.0319705 0.0338511 -0.743034 -1.54347 0.00283146 -0.309758 -0.0522711 -0.085215 
0.0315459 0.0395253 -0.0298765 0.00229818 -0.0468328 0.00118089 -0.0208418 -0.0429847 -0.00129294 0.0193158 -0.023688 0.0383896 0.127034 -0.0496118 0.120077 -0.123566 1.63771 -0.0848584 -0.487895 -0.173831 -0.612663 -0.0319705 0.0338511 -0.743033 -1.54347 0.00283146 -0.309758 -0.0522603 -0.0862551 
0.0315459 0.0395253 -0.0298765 0.00229818 -0.0468328 0.00118089 -0.0208418 -0.0429847 -0.00129294 0.0193158 -0.023688 0.0383896 0.127034 -0.0496118 0.120076 -0.123567 1.63771 -0.0848584 -0.487896 -0.173831 -0.612663 -0.0319705 0.0338511 -0.743034 -1.54347 0.00283146 -0.309758 -0.0522592 -0.0872532 
0.0315459 0.0395224 -0.0298765 0.00229818 -0.0468328 0.00118089 -0.0208418 -0.0429847 -0.00129294 0.0193158 -0.023688 0.0383896 0.127034 -0.0496118 0.120076 -0.123567 1.63771 -0.0848584 -0.487896 -0.173831 -0.612663 -0.0319705 0.0338502 -0.743032 -1.54347 0.00283146 -0.309758 -0.0522532 -0.088043 
0.0315487 0.0395224 -0.0298765 0.00229818 -0.0468315 0.00118809 -0.020839 -0.0429903 -0.00129294 0.0193158 -0.023688 0.0383896 0.127034 -0.0496118 0.120077 -0.123567 1.63771 -0.0848584 -0.487895 -0.173832 -0.612663 -0.0319705 0.0338511 -0.743033 -1.54347 0.00283146 -0.309758 -0.0522424 -0.0887683 
0.0315487 0.0395224 -0.0298765 0.00229818 -0.0468315 0.00118809 -0.020839 -0.0429931 -0.00129294 0.0193158 -0.023688 0.0383896 0.127032 -0.0496125 0.120076 -0.123566 1.63771 -0.0848584 -0.487895 -0.173832 -0.612663 -0.0319705 0.0338502 -0.743032 -1.54347 0.00283277 -0.309758 -0.0522377 -0.0894037 
0.0315487 0.0395169 -0.0298765 0.00229818 -0.0468315 0.00118809 -0.020839 -0.0429931 -0.00129008 0.0193158 -0.023688 0.0383896 0.127034 -0.0496118 0.120077 -0.123566 1.63771 -0.0848582 -0.487895 -0.173831 -0.612663 -0.0319705 0.0338502 -0.743032 -1.54347 0.00283146 -0.309758 -0.0522305 -0.0899974 
0.0315542 0.0395169 -0.0298765 0.00229818 -0.0468315 0.00118809 -0.020839 -0.0429931 -0.00129294 0.0193158 -0.023688 0.0383896 0.127034 -0.0496118 0.120076 -0.123567 1.63771 -0.0848582 -0.487895 -0.173831 -0.612663 -0.0319715 0.0338511 -0.743033 -1.54347 0.00283277 -0.309758 -0.0522233 -0.0904007 
0.0315568 0.0395169 -0.0298765 0.00229818 -0.0468315 0.00118809 -0.0208333 -0.0429931 -0.00129008 0.0193158 -0.023688 0.0383896 0.127034 -0.0496118 0.120076 -0.123566 1.63771 -0.0848584 -0.487895 -0.173831 -0.612663 -0.0319705 0.0338502 -0.743034 -1.54347 0.00283217 -0.309758 -0.0522017 -0.0907022 
0.0315681 0.0395113 -0.0298765 0.00229818 -0.0468341 0.0011929 -0.0208333 -0.0429931 -0.00129294 0.0193158 -0.023688 0.0383896 0.127032 -0.0496118 0.120076 -0.123567 1.63771 -0.0848584 -0.487895 -0.173831 -0.612663 -0.0319705 0.0338511 -0.743034 -1.54347 0.00283277 -0.309759 -0.0521586 -0.0909105 
0.0315847 0.0395031 -0.0298765 0.00229818 -0.0468341 0.0011929 -0.0208333 -0.0429903 -0.00129294 0.0193158 -0.023688 0.0383896 0.127034 -0.0496113 0.120076 -0.123567 1.63771 -0.0848584 -0.487895 -0.173831 -0.612663 -0.0319705 0.0338502 -0.743033 -1.54347 0.00283146 -0.309759 -0.0520736 -0.0909787 
0.0316014 0.0395031 -0.0298765 0.00229818 -0.0468341 0.0011929 -0.0208249 -0.0429765 -0.00129294 0.0193158 -0.023688 0.0383896 0.127034 -0.0496125 0.120076 -0.123566 1.63771 -0.0848584 -0.487895 -0.173831 -0.612663 -0.0319705 0.0338502 -0.743034 -1.54347 0.00283146 -0.309758 -0.0519311 -0.0910146 
0.0316095 0.0395001 -0.0298765 0.00229818 -0.0468354 0.00119531 -0.0208197 -0.0429987 -0.00129294 0.0193158 -0.023688 0.0383896 0.127034 -0.0496113 0.120076 -0.123566 1.63771 -0.0848584 -0.487895 -0.173831 -0.612663 -0.0319705 0.0338502 -0.743034 -1.54347 0.00283217 -0.309758 -0.0517662 -0.0910314 
0.0316207 0.0395031 -0.0298765 0.00229818 -0.0468354 0.00119531 -0.0208139 -0.0429958 -0.00129294 0.0193158 -0.023688 0.0383896 0.127034 -0.0496118 0.120077 -0.123566 1.63771 -0.0848584 -0.487895 -0.173831 -0.612663 -0.0319705 0.033849 -0.743034 -1.54347 0.00283217 -0.309759 -0.0515531 -0.0910409 
0.0316207 0.0395031 -0.0298765 0.00229818 -0.0468354 0.00119531 -0.0208139 -0.0429987 -0.00129294 0.0193158 -0.023688 0.0383896 0.127034 -0.0496113 0.120077 -0.123566 1.63771 -0.0848584 -0.487896 -0.173831 -0.612662 -0.0319715 0.0338483 -0.743034 -1.54347 0.00283277 -0.309758 -0.0513628 -0.0910493 
0.0316207 0.0395031 -0.0298765 0.00229818 -0.0468354 0.00119531 -0.0208168 -0.0429987 -0.00129294 0.0193158 -0.023688 0.0383896 0.127034 -0.0496118 0.120077 -0.123566 1.63771 -0.0848582 -0.487895 -0.173831 -0.612663 -0.0319715 0.0338483 -0.743034 -1.54347 0.00283039 -0.309758 -0.0511929 -0.0910553 
0.0316153 0.0395031 -0.0298765 0.00229818 -0.0468341 0.0011929 -0.0208168 -0.0429958 -0.00129008 0.0193158 -0.023688 0.0383896 0.127034 -0.0496118 0.120076 -0.123566 1.63771 -0.0848584 -0.487895 -0.173831 -0.612662 -0.0319705 0.033849 -0.743033 -1.54347 0.00283217 -0.309758 -0.0510876 -0.0910577 
0.0316095 0.0395031 -0.0298765 0.00229818 -0.0468315 0.00118809 -0.0208197 -0.0429958 -0.00129008 0.0193158 -0.023688 0.0383896 0.127034 -0.0496118 0.120077 -0.123567 1.63771 -0.0848584 -0.487895 -0.173831 -0.612662 -0.0319705 0.033849 -0.743034 -1.54347 0.00283217 -0.309758 -0.051029 -0.0910541 
0.0315957 0.0395031 -0.0298765 0.00229818 -0.0468315 0.00118809 -0.0208249 -0.0429958 -0.00129008 0.0193158 -0.023688 0.0383896 0.127034 -0.0496125 0.120077 -0.123566 1.63771 -0.0848584 -0.487895 -0.173831 -0.612662 -0.03197 0.033849 -0.743034 -1.54347 0.00283277 -0.309758 -0.0509943 -0.0910493 
0.0315931 0.0395031 -0.0298765 0.00229818 -0.0468315 0.00118809 -0.020828 -0.0429903 -0.00129008 0.0193158 -0.023688 0.0383896 0.127034 -0.0496113 0.120077 -0.123567 1.63771 -0.0848582 -0.487895 -0.173831 -0.612663 -0.03197 0.0338502 -0.743034 -1.54347 0.00283217 -0.309758 -0.0509715 -0.0910386 
0.0315931 0.0395031 -0.0298765 0.00229818 -0.0468315 0.00118809 -0.020828 -0.0429931 -0.00129008 0.0193158 -0.023688 0.0383896 0.127034 -0.0496118 0.120076 -0.123566 1.63771 -0.0848584 -0.487895 -0.173831 -0.612663 -0.03197 0.0338511 -0.743033 -1.54347 0.00283146 -0.309758 -0.0509547 -0.0910326 
0.0315931 0.0395031 -0.0298765 0.00229818 -0.0468315 0.00118809 -0.020828 -0.0429903 -0.00129008 0.0193158 -0.023688 0.0383896 0.127034 -0.0496125 0.120077 -0.123566 1.63771 -0.0848584 -0.487895 -0.173831 -0.612663 -0.0319705 0.0338511 -0.743033 -1.54347 0.00283217 -0.309759 -0.0509487 -0.0910349 
0.0315957 0.0395031 -0.0298765 0.00229818 -0.0468315 0.00118809 -0.0208249 -0.0429847 -0.00129294 0.0193158 -0.023688 0.0383896 0.127034 -0.0496118 0.120076 -0.123566 1.63771 -0.0848584 -0.487895 -0.173831 -0.612662 -0.03197 0.0338511 -0.743032 -1.54347 0.00283146 -0.309758 -0.0509403 -0.0910373 
0.0315957 0.0395086 -0.0298765 0.00229818 -0.0468315 0.00118809 -0.0208249 -0.0429847 -0.00129008 0.0193158 -0.023688 0.0383896 0.127034 -0.0496118 0.120076 -0.123566 1.63771 -0.0848584 -0.487895 -0.17383 -0.612663 -0.0319705 0.0338511 -0.743032 -1.54347 0.00283277 -0.309758 -0.0509392 -0.0910553 
0.0315957 0.0395113 -0.0298765 0.00229818 -0.0468315 0.00118809 -0.0208249 -0.0429903 -0.00129008 0.0193158 -0.023688 0.0383896 0.127034 -0.0496118 0.120077 -0.123567 1.63771 -0.0848584 -0.487895 -0.173831 -0.612663 -0.03197 0.0338502 -0.743034 -1.54347 0.00283146 -0.309758 -0.0509356 -0.0910924 
0.0315931 0.0395113 -0.0298765 0.00229818 -0.0468315 0.00118809 -0.0208249 -0.0429903 -0.00129008 0.0193158 -0.023688 0.0383896 0.127034 -0.0496125 0.120077 -0.123567 1.63771 -0.0848584 -0.487895 -0.17383 -0.612662 -0.0319705 0.0338511 -0.743034 -1.54347 0.00283277 -0.309758 -0.0509319 -0.0911283 
0.0315931 0.0395142 -0.0298765 0.00229818 -0.0468315 0.00118809 -0.0208249 -0.0429903 -0.00129008 0.0193158 -0.023688 0.0383896 0.127034 -0.0496118 0.120076 -0.123566 1.63771 -0.0848584 -0.487895 -0.173831 -0.612663 -0.0319705 0.0338511 -0.743033 -1.54347 0.00283217 -0.309759 -0.0508996 -0.0911558 
0.0315847 0.0395113 -0.0298765 0.00229818 -0.0468315 0.00118809 -0.020828 -0.0429931 -0.00129008 0.0193158 -0.023688 0.0383896 0.127034 -0.0496113 0.120076 -0.123567 1.63771 -0.0848565 -0.487896 -0.173831 -0.612663 -0.03197 0.0338511 -0.743032 -1.54347 0.00283217 -0.309758 -0.0508146 -0.0911726 
0.0315819 0.0395031 -0.0298765 0.00229818 -0.0468315 0.00118809 -0.0208333 -0.0429931 -0.00129008 0.0193158 -0.023688 0.0383896 0.127034 -0.0496113 0.120077 -0.123565 1.63771 -0.0848584 -0.487895 -0.173832 -0.612663 -0.0319705 0.0338511 -0.743033 -1.54347 0.00283039 -0.309759 -0.0506854 -0.0911869 
0.0315764 0.0395031 -0.0298765 0.00229818 -0.0468315 0.00118809 -0.0208333 -0.0429903 -0.00129008 0.0193158 -0.023688 0.0383896 0.127034 -0.0496125 0.120076 -0.123566 1.63771 -0.0848584 -0.487896 -0.173831 -0.612663 -0.03197 0.0338511 -0.743033 -1.54347 0.00283217 -0.309758 -0.0505861 -0.0912181 
0.0315819 0.0395031 -0.0298765 0.00229818 -0.0468315 0.00118809 -0.0208333 -0.0429903 -0.00129008 0.0193158 -0.023688 0.0383896 0.127034 -0.0496118 0.120077 -0.123566 1.63771 -0.0848582 -0.487896 -0.173831 -0.612663 -0.03197 0.0338511 -0.743032 -1.54347 0.00283146 -0.309758 -0.0505036 -0.0913281 
0.0315847 0.0395031 -0.0298765 0.00229818 -0.0468315 0.00118809 -0.0208333 -0.0429903 -0.00129008 0.0193158 -0.023688 0.0383896 0.127034 -0.0496118 0.120077 -0.123567 1.63771 -0.0848582 -0.487895 -0.173831 -0.612663 -0.0319705 0.0338511 -0.743031 -1.54347 0.00283146 -0.309758 -0.050464 -0.0914215 
0.0315931 0.0395031 -0.0298765 0.00229818 -0.0468315 0.00118809 -0.0208306 -0.0429903 -0.00129008 0.0193158 -0.023688 0.0383896 0.127034 -0.0496118 0.120077 -0.123567 1.63771 -0.0848584 -0.487895 -0.17383 -0.612663 -0.03197 0.0338511 -0.743031 -1.54347 0.00283217 -0.309758 -0.0504496 -0.0916561 
0.0315957 0.0395001 -0.0298765 0.00229818 -0.0468341 0.0011929 -0.0208249 -0.0429903 -0.00129008 0.0193158 -0.023688 0.0383896 0.127034 -0.0496118 0.120076 -0.123566 1.63771 -0.0848584 -0.487895 -0.173832 -0.612663 -0.0319705 0.0338511 -0.743032 -1.54347 0.00283277 -0.309758 -0.050445 -0.0917686 
0.0316069 0.0395001 -0.0298765 0.00229818 -0.0468341 0.0011929 -0.0208249 -0.0429987 -0.00129008 0.0193158 -0.023688 0.0383896 0.127034 -0.0496118 0.120077 -0.123566 1.63771 -0.0848582 -0.487896 -0.173831 -0.612663 -0.0319705 0.0338511 -0.743032 -1.54347 0.00283217 -0.309758 -0.0504413 -0.0919708 
0.0316153 0.0395001 -0.0298765 0.00229818 -0.0468341 0.0011929 -0.0208197 -0.0429987 -0.00129008 0.0193158 -0.023688 0.0383896 0.127034 -0.0496125 0.120076 -0.123567 1.63771 -0.0848584 -0.487896 -0.173831 -0.612663 -0.03197 0.0338511 -0.743032 -1.54347 0.00283217 -0.309758 -0.0504413 -0.0920559 
0.0316207 0.0394948 -0.0298765 0.00229818 -0.0468341 0.0011929 -0.0208197 -0.0429987 -0.00129008 0.0193158 -0.023688 0.0383896 0.127034 -0.0496118 0.120077 -0.123567 1.63771 -0.0848582 -0.487895 -0.173831 -0.612663 -0.03197 0.0338526 -0.743032 -1.54347 0.00283217 -0.309758 -0.050439 -0.0920977 
0.0316207 0.0394948 -0.0298765 0.00229818 -0.0468341 0.0011929 -0.0208168 -0.0429987 -0.00129008 0.0193158 -0.023688 0.0383896 0.127034 -0.0496137 0.120076 -0.123566 1.63771 -0.0848584 -0.487895 -0.173831 -0.612663 -0.03197 0.0338526 -0.743032 -1.54347 0.00283217 -0.309759 -0.0504377 -0.0921288 
0.0316236 0.039489 -0.0298765 0.00229818 -0.0468341 0.0011929 -0.0208139 -0.0429987 -0.00129008 0.0193158 -0.023688 0.0383896 0.127034 -0.0496118 0.120076 -0.123566 1.63771 -0.0848584 -0.487895 -0.173831 -0.612663 -0.0319705 0.0338526 -0.743032 -1.54347 0.00283146 -0.309758 -0.0504353 -0.0921503 
0.0316236 0.039489 -0.029871 0.00229818 -0.0468341 0.0011929 -0.0208139 -0.0429987 -0.00129008 0.0193158 -0.023688 0.0383896 0.127034 -0.0496113 0.120076 -0.123566 1.63771 -0.0848596 -0.487895 -0.173831 -0.612662 -0.03197 0.0338526 -0.743031 -1.54347 0.00283217 -0.309758 -0.0504317 -0.0921456 
0.0316236 0.0394864 -0.029871 0.00229818 -0.0468341 0.0011929 -0.0208139 -0.0429903 -0.00129008 0.0193158 -0.023688 0.0383896 0.127034 -0.0496125 0.120076 -0.123566 1.63771 -0.0848584 -0.487895 -0.173832 -0.612663 -0.03197 0.0338511 -0.743031 -1.54347 0.00283146 -0.309758 -0.0504317 -0.0921503 
0.0316153 0.0394864 -0.0298765 0.00229818 -0.0468341 0.0011929 -0.0208139 -0.0429987 -0.00129008 0.0193158 -0.023688 0.0383896 0.127034 -0.0496113 0.120076 -0.123566 1.63771 -0.0848584 -0.487895 -0.17383 -0.612663 -0.0319705 0.0338511 -0.743031 -1.54347 0.00283146 -0.309758 -0.0504282 -0.0920725 
0.0316153 0.039489 -0.0298765 0.00229818 -0.0468341 0.0011929 -0.0208168 -0.0429958 -0.00129008 0.0193158 -0.023688 0.0383896 0.127034 -0.0496125 0.120077 -0.123566 1.63771 -0.0848584 -0.487895 -0.173831 -0.612663 -0.03197 0.0338511 -0.743031 -1.54347 0.00283146 -0.309759 -0.0504317 -0.0919876 
0.0316153 0.0394948 -0.029871 0.00229818 -0.0468341 0.0011929 -0.0208168 -0.0429931 -0.00129008 0.0193158 -0.023688 0.0383896 0.127034 -0.0496118 0.120077 -0.123566 1.63771 -0.0848584 -0.487895 -0.173831 -0.612664 -0.03197 0.0338511 -0.743031 -1.54347 0.00283146 -0.309758 -0.0504282 -0.0917925 
0.0316153 0.0394948 -0.0298765 0.00229818 -0.0468341 0.0011929 -0.0208197 -0.0429847 -0.00129008 0.0193158 -0.023688 0.0383896 0.127034 -0.0496125 0.120077 -0.123566 1.63771 -0.0848584 -0.487896 -0.173831 -0.612663 -0.03197 0.0338511 -0.743031 -1.54347 0.00283217 -0.309758 -0.0504317 -0.0915604 
0.0316126 0.0394948 -0.0298765 0.00229818 -0.0468341 0.0011929 -0.0208197 -0.0429931 -0.00129008 0.0193158 -0.023688 0.0383896 0.127034 -0.0496118 0.120077 -0.123567 1.63771 -0.0848584 -0.487895 -0.173831 -0.612663 -0.03197 0.0338511 -0.743031 -1.54347 0.00283146 -0.309758 -0.0504305 -0.091266 
0.0316095 0.0394948 -0.0298765 0.00229818 -0.0468341 0.0011929 -0.0208197 -0.0429931 -0.00129008 0.0193158 -0.023688 0.0383896 0.127034 -0.0496125 0.120076 -0.123566 1.63771 -0.0848584 -0.487895 -0.173831 -0.612663 -0.03197 0.0338511 -0.743031 -1.54347 0.00283217 -0.309758 -0.0504282 -0.0910349 
0.0316069 0.0394975 -0.0298765 0.00229818 -0.0468341 0.0011929 -0.0208249 -0.0429903 -0.00129008 0.0193158 -0.023688 0.0383896 0.127034 -0.0496125 0.120077 -0.123567 1.63771 -0.0848582 -0.487895 -0.173831 -0.612663 -0.03197 0.0338526 -0.743033 -1.54347 0.00283146 -0.309759 -0.0504317 -0.0907418 
0.0316069 0.0395031 -0.0298765 0.00229818 -0.0468315 0.00118809 -0.0208249 -0.0429931 -0.00129008 0.0193158 -0.023688 0.0383896 0.127034 -0.0496137 0.120076 -0.123567 1.63771 -0.0848584 -0.487895 -0.173831 -0.612663 -0.03197 0.0338511 -0.743032 -1.54347 0.00283146 -0.309758 -0.0504282 -0.0905347 
